Title,Address,City,Price,Bedroom,Bathroom,Floors,Parking,Face,Year,Views,Area,Road,Road Width,Road Type,Build Area,Posted,Amenities,Place,Property_Type,Area_Sqft
"Flat System House On Sale At Budhanikantha : House For Sale In Budhanilkantha, Kathmandu","Budhanikantha, Budhanilkantha, Kathmandu",Kathmandu,90000000,6,3,2.0,10,West,2073.0,17,1-0-0-0 Aana,20 Feet / Blacktopped,20 Feet , Blacktopped,18-0-0-0 Aana,11 hours ago,"['Parking', 'Lawn', 'Garage', 'Frontyard', 'Fencing', 'Balcony', 'Backyard', 'Modular Kitchen', 'Garden', 'Water Supply', 'Drainage', 'Water Tank', 'Wifi', 'Water Well', 'Solar Water', 'TV Cable']","Flat System House On Sale At Budhanikantha : House For Sale In Budhanilkantha,",Flat,5476.0
"21 Aana Beautiful House : House For Sale In Budhanilkantha, Kathmandu","Pasikot, Budhanilkantha, Kathmandu",Kathmandu,80000000,5,3,2.0,9,East,2073.0,26,0-21-0-0 Aana,20 Feet / Blacktopped,20 Feet , Blacktopped,0-14-0-0 Aana,12 hours ago,"['Parking', 'Garage', 'Fencing', 'Frontyard', 'Balcony', 'Backyard', 'Garden', 'Modular Kitchen', 'Drainage', 'Water Supply', 'Wifi', 'Water Tank', 'Water Well', 'Solar Water', 'TV Cable']","21 Aana Beautiful House : House For Sale In Budhanilkantha,",House,7187.25
"Beautiful To Floor House : House For Sale In Dhapasi, Kathmandu","Dhapasi, Dhapasi, Kathmandu",Kathmandu,70000000,5,3,2.0,12,East,2071.0,154,1-1-0-0 Aana,20 Feet / Blacktopped,20 Feet , Blacktopped,10-1-0-0 Aana,2 days ago,"['Parking', 'Lawn', 'Garage', 'Frontyard', 'Fencing', 'Balcony', 'Backyard', 'Garden', 'Modular Kitchen', 'Water Supply', 'Drainage', 'Wifi', 'Water Tank', 'Water Well', 'Solar Water', 'TV Cable']","Beautiful To Floor House : House For Sale In Dhapasi,",House,5818.25
"Modern Architecture Bungalow House : House For Sale In Baluwatar, Kathmandu","baluwatar, Baluwatar, Kathmandu",Kathmandu,130000000,6,4,3.0,9,West,2017.0,17,0-10-1-0 Aana,20 Feet / Blacktopped,20 Feet , Blacktopped,0-7-1-0 Aana,1 day ago,"['Parking', 'Lawn', 'Garage', 'Frontyard', 'Fencing', 'Balcony', 'Backyard', 'Garden', 'Modular Kitchen', 'Water Supply', 'Drainage', 'Water Tank', 'Water Well', 'Solar Water', 'Wifi', 'TV Cable']","Modern Architecture Bungalow House : House For Sale In Baluwatar,",Bungalow,3508.0625
"Modern Bungalow House : House For Sale In Golfutar, Kathmandu","Golfutar, Golfutar, Kathmandu",Kathmandu,100000000,6,3,2.0,10,East,2070.0,59,0-19-2-0 Aana,20 Feet / Blacktopped,20 Feet , Blacktopped,0-14-2-0 Aana,2 days ago,"['Parking', 'Lawn', 'Garage', 'Balcony', 'Backyard', 'Frontyard', 'Fencing', 'Garden', 'Modular Kitchen', 'TV Cable', 'Wifi', 'Drainage', 'Water Supply', 'Water Tank', 'Solar Water', 'Water Well']","Modern Bungalow House : House For Sale In Golfutar,",Bungalow,6673.875
"Beautiful Bungalow House : House For Sale In Banasthali, Kathmandu","Banasthali, Banasthali, Kathmandu",Kathmandu,100000000,5,6,3.0,9,East,2074.0,92,0-12-3-1 Aana,13 Feet / Blacktopped,13 Feet , Blacktopped,0-8-3-1 Aana,3 days ago,"['Parking', 'Lawn', 'Garage', 'Balcony', 'Backyard', 'Frontyard', 'Fencing', 'Modular Kitchen', 'Garden', 'TV Cable', 'Wifi', 'Drainage', 'Water Supply', 'Water Tank', 'Water Well', 'Solar Water']","Beautiful Bungalow House : House For Sale In Banasthali,",Bungalow,4385.078125
"House For Sale @ Dadathok Lubhu Lalitpur : House For Sale In Lubhu, Lalitpur","Dadathok, Lubhu, Lalitpur",Lalitpur,11000000,3,4,3.0,1,South East,2019.0,317,3-1-1 Aana,11 Feet / Gravelled,11 Feet , Gravelled,N/A Aana,3 days ago,"['Parking', 'Balcony']",House For Sale @ Dadathok Lubhu,House,16855.8125
"Modern House : House For Sale In Budhanilkantha, Kathmandu","Hepali, Budhanilkantha, Kathmandu",Kathmandu,50000000,5,4,2.0,9,East,2073.0,618,0-8-5-0 Aana,20 Feet / Blacktopped,20 Feet , Blacktopped,0-6-5-0 Aana,3 days ago,"['Parking', 'Lawn', 'Garage', 'Frontyard', 'Fencing', 'Balcony', 'Backyard', 'Garden', 'Modular Kitchen', 'Drainage', 'Water Supply', 'Wifi', 'TV Cable', 'Solar Water', 'Water Tank', 'Water Well']","Modern House : House For Sale In Budhanilkantha,",House,3165.8125
"Flat System House : House For Sale In Baluwatar, Kathmandu","baluwatar, Baluwatar, Kathmandu",Kathmandu,100000000,10,8,3.5,5,North,2017.0,110,0-12-3-2 Aana,20 Feet / Blacktopped,20 Feet , Blacktopped,0-9-3-2 Aana,4 days ago,"['Lawn', 'Garage', 'Backyard', 'Balcony', 'Fencing', 'Frontyard', 'Garden', 'Modular Kitchen', 'TV Cable', 'Wifi', 'Drainage', 'Water Supply', 'Solar Water', 'Water Tank', 'Water Well', 'Parking']","Flat System House : House For Sale In Baluwatar,",Flat,4406.46875
"Residential House Sale : House For Sale In Sukedhara, Kathmandu","Nearby Nilo Pool, Sukedhara, Kathmandu",Kathmandu,32500000,6,4,2.5,1,South East,2065.0,2.6K,0-4-0-0 Aana,12 Feet / Concrete,12 Feet , Concrete,2394 Aana,1 month ago,"['Balcony', 'Fencing', 'Garden', 'TV Cable', 'Wifi', 'Drainage', 'Water Supply', 'Water Tank', 'Water Well', 'Electricity Backup', 'Internet', 'Parking', 'Store Room']","Residential House Sale : House For Sale In Sukedhara,",House,1369.0
"Beautiful House For Sale : House For Sale In Lekhnath, Pokhara","4, Lekhnath, Pokhara",Kathmandu,32000000,4,5,3.0,3,South West,2075.0,922,14 Aana,15 Feet / Blacktopped,15 Feet , Blacktopped,7 Aana,3 weeks ago,"['Parking', 'Backyard']",Satdobato,House,4791.5
"House Sale In Budhanilkantha : House For Sale In Chapali, Kathmandu","Budhanilkantha, Chapali, Kathmandu",Kathmandu,39900000,5,4,3.0,1,North West,2075.0,592,0-4-2-0 Aana,14 Feet / Paved,14 Feet , Paved,2500 Aana,1 month ago,"['Parking', 'Balcony', 'Internet']","House Sale In Budhanilkantha : House For Sale In Chapali,",House,1540.125
"Budhanilkantha Mandir 1 Floor Home : House For Sale In Budhanilkantha, Kathmandu","Na, Budhanilkantha, Kathmandu",Kathmandu,15000000,2,2,1.0,1,South,2074.0,766,5 Aana,12 Feet / Gravelled,12 Feet , Gravelled,N/A Aana,1 month ago,['Parking'],"Budhanilkantha Mandir 1 Floor Home : House For Sale In Budhanilkantha,",House,1711.25
"House For Sale , Hepali Height : House For Sale In Budhanilkantha, Kathmandu","Na, Budhanilkantha, Kathmandu",Kathmandu,52500000,5,5,3.0,3,South East,2075.0,872,8 Aana,20 Feet / Blacktopped,20 Feet , Blacktopped,N/A Aana,1 month ago,"['Parking', 'Garage', 'Modular Kitchen', 'Microwave', 'Garden', 'Drainage', 'Water Supply', 'Solar Water', 'Water Well']","House For Sale , Hepali Height : House For Sale In Budhanilkantha,",House,2738.0
"Tokha Grandy Height Home : House For Sale In Budhanilkantha, Kathmandu","Na, Budhanilkantha, Kathmandu",Kathmandu,26500000,6,6,3.0,1,East,2076.0,1.1K,4 Aana,13 Feet / Paved,13 Feet , Paved,N/A Aana,1 month ago,['Parking'],"Tokha Grandy Height Home : House For Sale In Budhanilkantha,",House,1369.0
"Sitapaila Modern Semi Bungalow : House For Sale In Sitapaila, Kathmandu","NA, Sitapaila, Kathmandu",Kathmandu,25500000,6,6,3.0,1,East,2076.0,1.6K,4 Aana,13 Feet / Gravelled,13 Feet , Gravelled,2700 Sq. Feet,1 month ago,['Parking'],"Sitapaila Modern Semi Bungalow : House For Sale In Sitapaila,",Bungalow,1369.0
"2.5 Storey : House For Sale In Narephate, Kathmandu","Nearby CCRC College, Narephate, Kathmandu",Kathmandu,33000000,6,4,2.5,1,East,2056.0,2.8K,0-6-0-0 Aana,20 Feet / Blacktopped,20 Feet , Blacktopped,N/A Aana,2 months ago,"['Lawn', 'Fencing', 'Garden', 'Modular Kitchen', 'TV Cable', 'Wifi', 'Drainage', 'Water Supply', 'Solar Water', 'Water Tank', 'Parking', 'Store Room']","2.5 Storey : House For Sale In Narephate,",House,2053.5
"2.5 Storey House On Sale At Daura Dipo , Checkpost : House For Sale In Thankot, Kathmandu","Daura Dipo, Thankot, Kathmandu",Kathmandu,18500000,4,4,,3,South,,404,6 Aana,13 Feet,13 Feet,,N/A Aana,1 month ago,['Parking'],"2.5 Storey House On Sale At Daura Dipo , Checkpost : House For Sale In Thankot,",House,2053.5
"House For Sale At Kalanki : House For Sale In Kalanki, Kathmandu","khasibazaar, Kalanki, Kathmandu",Kathmandu,62000000,7,4,,3,East,,164,10 Aana,0 Feet,0 Feet,,N/A Aana,1 month ago,[],"House For Sale At Kalanki : House For Sale In Kalanki,",House,3422.5
"House Sale In Lolang Height : House For Sale In Kavresthali, Kathmandu","Lonag height, Kavresthali, Kathmandu",Kathmandu,10500000,0,0,,0,North,,460,0-4-0-0 Aana,10 Feet,10 Feet,,N/A Aana,1 month ago,[],"House Sale In Lolang Height : House For Sale In Kavresthali,",House,1369.0
"House For Sale In Sipadol, Bhaktapur","Sipadol, Sipadol, Bhaktapur",Bhaktapur,20500000,7,3,3.0,1,East,2076.0,3.2K,0-3-2-0 Aana,10 Feet / Gravelled,10 Feet , Gravelled,2100 Sq. Feet,1 month ago,"['Lawn', 'Balcony', 'Fencing', 'TV Cable', 'Wifi', 'Drainage', 'Water Supply', 'Solar Water', 'Water Tank', 'CCTV', 'Internet', 'Parking', 'Store Room']","House For Sale In Sipadol,",House,1197.875
"House For Sale In Radhe Radhe, Bhaktapur","Radhe Radhe, Radhe Radhe, Bhaktapur",Bhaktapur,22000000,0,0,,0,East,,720,0-3-2-0 Aana,20 Feet / Blacktopped,20 Feet , Blacktopped,N/A Sq. Feet,1 month ago,[],"House For Sale In Radhe Radhe,",House,1197.875
"Balaju Commercial Building For Sale : House For Sale In Balaju, Kathmandu","Na, Balaju, Kathmandu",Kathmandu,145000000,95,40,5.0,7,East,2073.0,169,21 Aana,20 Feet / Blacktopped,20 Feet , Blacktopped,N/A Aana,1 month ago,"['Parking', 'Garage']","Balaju Commercial Building For Sale : House For Sale In Balaju,",House,7187.25
"Budhanilkantha Taulung Home : House For Sale In Budhanilkantha, Kathmandu","Na, Budhanilkantha, Kathmandu",Kathmandu,55000000,5,6,3.0,4,South,2071.0,253,19 Aana,20 Feet / Gravelled,20 Feet , Gravelled,N/A Aana,1 month ago,"['Parking', 'Garden']","Budhanilkantha Taulung Home : House For Sale In Budhanilkantha,",House,6502.75
"Semi-Furnished House : House For Sale In Sitapaila, Kathmandu","Ramkot, Sitapaila, Kathmandu",Kathmandu,24000000,4,4,2.5,1,East,2075.0,510,0-4-0-0 Aana,13 Feet / Blacktopped,13 Feet , Blacktopped,2100 Sq. Feet,1 month ago,"['Balcony', 'Fencing', 'Modular Kitchen', 'TV Cable', 'Drainage', 'Water Supply', 'Water Tank', 'Internet', 'Parking']","Semi-Furnished House : House For Sale In Sitapaila,",House,1369.0
"Dhapasi Deurali Janata Najik Ghar : House For Sale In Dhapasi, Kathmandu","Na, Dhapasi, Kathmandu",Kathmandu,37000000,6,6,3.0,3,South East,,178,6.1 Aana,32 Feet,32 Feet,,N/A Aana,1 month ago,"['Parking', 'Garage']","Dhapasi Deurali Janata Najik Ghar : House For Sale In Dhapasi,",House,2087.725
"Golfutar Height 19 Ana Bungalow : House For Sale In Golfutar, Kathmandu","Na, Golfutar, Kathmandu",Kathmandu,102500000,6,6,3.0,4,East,2070.0,208,19 Aana,13 Feet / Blacktopped,13 Feet , Blacktopped,N/A Aana,1 month ago,"['Parking', 'Garage', 'Backyard', 'Balcony', 'Air Condition', 'Frontyard', 'Fencing', 'Garden', 'Modular Kitchen', 'Water Supply', 'Drainage', 'Solar Water', 'Water Well']","Golfutar Height 19 Ana Bungalow : House For Sale In Golfutar,",Bungalow,6502.75
"Newly Constructed : House For Sale In Imadol, Lalitpur","Sital height, Imadol, Lalitpur",Lalitpur,22000000,7,4,3.5,2,South,2076.0,981,0-4-2-0 Aana,13 Feet / Gravelled,13 Feet , Gravelled,2700 Aana,4 months ago,"['Balcony', 'Fencing', 'Modular Kitchen', 'TV Cable', 'Drainage', 'Water Supply', 'Solar Water', 'Water Tank', 'Water Well', 'Electricity Backup', 'Internet', 'Parking', 'Store Room']","Newly Constructed : House For Sale In Imadol,",House,1540.125
"House For Sale In Pepsicola, Kathmandu","Na, Pepsicola, Kathmandu",Kathmandu,58500000,6,6,3.0,2,East,2076.0,318,6.5 Aana,16 Feet / Blacktopped,16 Feet , Blacktopped,N/A Aana,1 month ago,"['Parking', 'Garage']","House For Sale In Pepsicola,",House,2224.625
"House For Sale In Imadol, Lalitpur","Bojepokhari, Imadol, Lalitpur",Lalitpur,18500000,4,3,2.5,1,East,2076.0,596,0-3-0-0 Aana,13 Feet / Gravelled,13 Feet , Gravelled,N/A Sq. Feet,1 month ago,"['Lawn', 'Balcony', 'Fencing', 'Drainage', 'Water Supply', 'Water Tank', 'Store Room']","House For Sale In Imadol,",House,1026.75
"Newly Built House : House For Sale In Imadol, Lalitpur","Bojepokhari, Imadol, Lalitpur",Lalitpur,21000000,4,3,2.5,1,East,2076.0,466,0-3-2-0 Aana,13 Feet / Gravelled,13 Feet , Gravelled,112 Sq. Meter,1 month ago,"['Balcony', 'Fencing', 'Modular Kitchen', 'TV Cable', 'Drainage', 'Water Supply', 'Water Tank', 'Internet', 'Parking', 'Store Room']","Newly Built House : House For Sale In Imadol,",House,1197.875
"Imadol, Swastik Tole House On Sell : House For Sale In Imadol, Lalitpur","Swastik Tole, Imadol, Lalitpur",Lalitpur,17500000,5,3,3.0,1,South,,157,3-0-2 Aana,13 Feet,13 Feet,,3-0-2 Aana,1 month ago,"['Parking', 'Balcony', 'Water Tank', 'Water Well', 'Drainage', 'Internet', 'Wifi', 'TV Cable']","Imadol, Swastik Tole House On Sell : House For Sale In Imadol,",House,16599.125
"Baluwatar New Home : House For Sale In Baluwatar, Kathmandu","Na, Baluwatar, Kathmandu",Kathmandu,130000000,5,6,3.0,3,East,2074.0,566,10 Aana,15 Feet / Blacktopped,15 Feet , Blacktopped,N/A Aana,1 month ago,"['Parking', 'Garage', 'Air Condition', 'Balcony', 'Frontyard', 'Fencing', 'Garden', 'Microwave', 'Modular Kitchen', 'TV Cable', 'Washing Machine', 'Wifi', 'Drainage', 'Water Supply', 'Solar Water', 'Water Well', 'Water Tank']","Baluwatar New Home : House For Sale In Baluwatar,",House,3422.5
"Budhanilkantha Underconstruction : House For Sale In Budhanilkantha, Kathmandu","Na, Budhanilkantha, Kathmandu",Kathmandu,105000000,8,8,4.0,4,East,2076.0,96,21 Aana,15 Feet / Blacktopped,15 Feet , Blacktopped,N/A Aana,1 month ago,"['Parking', 'Garage']","Budhanilkantha Underconstruction : House For Sale In Budhanilkantha,",House,7187.25
"Kapan Khariboth Home : House For Sale In Kapan, Kathmandu","Na, Kapan, Kathmandu",Kathmandu,27500000,6,5,3.0,1,East,2076.0,971,4 ana Aana,16 Feet / Blacktopped,16 Feet , Blacktopped,N/A Aana,1 month ago,['Parking'],"Kapan Khariboth Home : House For Sale In Kapan,",House,1369.0
"Dhumbarahi Home For Sale : House For Sale In Mandikatar, Kathmandu","Na, Mandikatar, Kathmandu",Kathmandu,40000000,7,7,4.0,2,East,2074.0,151,7 Aana,15 Feet / Blacktopped,15 Feet , Blacktopped,N/A Aana,1 month ago,['Parking'],"Dhumbarahi Home For Sale : House For Sale In Mandikatar,",House,2395.75
"Hattigaudama 5 Anako Ghar Bikrima : House For Sale In Hattigauda, Kathmandu","NA, Hattigauda, Kathmandu",Kathmandu,26500000,6,6,3.0,2,West,2075.0,282,5 Aana,14 Feet / Blacktopped,14 Feet , Blacktopped,N/A Aana,1 month ago,['Parking'],"Hattigaudama 5 Anako Ghar Bikrima : House For Sale In Hattigauda,",House,1711.25
"Office Space For Rent In Radhe Radhe, Bhaktapur","Nearby Bhatbhateni Super market, Radhe Radhe, Bhaktapur",Bhaktapur,50,0,2,3.5,2,West,2076.0,1.1K,2500 Sq. Feet,20 Feet / Blacktopped,20 Feet , Blacktopped,N/A Sq. Feet,4 months ago,"['Wifi', 'Drainage', 'Water Supply', 'Water Tank', 'Water Well', 'Electricity Backup', 'Internet', 'Parking']","Office Space For Rent In Radhe Radhe,",Other,2500.0
"Grandy Gate Home : House For Sale In Budhanilkantha, Kathmandu","Na, Budhanilkantha, Kathmandu",Kathmandu,22500000,6,6,3.0,1,North East,2070.0,66,3.1 Aana,18 Feet / Blacktopped,18 Feet , Blacktopped,N/A Aana,1 month ago,['Parking'],"Grandy Gate Home : House For Sale In Budhanilkantha,",House,1060.9750000000001
"11 Ana Bungalow For Sale : House For Sale In Budhanilkantha, Kathmandu","Na, Budhanilkantha, Kathmandu",Kathmandu,60000000,6,6,3.0,4,South East,2070.0,157,11 Aana,15 Feet / Soil Stabilized,15 Feet , Soil Stabilized,N/A Aana,1 month ago,['Parking'],"11 Ana Bungalow For Sale : House For Sale In Budhanilkantha,",Bungalow,3764.75
"Baluwatar 30 Ana Bungalow For Sale : House For Sale In Baluwatar, Kathmandu","Na, Baluwatar, Kathmandu",Kathmandu,250000000,6,5,3.0,10,East,,339,30 Aana,15 Feet,15 Feet,,N/A Aana,1 month ago,"['Parking', 'Garage', 'Balcony', 'Garden', 'Water Supply', 'Drainage', 'Water Tank', 'Solar Water']","Baluwatar 30 Ana Bungalow For Sale : House For Sale In Baluwatar,",Bungalow,10267.5
"Grandy House For Sale : House For Sale In Tokha, Kathmandu","Na, Tokha, Kathmandu",Kathmandu,40000000,9,6,4.0,3,East,2069.0,71,9 Aana,13 Feet / Paved,13 Feet , Paved,N/A Aana,1 month ago,['Parking'],"Grandy House For Sale : House For Sale In Tokha,",House,3080.25
"Sukedhara Brand New Home For Sale : House For Sale In Sukedhara, Kathmandu","Na, Sukedhara, Kathmandu",Kathmandu,30000000,6,5,3.0,1,East,2076.0,136,3.5 Aana,15 Feet / Blacktopped,15 Feet , Blacktopped,N/A Aana,1 month ago,"['Parking', 'Garage', 'Balcony', 'Modular Kitchen', 'Water Supply', 'Drainage', 'Water Well', 'Solar Water', 'Water Tank']","Sukedhara Brand New Home For Sale : House For Sale In Sukedhara,",House,1197.875
"Naksal Maligau Home For Sale : House For Sale In Maligaon, Kathmandu","NA, Maligaon, Kathmandu",Kathmandu,65000000,6,6,3.0,4,East,2070.0,108,12 Aana,14 Feet / Gravelled,14 Feet , Gravelled,N/A Aana,1 month ago,"['Parking', 'Garage', 'Air Condition', 'Microwave', 'Modular Kitchen', 'Water Supply', 'Drainage', 'Water Well', 'Solar Water', 'Water Tank']","Naksal Maligau Home For Sale : House For Sale In Maligaon,",House,4107.0
"Hattigauda 5 Ana Home : House For Sale In Budhanilkantha, Kathmandu","Na, Budhanilkantha, Kathmandu",Kathmandu,33000000,5,6,3.0,2,North,2070.0,150,5 Aana,13 Feet / Blacktopped,13 Feet , Blacktopped,N/A Aana,1 month ago,"['Parking', 'Garden']","Hattigauda 5 Ana Home : House For Sale In Budhanilkantha,",House,1711.25
"Golfutar Height Home : House For Sale In Budhanilkantha, Kathmandu","Man, Budhanilkantha, Kathmandu",Kathmandu,30500000,5,5,2.0,1,West,2070.0,112,4 Aana,13 Feet / Blacktopped,13 Feet , Blacktopped,N/A Aana,1 month ago,['Parking'],"Golfutar Height Home : House For Sale In Budhanilkantha,",House,1369.0
"Mandikatar 1 Floor Home : House For Sale In Mandikatar, Kathmandu","Na, Mandikatar, Kathmandu",Kathmandu,14000000,2,2,1.0,1,South West,2076.0,1.7K,3.1 ana Aana,13 Feet / Gravelled,13 Feet , Gravelled,N/A Aana,1 month ago,['Parking'],"Mandikatar 1 Floor Home : House For Sale In Mandikatar,",House,1060.9750000000001
"Jyotinagar Home For Sale : House For Sale In Budhanilkantha, Kathmandu","NA, Budhanilkantha, Kathmandu",Kathmandu,28000000,6,6,3.0,1,South East,2076.0,100,4 Aana,13 Feet / Blacktopped,13 Feet , Blacktopped,N/A Aana,1 month ago,['Parking'],"Jyotinagar Home For Sale : House For Sale In Budhanilkantha,",House,1369.0
"Dhapasi Height Commercil Building : House For Sale In Tokha, Kathmandu","Na, Tokha, Kathmandu",Kathmandu,41000000,10,5,4.0,3,South East,2075.0,67,4 Aana,26 Feet / Blacktopped,26 Feet , Blacktopped,N/A Aana,1 month ago,['Parking'],"Dhapasi Height Commercil Building : House For Sale In Tokha,",House,1369.0
"Sundar Basti Brand New Home 2 Homes : House For Sale In Budhanilkantha, Kathmandu","NA, Budhanilkantha, Kathmandu",Kathmandu,27000000,6,6,3.0,2,East,2076.0,161,4.5 Aana,14 Feet / Gravelled,14 Feet , Gravelled,N/A Aana,1 month ago,"['Parking', 'Garage']","Sundar Basti Brand New Home 2 Homes : House For Sale In Budhanilkantha,",House,1540.125
"Tokha Near Venas Housing Home : House For Sale In Tokha, Kathmandu","Na, Tokha, Kathmandu",Kathmandu,22000000,5,5,3.0,1,East,2076.0,139,3.1 Aana,13 Feet / Soil Stabilized,13 Feet , Soil Stabilized,N/A Aana,1 month ago,['Parking'],"Tokha Near Venas Housing Home : House For Sale In Tokha,",House,1060.9750000000001
"8 Ana Home Budhanilkantha : House For Sale In Budhanilkantha, Kathmandu","Na, Budhanilkantha, Kathmandu",Kathmandu,37000000,5,5,3.0,3,South East,2071.0,168,8 Aana,15 Feet / Blacktopped,15 Feet , Blacktopped,N/A Aana,1 month ago,"['Parking', 'Garage', 'Frontyard', 'Water Supply', 'Drainage', 'Solar Water', 'Water Tank']","8 Ana Home Budhanilkantha : House For Sale In Budhanilkantha,",House,2738.0
"House For Sale In Baluwatar, Kathmandu","Chandol, Height, Baluwatar, Kathmandu",Kathmandu,46000000,4,3,2.5,1,South West,2074.0,5.6K,0-6-3-0 Aana,13 Feet / Concrete,13 Feet , Concrete,N/A Aana,1 month ago,"['Balcony', 'Fencing', 'Garden', 'Modular Kitchen', 'TV Cable', 'Wifi', 'Drainage', 'Water Supply', 'Solar Water', 'Water Tank', 'Water Well', 'Electricity Backup', 'Internet', 'Parking', 'Store Room']","House For Sale In Baluwatar,",House,2310.1875
"Sale Of Attractive House And Land : House For Sale In Naikap, Kathmandu","Piple Chautari Tole (Naya Basti), Naikap, Kathmandu",Kathmandu,22500000,5,3,3.0,1,East,,274,4 Aana,13 Feet,13 Feet,,4 Aana,1 month ago,"['Parking', 'Balcony', 'Water Well', 'Store Room', 'Frontyard', 'Garden', 'Water Supply', 'Solar Water', 'TV Cable']","Sale Of Attractive House And Land : House For Sale In Naikap,",House,1369.0
"Brand New Never Used House For Sale At Rose Village Balkot : House For Sale In Balkot, Bhaktapur","Rose Village Balkot, Balkot, Bhaktapur",Bhaktapur,29000000,3,3,2.0,2,North,2070.0,1.4K,4.5 Aana,20 Feet / Blacktopped,20 Feet , Blacktopped,2200 Sq. Feet,1 month ago,"['Parking', 'Garage', 'Air Condition', 'Balcony', 'Deck', 'Fencing', 'Frontyard', 'Microwave', 'Modular Kitchen', 'Swimming Pool', 'TV Cable', 'Washing Machine', 'Drainage', 'Water Supply', 'Solar Water', 'Water Tank', 'Internet']","Brand New Never Used House For Sale At Rose Village Balkot : House For Sale In Balkot,",House,1540.125
"House On Sale : House For Sale In Naya Bazar, Kathmandu","Nayabazar-16, Naya Bazar, Kathmandu",Kathmandu,31000000,3,4,3.0,1,East,2018.0,209,0-3-0-0 Aana,6 Meter / Blacktopped,6 Meter , Blacktopped,2000 Sq. Feet,1 month ago,"['Fencing', 'Modular Kitchen', 'Frontyard', 'Backyard']","House On Sale : House For Sale In Naya Bazar,",House,1026.75
"Commercial House Sale In Satungal : House For Sale In Satungal, Kathmandu","Commercial land sale in Satungal, Satungal, Kathmandu",Kathmandu,42500000,0,0,,0,West,,136,0-5-1-1 Aana,29 Feet,29 Feet,,N/A Aana,1 month ago,[],"Commercial House Sale In Satungal : House For Sale In Satungal,",House,1818.203125
"Flat House On Sale, 500 Meter Far From Main Road. : House For Sale In Budhanilkantha, Kathmandu","pasikot/Budhanilkantha, Budhanilkantha, Kathmandu",Kathmandu,37500000,5,5,3.0,2,South East,,162,5 Aana,0 Feet,0 Feet,,3 Aana,1 month ago,"['Parking', 'Balcony', 'Garden', 'Modular Kitchen', 'TV Cable', 'Drainage', 'Solar Water', 'Internet', 'Store Room', 'Wifi']","Flat House On Sale, 500 Meter Far From Main Road. : House For Sale In Budhanilkantha,",Flat,1711.25
"House With 4 Ropani, Only Land Cost -Budhanilkantha : House For Sale In Budhanilkantha, Kathmandu","Muhanpokhari Budhanilkantha, Budhanilkantha, Kathmandu",Kathmandu,105000000,4,3,,4,South,,437,4-0-0-0 Ropani,20 Feet,20 Feet,,N/A Aana,1 month ago,"['Parking', 'Garage', 'Backyard', 'Balcony', 'Deck', 'Fencing', 'Frontyard', 'Garden', 'Drainage', 'Water Supply', 'Solar Water', 'Water Tank']","House With 4 Ropani, Only Land Cost -Budhanilkantha : House For Sale In Budhanilkantha,",House,21904.0
"Modern House For Sale -Baluwatar : House For Sale In Baluwatar, Kathmandu","Shree Marga, Baluwatar, Kathmandu",Kathmandu,80000000,4,5,,4,West,2076.0,726,0-9-3-3 Aana,13 Feet / Gravelled,13 Feet , Gravelled,4000 Sq. Feet,1 month ago,"['Parking', 'Garage', 'Air Condition', 'Balcony', 'Deck', 'Fencing', 'Frontyard', 'Garden', 'Modular Kitchen', 'TV Cable', 'Drainage', 'Water Supply', 'Solar Water', 'Water Well', 'Water Tank']","Modern House For Sale -Baluwatar : House For Sale In Baluwatar,",House,3401.109375
"House For Sale -Nakkhudol Bhaisepati : House For Sale In Nakhundol, Lalitpur","Nakkhudol Bhaisepati, Nakhundol, Lalitpur",Lalitpur,25000000,3,4,2.0,2,East,2076.0,688,0-4-2-0 Aana,13 Feet / Gravelled,13 Feet , Gravelled,N/A Aana,1 month ago,"['Parking', 'Balcony', 'Modular Kitchen', 'Fencing', 'Water Tank', 'Water Supply', 'Drainage']","House For Sale -Nakkhudol Bhaisepati : House For Sale In Nakhundol,",House,1540.125
"Bungalow : House For Sale In Bhaktapur, Bhaktapur","Gamcha, Bhaktapur, Bhaktapur",Bhaktapur,32500000,4,4,2.0,4,South,2017.0,374,7 Aana,20 Feet / Paved,20 Feet , Paved,2200 Sq. Feet,1 month ago,"['Parking', 'Balcony', 'Modular Kitchen', 'TV Cable', 'Washing Machine', 'Wifi', 'Drainage', 'Water Supply', 'Solar Water', 'Water Tank', 'Electricity Backup', 'Internet', 'Store Room']",Bungalow : House For Sale In,Bungalow,2395.75
"जोरपाटी माकलबारी सानो पुल नजिक : House For Sale In Jorpati, Kathmandu","jorpati makalbari near sano pool, Jorpati, Kathmandu",Kathmandu,21000000,5,3,3.0,1,South West,2076.0,173,0-3-2-0 Sq. Feet,12 Feet / Blacktopped,12 Feet , Blacktopped,0-3-1-2 Sq. Feet,1 month ago,"['Water Well', 'Solar Water', 'Garage', 'TV Cable', 'Parking', 'Electricity Backup', 'Store Room']","जोरपाटी माकलबारी सानो पुल नजिक : House For Sale In Jorpati,",House,1197.875
"House Sale In Raniban : House For Sale In Raniban, Kathmandu","Raniban, Raniban, Kathmandu",Kathmandu,120000000,0,0,,0,West,,205,1-15-0-0 Aana,20 Feet,20 Feet,,N/A Aana,1 month ago,[],"House Sale In Raniban : House For Sale In Raniban,",House,10609.75
"Attractive House For Sale In Ratnanagar, Chitwan : House For Sale In Ratnanagar, Chitwan","Jerauna, Ratnanagar, Chitwan",Kathmandu,7700000,4,2,2.0,1,East,2017.0,677,6 Aana,16 Feet / Gravelled,16 Feet , Gravelled,4 Aana,1 month ago,"['Backyard', 'Balcony', 'Fencing', 'Frontyard', 'Water Tank', 'Parking']",Satdobato,House,2053.5
"Residential House : House For Sale In Makalbari, Kathmandu","Sundar Tole, Makalbari, Kathmandu",Kathmandu,20000000,7,3,2.5,2,West,2067.0,5.1K,0-4-1-1 Aana,10 Feet / Gravelled,10 Feet , Gravelled,N/A Aana,1 month ago,"['Balcony', 'Fencing', 'Frontyard', 'Garden', 'TV Cable', 'Wifi', 'Drainage', 'Water Supply', 'Water Tank', 'Internet', 'Parking', 'Store Room']","Residential House : House For Sale In Makalbari,",House,1475.953125
"3.5 Storey : House For Sale In Sipadol, Bhaktapur","Darjeling Height, Sipadol, Bhaktapur",Bhaktapur,19000000,7,4,3.5,1,West,2076.0,6.2K,0-3-0-0 Aana,20 Feet / Gravelled,20 Feet , Gravelled,3500 Aana,5 months ago,"['Balcony', 'TV Cable', 'Wifi', 'Drainage', 'Water Supply', 'Solar Water', 'Water Tank', 'Water Well', 'Electricity Backup', 'Internet', 'Parking']","3.5 Storey : House For Sale In Sipadol,",House,1026.75
"Fully Furnished New House On Sale At Hepali, Budhanilkantha : House For Sale In Budhanilkantha, Kathmandu","Hepali, Budhanilkantha, Budhanilkantha, Kathmandu",Kathmandu,33500000,0,4,3.0,2,South East,,188,0-4-0-0 Aana,18 Feet / Blacktopped,18 Feet , Blacktopped,N/A Aana,1 month ago,"['Parking', 'Balcony', 'Microwave', 'Drainage', 'Electricity Backup', 'Water Supply', 'Modular Kitchen', 'Fencing', 'Intercom', 'Internet', 'Frontyard', 'TV Cable', 'Garage', 'Garden', 'Washing Machine', 'Water Tank', 'Kids Playground', 'CCTV', 'Wifi']","Fully Furnished New House On Sale At Hepali, Budhanilkantha : House For Sale In Budhanilkantha,",House,1369.0
"House Sale In Mhepi : House For Sale In Mhepi, Kathmandu","Mhepi, Mhepi, Kathmandu",Kathmandu,37000000,0,0,,0,North East,,86,0-5-0-2 Aana,13 Feet / Blacktopped,13 Feet , Blacktopped,N/A Aana,1 month ago,[],"House Sale In Mhepi : House For Sale In Mhepi,",House,1754.03125
"House Sale In Chaysingdol : House For Sale In Pasikot, Kathmandu","Chyasingdol, Pasikot, Kathmandu",Kathmandu,36000000,0,0,,0,East,,134,0-7-2-0 Aana,20 Feet,20 Feet,,N/A Aana,1 month ago,[],"House Sale In Chaysingdol : House For Sale In Pasikot,",House,2566.875
"House On Sell @Dhapasi, Near By Grandi International Hospital. : House For Sale In Dhapasi, Kathmandu","Harihar Marg, Dhapasi, Dhapasi, Kathmandu",Kathmandu,40000000,8,4,3.0,5,South,2068.0,86,0-8-3-0 Sq. Feet,12 Feet / Concrete,12 Feet , Concrete,0-4-0-0 Aana,1 month ago,"['Parking', 'Water Supply', 'Solar Water', 'Water Tank', 'Store Room', 'Garden', 'Lawn', 'Balcony', 'TV Cable', 'Internet', 'Wifi', 'Modular Kitchen']","House On Sell @Dhapasi, Near By Grandi International Hospital. : House For Sale In Dhapasi,",House,2994.6875
"One And Half Storied : House For Sale In Imadol, Lalitpur","Nearby Cozy Homes, Imadol, Lalitpur",Lalitpur,12500000,2,1,1.0,1,West,2076.0,3.2K,0-3-0-0 Aana,20 Feet / Gravelled,20 Feet , Gravelled,N/A Sq. Feet,1 month ago,"['Lawn', 'Modular Kitchen', 'TV Cable', 'Wifi', 'Drainage', 'Water Supply', 'Water Tank', 'Parking']","One And Half Storied : House For Sale In Imadol,",House,1026.75
"Modern Designed : House For Sale In Imadol, Lalitpur","Nearby Cozy Homes, Imadol, Lalitpur",Lalitpur,19500000,5,3,2.5,1,East,2076.0,710,0-3-1-0 Aana,20 Feet / Gravelled,20 Feet , Gravelled,1900 Sq. Feet,1 month ago,"['Balcony', 'Fencing', 'Garden', 'Modular Kitchen', 'TV Cable', 'Drainage', 'Water Supply', 'Solar Water', 'Water Tank', 'Internet', 'Parking', 'Store Room']","Modern Designed : House For Sale In Imadol,",House,1112.3125
"House For Sale In Imadol, Lalitpur","Sanagaun Height, Imadol, Lalitpur",Lalitpur,22000000,5,3,2.5,1,West,2076.0,157,0-3-2-0 Aana,20 Feet / Gravelled,20 Feet , Gravelled,2100 Sq. Feet,1 month ago,"['Balcony', 'Fencing', 'Modular Kitchen', 'TV Cable', 'Drainage', 'Water Supply', 'Water Tank', 'Electricity Backup', 'Parking', 'Store Room']","House For Sale In Imadol,",House,1197.875
"House For Sale In Imadol, Lalitpur","Sanagaun Height, Imadol, Lalitpur",Lalitpur,21500000,4,3,2.5,1,East,2076.0,161,0-4-0-0 Aana,20 Feet / Gravelled,20 Feet , Gravelled,2500 Sq. Feet,1 month ago,"['Balcony', 'Fencing', 'Modular Kitchen', 'TV Cable', 'Drainage', 'Water Supply', 'Solar Water', 'Parking', 'Store Room']","House For Sale In Imadol,",House,1369.0
"Newly Built : House For Sale In Imadol, Lalitpur","Sanagaun height, Imadol, Lalitpur",Lalitpur,19500000,4,3,2.5,1,North East,2076.0,166,0-3-2-0 Aana,20 Feet / Gravelled,20 Feet , Gravelled,750 Aana,1 month ago,"['Balcony', 'Modular Kitchen', 'Wifi', 'Drainage', 'Water Supply', 'Solar Water', 'Water Tank', 'Parking', 'Store Room']","Newly Built : House For Sale In Imadol,",House,1197.875
"House For Sale In Imadol, Lalitpur","Nearby, Buddha party palace, Imadol, Lalitpur",Lalitpur,19000000,4,3,2.5,1,South,2076.0,602,0-3-0-0 Aana,13 Feet / Gravelled,13 Feet , Gravelled,650 Sq. Feet,1 month ago,"['Balcony', 'Fencing', 'Modular Kitchen', 'TV Cable', 'Drainage', 'Water Supply', 'Parking', 'Store Room']","House For Sale In Imadol,",House,1026.75
"House For Sale In Imadol, Lalitpur","Nearby, Buddha party palace, Imadol, Lalitpur",Lalitpur,18000000,4,3,2.5,1,South,2076.0,792,0-3-0-0 Aana,13 Feet / Gravelled,13 Feet , Gravelled,650 Sq. Feet,1 month ago,[],"House For Sale In Imadol,",House,1026.75
"Brand New House For Sale In Swoyambhu/Swayambhu : House For Sale In Swayambhu, Kathmandu","Swoyambhu, Swayambhu, Kathmandu",Kathmandu,37000000,8,5,3.0,2,South,2077.0,136,0-5-1-3 Aana,12 Feet / Gravelled,12 Feet , Gravelled,990 Sq. Feet,1 month ago,"['Parking', 'Balcony', 'Drainage', 'Garden']","Brand New House For Sale In Swoyambhu/Swayambhu : House For Sale In Swayambhu,",House,1860.984375
"Brand New House For Sale In Swoyambhu/Swayambhu Near Bhagwan Pau : House For Sale In Swayambhu, Kathmandu","Swoyambhu, Swayambhu, Kathmandu",Kathmandu,34000000,6,3,3.0,1,South,2077.0,94,0-4-0-0 Aana,12 Feet / Gravelled,12 Feet , Gravelled,950 Sq. Feet,1 month ago,"['Parking', 'Balcony', 'Water Well', 'Water Tank', 'Drainage']","Brand New House For Sale In Swoyambhu/Swayambhu Near Bhagwan Pau : House For Sale In Swayambhu,",House,1369.0
"Vbn : House For Sale In Butwal, Butwal","Nayagaun, Butwal, Butwal",Kathmandu,800000,2,1,1.0,1,South,2020.0,197,6.25 Dhur,32 Feet,32 Feet,,6.25 Dhur,1 month ago,['Parking'],Satdobato,House,455625.0
"House On Sell @Tarkeshwar-09, Manamaiju, Basukinagtole : House For Sale In Manamaiju, Kathmandu","Basukinagtole, Manamaiju, Kathmandu, Manamaiju, Kathmandu",Kathmandu,26000000,8,4,3.0,1,South,2075.0,220,0-4-0-2 Aana,16 Feet / Gravelled,16 Feet , Gravelled,0-3-2-0 Aana,1 month ago,"['Parking', 'Balcony', 'Deck', 'Modular Kitchen', 'TV Cable', 'Wifi', 'Water Supply', 'Solar Water', 'Water Tank', 'Electricity Backup', 'Internet']","House On Sell @Tarkeshwar-09, Manamaiju, Basukinagtole : House For Sale In Manamaiju,",House,1411.78125
"House Sale In Syuchatar : House For Sale In Syuchatar, Kathmandu","Syuchatar, Syuchatar, Kathmandu",Kathmandu,22000000,5,3,,1,South West,,380,0-6-2-0 Aana,10 Feet,10 Feet,,N/A Aana,1 month ago,"['Parking', 'Balcony', 'Drainage', 'Water Supply']","House Sale In Syuchatar : House For Sale In Syuchatar,",House,2224.625
"House Sale In Phutung Tushal : House For Sale In Kavresthali, Kathmandu","Phutung Tushal, Kavresthali, Kathmandu",Kathmandu,23000000,7,3,,1,North East,,135,0-4-0-0 Aana,10 Feet,10 Feet,,N/A Aana,2 months ago,['Parking'],"House Sale In Phutung Tushal : House For Sale In Kavresthali,",House,1369.0
"House For Sale In Goldhunga, Kathmandu","Jarankhu, Goldhunga, Kathmandu",Kathmandu,15500000,5,2,,1,North West,,960,0-3-2-2 Aana,13 Feet,13 Feet,,N/A Aana,2 months ago,['Parking'],"House For Sale In Goldhunga,",House,1240.65625
"2 And Half Floor House Is On Sale In Imadole : House For Sale In Imadol, Lalitpur","Imadole, Imadol, Lalitpur",Lalitpur,23500000,6,4,3.0,1,North,2020.0,673,3.3aana Aana,10 Feet,10 Feet,,N/A Aana,2 months ago,"['Parking', 'Modular Kitchen', 'TV Cable', 'Water Well', 'Water Supply', 'Water Tank', 'Solar Water', 'Drainage']","2 And Half Floor House Is On Sale In Imadole : House For Sale In Imadol,",House,1129.425
"House For Sale In Maharajgunj, Kathmandu","Maharajgunj Ganeshbasti, Maharajgunj, Kathmandu",Kathmandu,57500000,0,0,,0,North East,,167,0-6-1-0 Aana,12 Feet / Blacktopped,12 Feet , Blacktopped,N/A Aana,2 months ago,[],"House For Sale In Maharajgunj,",House,2139.0625
"House Sale In Baluwatar : House For Sale In Baluwatar, Kathmandu","Baluwatar, Baluwatar, Kathmandu",Kathmandu,90000000,5,5,,3,South East,,296,0-10-0-0 Aana,20 Feet,20 Feet,,N/A Aana,2 months ago,"['Parking', 'Balcony', 'Garden', 'Drainage', 'Water Supply', 'Solar Water', 'Electricity Backup']","House Sale In Baluwatar : House For Sale In Baluwatar,",House,3422.5
"House For Sale In Kalanki, Kathmandu","Nearby L.R.I School., Kalanki, Kathmandu",Kathmandu,17000000,4,3,2.5,1,North West,2076.0,2.1K,0-4-0-0 Aana,10 Feet / Blacktopped,10 Feet , Blacktopped,1650 Sq. Feet,2 months ago,"['Balcony', 'Fencing', 'Garden', 'Modular Kitchen', 'TV Cable', 'Drainage', 'Water Supply', 'Water Tank', 'Internet', 'Parking', 'Store Room']","House For Sale In Kalanki,",House,1369.0
"1.5 Storied House : House For Sale In Imadol, Lalitpur","Opposite of Green hill city, Imadol, Lalitpur",Lalitpur,12500000,2,1,1.5,1,South,2076.0,917,0-3-1-0 Aana,13 Feet / Gravelled,13 Feet , Gravelled,N/A Aana,2 months ago,"['TV Cable', 'Drainage', 'Water Supply', 'Water Well', 'Internet', 'Parking']","1.5 Storied House : House For Sale In Imadol,",House,1112.3125
"Plotted Land : Land For Sale In Sirutar, Bhaktapur","Milan Chowk, Sirutar, Bhaktapur",Bhaktapur,2100000,0,0,,0,North East,,3.8K,0-5-2-0 Sq. Feet,20 Feet / Gravelled,20 Feet , Gravelled,N/A Sq. Feet,2 months ago,"['Drainage', 'Water Supply']","Plotted Land : Land For Sale In Sirutar,",Other,1882.375
"House For Sale In Budhanilkantha, Kathmandu","Pasikot, Budhanilkantha, Kathmandu",Kathmandu,45000000,4,4,3.0,4,South West,2074.0,8.2K,11 Aana,22 Feet,22 Feet,,N/A Sq. Feet,1 year ago,"['Garage', 'Balcony', 'Garden', 'Water Supply', 'TV Cable', 'Lawn', 'Frontyard', 'Modular Kitchen', 'Backyard', 'Deck', 'Drainage', 'Wifi', 'Fencing']","House For Sale In Budhanilkantha,",House,3764.75
"1.5 Storey House : House For Sale In Tikathali, Lalitpur","Nearby Pawan Pakriti School., Tikathali, Lalitpur",Lalitpur,12500000,2,1,1.5,1,South,2076.0,4.1K,0-3-0-0 Aana,13 Feet / Gravelled,13 Feet , Gravelled,N/A Sq. Feet,2 months ago,"['Drainage', 'Water Supply', 'Parking']","1.5 Storey House : House For Sale In Tikathali,",House,1026.75
"Residential : House For Sale In Imadol, Lalitpur","Ochu Height, Imadol, Lalitpur",Lalitpur,19000000,4,3,2.5,2,North West,2076.0,1.9K,0-3-2-0 Aana,13 Feet / Gravelled,13 Feet , Gravelled,1195 Sq. Feet,2 months ago,"['Balcony', 'Modular Kitchen', 'Drainage', 'Water Supply', 'Solar Water', 'Water Tank', 'Internet', 'Parking', 'Store Room']","Residential : House For Sale In Imadol,",House,1197.875
"House For Sale In Pasikot, Kathmandu","chyasingdol, Pasikot, Kathmandu",Kathmandu,32000000,0,0,,0,South West,,138,0-10-0-0 Aana,20 Feet,20 Feet,,N/A Aana,2 months ago,[],"House For Sale In Pasikot,",House,3422.5
"One And Half Storied : House For Sale In Kadaghari, Kathmandu","Birendrachwok, Planning, Kadaghari, Kathmandu",Kathmandu,15500000,2,1,1.5,2,South West,2076.0,5.3K,0-4-0-0 Aana,20 Feet / Gravelled,20 Feet , Gravelled,N/A Aana,2 months ago,[],"One And Half Storied : House For Sale In Kadaghari,",House,1369.0
"Attractive Residential Land On Sale : Land For Sale In Budhanilkantha, Kathmandu","Bhuddha colony, Budhanilkantha, Kathmandu",Kathmandu,3000000,0,0,,0,West,,48,12 Aana,16 Feet / Paved,16 Feet , Paved,N/A Aana,1 day ago,[],"Attractive Residential Land On Sale : Land For Sale In Budhanilkantha,",Other,4107.0
"18 Aana Land For Sale At Shamkhamul : Land For Sale In Sankhamul, Kathmandu","Sankhamul, Sankhamul, Kathmandu",Kathmandu,6500000,0,0,,0,East,,46,0-18-0-0 Aana,40 Feet / Blacktopped,40 Feet , Blacktopped,N/A Aana,1 day ago,[],"18 Aana Land For Sale At Shamkhamul : Land For Sale In Sankhamul,",Other,6160.5
"Land On Sale At Beautiful Location : Land For Sale In Thankot, Kathmandu","High Vision Colony,Thankot,Mahadevsthan, Thankot, Kathmandu",Kathmandu,2350000,0,0,,0,South,,232,5 Aana,13 Feet / Blacktopped,13 Feet , Blacktopped,N/A Aana,4 days ago,[],"Land On Sale At Beautiful Location : Land For Sale In Thankot,",Other,1711.25
"4 Aana Land For Sale At Golfutar : Land For Sale In Golfutar, Kathmandu","Golfutar, Golfutar, Kathmandu",Kathmandu,4100000,0,0,,0,East,,23,0-4-0-0 Aana,13 Feet / Soil Stabilized,13 Feet , Soil Stabilized,N/A Aana,1 day ago,[],"4 Aana Land For Sale At Golfutar : Land For Sale In Golfutar,",Other,1369.0
"Commercial Estate Land For Business : Land For Lease In Dhapasi, Kathmandu","Basundhara, Ring Road, Dhapasi, Kathmandu",Kathmandu,200000,0,0,,0,North West,,203,10 Aana,20 Feet,20 Feet,,10 Aana,3 weeks ago,[],"Commercial Estate Land For Business : Land For Lease In Dhapasi,",Other,3422.5
"Land For Sale In Gaurighat, Kathmandu","kumarigal, Gaurighat, Kathmandu",Kathmandu,3500000,0,0,,0,South,,443,6.1 Aana,12 Feet / Paved,12 Feet , Paved,N/A Aana,3 weeks ago,[],"Land For Sale In Gaurighat,",Other,2087.725
"Flat At Rent : Flat For Rent In Budhanilkantha, Kathmandu","Budhanilkanta, Budhanilkantha, Kathmandu",Kathmandu,30000,2,1,,0,West,,457,4 Aana,11 Feet,11 Feet,,4 Aana,3 weeks ago,[],"Flat At Rent : Flat For Rent In Budhanilkantha,",Flat,1369.0
"18 Ana Budhanilkantha Taulung : Land For Sale In Budhanilkantha, Kathmandu","Man, Budhanilkantha, Kathmandu",Kathmandu,2800000,0,0,,0,West,,599,18 Aana,20 Feet / Blacktopped,20 Feet , Blacktopped,N/A Aana,1 month ago,[],"18 Ana Budhanilkantha Taulung : Land For Sale In Budhanilkantha,",Other,6160.5
"Budhanilkantha 18 Ana Taulung : Land For Sale In Budhanilkantha, Kathmandu","Man, Budhanilkantha, Kathmandu",Kathmandu,3500000,0,0,,0,East,,195,18 Aana,30 Feet / Blacktopped,30 Feet , Blacktopped,N/A Aana,1 month ago,[],"Budhanilkantha 18 Ana Taulung : Land For Sale In Budhanilkantha,",Other,6160.5
"Land Sale At Jhor, Tokha : Land For Sale In Tokha, Kathmandu","Nearby Baudheshwor Temple, Jhor, Tokha, Kathmandu",Kathmandu,1500000,0,0,,0,East,,475,0-7-0-0 Aana,58 Feet / Concrete,58 Feet , Concrete,N/A Aana,1 month ago,[],"Land Sale At Jhor, Tokha : Land For Sale In Tokha,",Other,2395.75
"Land Sale In Phutung : Land For Sale In Kavresthali, Kathmandu","Phutung, Kavresthali, Kathmandu",Kathmandu,1100000,0,0,,0,South,,248,0-4-0-0 Aana,10 Feet,10 Feet,,N/A Aana,1 month ago,[],"Land Sale In Phutung : Land For Sale In Kavresthali,",Other,1369.0
"Land Sale In Chabahil : Land For Sale In Chabahil, Kathmandu","Chabahil, Chabahil, Kathmandu",Kathmandu,8500000,0,0,,0,South,,126,0-5-2-0 Aana,13 Feet,13 Feet,,N/A Aana,1 month ago,[],"Land Sale In Chabahil : Land For Sale In Chabahil,",Other,1882.375
"Land Sale In Jarankhu : Land For Sale In Kavresthali, Kathmandu","Jarankhu, Kavresthali, Kathmandu",Kathmandu,2850000,0,0,,0,South,,111,0-4-0-0 Aana,10 Feet,10 Feet,,N/A Aana,1 month ago,[],"Land Sale In Jarankhu : Land For Sale In Kavresthali,",Other,1369.0
"Land Sale In Dharmasthali : Land For Sale In Dharmasthali, Kathmandu","Dharmasthali, Dharmasthali, Kathmandu",Kathmandu,1450000,0,0,,0,West,,110,0-5-0-0 Aana,20 Feet,20 Feet,,N/A Aana,1 month ago,[],"Land Sale In Dharmasthali : Land For Sale In Dharmasthali,",Other,1711.25
"Budhanilkantha Land : Land For Sale In Budhanilkantha, Kathmandu","Na, Budhanilkantha, Kathmandu",Kathmandu,2600000,0,0,,0,East,,211,41 Aana,15 Feet / Blacktopped,15 Feet , Blacktopped,N/A Aana,1 month ago,[],"Budhanilkantha Land : Land For Sale In Budhanilkantha,",Other,14032.25
"Deuba Biwas 10 Ana : Land For Sale In Budhanilkantha, Kathmandu","Na, Budhanilkantha, Kathmandu",Kathmandu,3500000,0,0,,0,South,,103,10 Aana,30 Feet / Blacktopped,30 Feet , Blacktopped,N/A Aana,1 month ago,[],"Deuba Biwas 10 Ana : Land For Sale In Budhanilkantha,",Other,3422.5
"Consultancy : Office Space For Sale In Dillibazar, Kathmandu","Dilli bazzar road, Dillibazar, Kathmandu",Kathmandu,1000000,0,0,,0,North,,247,3 Aana,26 Feet,26 Feet,,N/A Aana,1 month ago,['Parking'],"Consultancy : Office Space For Sale In Dillibazar,",Other,1026.75
"Bansbarima 8 Ana Jagga : Land For Sale In Golfutar, Kathmandu","Na, Golfutar, Kathmandu",Kathmandu,4200000,0,0,,0,South,,73,8 Aana,15 Feet,15 Feet,,N/A Aana,1 month ago,[],"Bansbarima 8 Ana Jagga : Land For Sale In Golfutar,",Other,2738.0
"Spacious Flat Bear Grande Hospital : Flat For Rent In Tokha, Kathmandu","Grande Villa height, milantol, tokha, Tokha, Kathmandu",Kathmandu,20000,2,1,,1,West,,498,5.5 Aana,18 Feet,18 Feet,,1100 Aana,1 month ago,"['Parking', 'Water Supply', 'Frontyard', 'Fencing']","Spacious Flat Bear Grande Hospital : Flat For Rent In Tokha,",Flat,1882.375
"Land Sale : Land For Sale In Bhaktapur, Bhaktapur","duwakot, Bhaktapur, Bhaktapur",Bhaktapur,2100000,0,0,,0,South,,316,0-6-0-0 Aana,0 Feet,0 Feet,,N/A Aana,1 month ago,[],Land Sale : Land For Sale In,Other,2053.5
"Flat For RENT : Flat For Rent In Maharajgunj, Kathmandu","Chakrapath,Near Bhat Bhateni, Maharajgunj, Kathmandu",Kathmandu,32000,2,2,5.0,0,West,,615,1000 Sq. Feet,10 Feet,10 Feet,,N/A Aana,1 month ago,[],"Flat For Rent : Flat For Rent In Maharajgunj,",Flat,1000.0
"Commercial / Residential Land : Land For Sale In Imadol, Lalitpur","Kist hospital to hatiban road, Imadol, Lalitpur",Lalitpur,3500000,0,0,,0,South West,,90,4.5 Aana,7 Meter / Gravelled,7 Meter , Gravelled,N/A Aana,1 month ago,[],"Commercial / Residential Land : Land For Sale In Imadol,",Other,1540.125
"Hattigauda 9 Ana Home On Rent : House For Rent In Hattigauda, Kathmandu","Man, Hattigauda, Kathmandu",Kathmandu,75000,7,7,3.0,3,South,2070.0,252,9 Aana,13 Feet / Blacktopped,13 Feet , Blacktopped,N/A Aana,1 month ago,['Parking'],"Hattigauda 9 Ana Home On Rent : House For Rent In Hattigauda,",House,3080.25
"Flat On Rent At Lazimpat : Flat For Rent In Lazimpat, Kathmandu","ranibari, Lazimpat, Kathmandu",Kathmandu,30000,1,1,,1,East,,567,10 Aana,0 Feet,0 Feet,,N/A Aana,1 month ago,"['Parking', 'Balcony', 'Modular Kitchen', 'Water Supply']","Flat On Rent At Lazimpat : Flat For Rent In Lazimpat,",Flat,3422.5
"Bishalnagar 29 Ana For Sale : Land For Sale In Bishal Nagar, Kathmandu","Na, Bishal Nagar, Kathmandu",Kathmandu,8500000,0,0,,0,East,,141,29 ana Aana,16 Feet,16 Feet,,N/A Aana,1 month ago,[],"Bishalnagar 29 Ana For Sale : Land For Sale In Bishal Nagar,",Other,9925.25
"Land For Sale In Bhangal, Kathmandu","jyoti nagar,kathmandu, Bhangal, Kathmandu",Kathmandu,2450000,0,0,,0,North East,,397,0-5-0-0 Aana,16 Feet,16 Feet,,N/A Aana,1 month ago,[],"Land For Sale In Bhangal,",Other,1711.25
"Tallo Baluwatar 1 Ropani : Land For Sale In Baluwatar, Kathmandu","Na, Baluwatar, Kathmandu",Kathmandu,5700000,0,0,,0,East,,344,16 Aana,14 Feet,14 Feet,,N/A Aana,1 month ago,[],"Tallo Baluwatar 1 Ropani : Land For Sale In Baluwatar,",Other,5476.0
"Flat/Godown Space Available For Rent : Flat For Rent In Newroad, Kathmandu","Pyukha new road, Newroad, Kathmandu",Kathmandu,20000,0,1,,0,South,,158,310 Sq. Feet,0 Feet,0 Feet,,N/A Aana,1 month ago,[],"Flat/Godown Space Available For Rent : Flat For Rent In Newroad,",Flat,310.0
"Maligaon Commercial 12 Ana : Land For Sale In Maligaon, Kathmandu","Man, Maligaon, Kathmandu",Kathmandu,7000000,0,0,,0,East,,58,12 Aman Aana,25 Feet,25 Feet,,N/A Aana,1 month ago,[],"Maligaon Commercial 12 Ana : Land For Sale In Maligaon,",Other,4107.0
"Office Space Available For Rent : Office Space For Rent In Newroad, Kathmandu","Pyukha marg near bira complex, Newroad, Kathmandu",Kathmandu,65000,0,1,,0,South,,92,320 Sq. Feet,0 Feet,0 Feet,,N/A Aana,1 month ago,[],"Office Space Available For Rent : Office Space For Rent In Newroad,",Other,320.0
"Hattigauda Height 9 Ana Land : Land For Sale In Hattigauda, Kathmandu","Na, Hattigauda, Kathmandu",Kathmandu,2500000,0,0,,0,South,,151,9 Aana,15 Feet / Blacktopped,15 Feet , Blacktopped,N/A Aana,1 month ago,[],"Hattigauda Height 9 Ana Land : Land For Sale In Hattigauda,",Other,3080.25
"Office Space For Rent At Imadol Prime Area : Flat For Rent In Mahalaxmi Nagarpalika, Lalitpur","Imadol Mahalaxmi 1, Mahalaxmi Nagarpalika, Lalitpur",Lalitpur,35000,0,0,5.0,2,East,2013.0,106,9 Aana,72 Feet / Blacktopped,72 Feet , Blacktopped,5 Aana,1 month ago,"['Parking', 'Balcony', 'Garage', 'Fencing', 'Drainage', 'Water Supply', 'Water Well', 'Water Tank', 'CCTV', 'Electricity Backup']","Office Space For Rent At Imadol Prime Area : Flat For Rent In Mahalaxmi Nagarpalika,",Flat,3080.25
"Budhanilkantha 21 Ana Bungalow On Rent : House For Rent In Budhanilkantha, Kathmandu","Na, Budhanilkantha, Kathmandu",Kathmandu,250000,6,7,3.0,6,South East,2070.0,354,21 Aana,16 Feet / Blacktopped,16 Feet , Blacktopped,N/A Aana,1 month ago,"['Parking', 'Garage', 'Air Condition', 'Backyard', 'Deck', 'Balcony', 'Frontyard', 'Fencing', 'Garden', 'Modular Kitchen', 'Microwave', 'TV Cable', 'Washing Machine', 'Wifi', 'Drainage', 'Water Supply', 'Solar Water', 'Water Well', 'Water Tank']","Budhanilkantha 21 Ana Bungalow On Rent : House For Rent In Budhanilkantha,",Bungalow,7187.25
"Ranibari 4 Land : Land For Sale In Ranibari, Kathmandu","Na, Ranibari, Kathmandu",Kathmandu,5700000,0,0,,0,East,,105,4 Aana,15 Feet / Blacktopped,15 Feet , Blacktopped,N/A Aana,1 month ago,[],"Ranibari 4 Land : Land For Sale In Ranibari,",Other,1369.0
"Golfutar Hepali Pipalbot : Land For Sale In Golfutar, Kathmandu","Na, Golfutar, Kathmandu",Kathmandu,3000000,0,0,,0,South West,,117,5 Aana,13 Feet / Soil Stabilized,13 Feet , Soil Stabilized,N/A Aana,1 month ago,[],"Golfutar Hepali Pipalbot : Land For Sale In Golfutar,",Other,1711.25
"Commercial Space For Rent : Office Space For Rent In Sorakhutte, Kathmandu","Nearby NCC Bank , Link Road, Sorakhutte, Kathmandu",Kathmandu,60000,0,2,4.5,5,North,2076.0,655,850 Sq. Feet,20 Meter / Blacktopped,20 Meter , Blacktopped,850 Sq. Feet,1 month ago,"['Lawn', 'Drainage', 'Parking']","Commercial Space For Rent : Office Space For Rent In Sorakhutte,",Other,850.0
"12 Aana Land For Sale At Lazimpat : Land For Sale In Lazimpat, Kathmandu","Lazimpat Kathmandu, Lazimpat, Kathmandu",Kathmandu,5500000,0,0,,0,South,,101,0-12-0-0 Aana,0 Feet,0 Feet,,N/A Aana,1 month ago,[],"12 Aana Land For Sale At Lazimpat : Land For Sale In Lazimpat,",Other,4107.0
"7 Aana Commercial Land For Sale At Anamnagar : Land For Sale In Anamnagar, Kathmandu","Dhobikhola Corridor, Anamnagar, Kathmandu",Kathmandu,7000000,0,0,,0,East,,50,0-7-0-0 Aana,9 Meter / Blacktopped,9 Meter , Blacktopped,N/A Aana,1 month ago,[],"7 Aana Commercial Land For Sale At Anamnagar : Land For Sale In Anamnagar,",Other,2395.75
"Flat For Rent In Imadol, Lalitpur","Sitapakha, Imadol, Lalitpur",Lalitpur,25000,2,2,3.0,1,West,2076.0,666,1085 Sq. Feet,13 Feet / Concrete,13 Feet , Concrete,N/A Sq. Feet,1 month ago,"['Lawn', 'Modular Kitchen', 'TV Cable', 'Drainage', 'Water Supply', 'Solar Water', 'Water Tank', 'Internet', 'Parking', 'Store Room']","Flat For Rent In Imadol,",Flat,1085.0
"Office For Rent At New Baneshwor : Flat For Rent In Baneshwor, Kathmandu","New Baneshwor, Baneshwor, Kathmandu",Kathmandu,30000,0,0,2.0,4,East,,78,500 Sq. Feet,26 Feet / Blacktopped,26 Feet , Blacktopped,N/A Aana,1 month ago,['Parking'],"Office For Rent At New Baneshwor : Flat For Rent In Baneshwor,",Flat,500.0
"Urgent Land Sale : Land For Sale In Chitapol, Bhaktapur","Nearby Kathmandu Fun Valley, Chitapol, Bhaktapur",Bhaktapur,550000,0,0,,0,South,,1.4K,0-10-3-0 Aana,10 Feet / Gravelled,10 Feet , Gravelled,N/A Aana,1 month ago,[],"Urgent Land Sale : Land For Sale In Chitapol,",Other,3679.1875
"Apartment Rent In Sanepa : Apartment For Sale In Sanepa, Lalitpur","Sanepa, Sanepa, Lalitpur",Lalitpur,115000,0,0,,0,North East,,259,1400 Sq. Feet,0 Feet,0 Feet,,N/A Aana,1 month ago,[],"Apartment Rent In Sanepa : Apartment For Sale In Sanepa,",Apartment,1400.0
"Apartment Sale In Sanepa : Apartment For Sale In Sanepa, Lalitpur","Sanepa, Sanepa, Lalitpur",Lalitpur,35000000,0,0,,0,North East,,196,1400 Sq. Feet,20 Feet,20 Feet,,N/A Aana,1 month ago,[],"Apartment Sale In Sanepa : Apartment For Sale In Sanepa,",Apartment,1400.0
"Land Sale In Kirtipur : Land For Sale In Kirtipur, Kathmandu","kirtipur, Kirtipur, Kathmandu",Kathmandu,1900000,0,0,,0,South East,,161,1-9-0-0 Aana,22 Feet,22 Feet,,N/A Aana,1 month ago,[],"Land Sale In Kirtipur : Land For Sale In Kirtipur,",Other,8556.25
"Sasto Jaggha : Land For Sale In Bhangal, Kathmandu","Santinagar, Bhangal, Kathmandu",Kathmandu,3000000,0,0,,0,North,,158,5 Aana,0 Feet,0 Feet,,5 Aana,1 month ago,[],"Sasto Jaggha : Land For Sale In Bhangal,",Other,1711.25
"Furnished Apartment Flat Near Japanese Embassy : Apartment For Sale In Panipokhari, Kathmandu","panipokhari, Panipokhari, Kathmandu",Kathmandu,23000000,3,3,,1,South,,395,1583 Sq. Feet,20 Feet,20 Feet,,1583 Sq. Feet,1 month ago,"['Parking', 'Air Condition', 'Balcony', 'Fencing', 'Garden', 'Gym', 'Modular Kitchen', 'Swimming Pool', 'Wifi', 'Drainage', 'Water Supply', 'Electricity Backup', 'Internet', 'Lift']","Furnished Apartment Flat Near Japanese Embassy : Apartment For Sale In Panipokhari,",Apartment,1583.0
"Fully-Furnished 3BHK At Grande Tower : Apartment For Rent In Tokha, Kathmandu","Grande Tower, Tokha, Kathmandu",Kathmandu,80000,3,2,4.0,1,North,,1.1K,1514 Sq. Feet,0 Feet / Blacktopped,0 Feet , Blacktopped,1280 Sq. Feet,1 month ago,"['Lawn', 'Balcony', 'Modular Kitchen', 'Swimming Pool', 'TV Cable', 'Drainage', 'Water Supply', 'Solar Water', 'Water Tank', 'Cafeteria', 'Electricity Backup', 'Intercom', 'Internet', 'Lift', 'Parking', 'Security Staff', 'Store Room']","Fully-Furnished 3Bhk At Grande Tower : Apartment For Rent In Tokha,",Apartment,1514.0
"Beautiful Land Is In Sale 13 Dhur Dhur : Land For Sale In Dharan, Dharan","dharan-8, Dharan, Dharan",Kathmandu,700000,0,0,,0,East,,142,13 Dhur,25 Feet / Blacktopped,25 Feet , Blacktopped,N/A Aana,1 month ago,[],Satdobato,Other,947700.0
"Flat For Rent In Jhamsikhel, Lalitpur","jhamsihel (near British school), Jhamsikhel, Lalitpur",Lalitpur,35000,2,2,3.0,2,East,2074.0,301,6 Aana,10 Feet / Soil Stabilized,10 Feet , Soil Stabilized,4 Sq. Feet,1 month ago,"['Parking', 'Water Supply', 'Garden', 'Solar Water', 'Balcony']","Flat For Rent In Jhamsikhel,",Flat,2053.5
"Full Furnished Office On Sale : Office Space For Sale In Thapathali, Kathmandu","Patangri marg, height, Thapathali, Kathmandu",Kathmandu,290000,0,1,1.0,1,East,,127,900 Sq. Feet,12 Feet / Paved,12 Feet , Paved,N/A Aana,1 month ago,"['Parking', 'TV Cable', 'Wifi', 'Internet', 'Security Staff']","Full Furnished Office On Sale : Office Space For Sale In Thapathali,",Other,900.0
"Bansbari - House For Rent : House For Rent In Basbari, Kathmandu","Bansbari, Basbari, Kathmandu",Kathmandu,150000,3,4,3.0,2,South,,173,0-5-0-0 Aana,0 Feet,0 Feet,,N/A Aana,1 month ago,"['Parking', 'Garage', 'Balcony', 'Frontyard', 'Drainage', 'Water Supply', 'Solar Water', 'Water Well', 'Water Tank']","Bansbari - House For Rent : House For Rent In Basbari,",House,1711.25
"Commercial Land Sale In Sano Gaucharan : Land For Sale In Sano Gaucharan, Kathmandu","Sano gaucharan, Sano Gaucharan, Kathmandu",Kathmandu,11000000,0,0,,0,North,,197,0-9-3-0 Aana,32 Feet,32 Feet,,N/A Aana,1 month ago,[],"Commercial Land Sale In Sano Gaucharan : Land For Sale In Sano Gaucharan,",Other,3336.9375
"Godown Space Rent In Kushlechaur : Business For Rent In Chhauni, Kathmandu","Kushlechaur, Chhauni, Kathmandu",Kathmandu,55000,0,0,,0,North,,123,1 Aana,10 Feet,10 Feet,,N/A Aana,1 month ago,[],"Godown Space Rent In Kushlechaur : Business For Rent In Chhauni,",Other,342.25
"Flat For Rent In Gaushala, Kathmandu","Gaushala, Gaushala, Kathmandu",Kathmandu,55000,0,0,,0,West,,207,1-0-0-0 Aana,12 Feet,12 Feet,,N/A Aana,1 month ago,[],"Flat For Rent In Gaushala,",Flat,5476.0
"Commerial Land Sale In Nayabazar : Land For Sale In Naya Bazar, Kathmandu","Nayabazar, Naya Bazar, Kathmandu",Kathmandu,11000000,0,0,,0,South,,85,0-10-0-0 Aana,40 Feet,40 Feet,,N/A Aana,1 month ago,[],"Commerial Land Sale In Nayabazar : Land For Sale In Naya Bazar,",Other,3422.5
"Rental @ Bharatpur : Flat For Rent In Bharatpur, Chitwan","Bhintuna road, Bharatpur, Chitwan",Kathmandu,20000,0,0,,0,South,,159,12 Aana,6 Meter / Blacktopped,6 Meter , Blacktopped,4 Aana,1 month ago,[],Satdobato,Flat,4107.0
"Flat For Rental : Flat For Rent In Jorpati, Kathmandu","Narayantar shivachowk-JORPATI, Jorpati, Kathmandu",Kathmandu,20000,1,1,,1,East,,390,1111111111111 Aana,0 Feet,0 Feet,,N/A Aana,1 month ago,[],"Flat For Rental : Flat For Rent In Jorpati,",Flat,380277777777739.75
"Hattiban Town Planing : Land For Sale In Hattiban, Lalitpur","Velpa Hattiban, Hattiban, Lalitpur",Lalitpur,3500000,0,0,,0,East,,368,0-4-0-0 Aana,6 Meter,6 Meter,,N/A Aana,1 month ago,[],"Hattiban Town Planing : Land For Sale In Hattiban,",Other,1369.0
"Brand New Apartment For Sale At Janta Awash Bhaisepati : Flat For Sale In Bhaisepati, Lalitpur","Janta Awash Bhaisepati, Bhaisepati, Lalitpur",Lalitpur,16500000,3,2,5.0,1,East,2058.0,975,1200 Sq. Feet,40 Feet / Blacktopped,40 Feet , Blacktopped,1200 Sq. Feet,1 month ago,"['Parking', 'Air Condition', 'Balcony', 'Microwave', 'Modular Kitchen', 'TV Cable', 'Washing Machine', 'Wifi', 'Water Supply', 'Water Tank', 'Kids Playground', 'Internet', 'Intercom', 'Electricity Backup']","Brand New Apartment For Sale At Janta Awash Bhaisepati : Flat For Sale In Bhaisepati,",Apartment,1200.0
"House For Rent At Hattiban : House For Rent In Hattiban, Lalitpur","hattiban, Hattiban, Lalitpur",Lalitpur,60000,4,3,,2,East,,454,4 Aana,0 Feet,0 Feet,,N/A Aana,1 month ago,"['Parking', 'Balcony', 'Modular Kitchen', 'Water Supply', 'Garden']","House For Rent At Hattiban : House For Rent In Hattiban,",House,1369.0
"House For Rent At Sallaghari : House For Rent In Sallaghari, Bhaktapur","sallaghari, Sallaghari, Bhaktapur",Bhaktapur,70000,4,3,,2,East,,407,4 Aana,0 Feet,0 Feet,,N/A Aana,1 month ago,"['Parking', 'Balcony', 'Microwave', 'Modular Kitchen', 'Water Supply', 'Air Condition']","House For Rent At Sallaghari : House For Rent In Sallaghari,",House,1369.0
"House For Rent Near Manbhawan : House For Rent In Kumaripati, Lalitpur","manbhawan, Kumaripati, Lalitpur",Lalitpur,120000,5,4,,4,East,,166,10 Aana,0 Feet,0 Feet,,N/A Aana,1 month ago,[],"House For Rent Near Manbhawan : House For Rent In Kumaripati,",House,3422.5
"Super Commercial Land For Sale At Mid Baneshwor Main Road : Land For Sale In Mid Baneshwor, Kathmandu","Mid Baneshwor Main Road, Mid Baneshwor, Kathmandu",Kathmandu,10000000,0,0,,0,East,,330,0-26-0-0 Aana,35 Feet / Blacktopped,35 Feet , Blacktopped,N/A Aana,1 month ago,[],"Super Commercial Land For Sale At Mid Baneshwor Main Road : Land For Sale In Mid Baneshwor,",Other,8898.5
"Land On Sale @ Manamaiju : Land For Sale In Manamaiju, Kathmandu","Manamaiju, Nasal Chowk, Near mansingh school, Manamaiju, Kathmandu",Kathmandu,2400000,0,0,,0,South East,,115,0-4-0-0 Aana,16 Feet / Blacktopped,16 Feet , Blacktopped,N/A Aana,1 month ago,[],"Land On Sale @ Manamaiju : Land For Sale In Manamaiju,",Other,1369.0
"Land For Sale In Bode, Bhaktapur","Nilbarahi Bode, Bhaktapur, Bode, Bhaktapur",Bhaktapur,2200000,0,0,,0,East,,72,0-11-1-3 Ropani,13 Feet,13 Feet,,N/A Ropani,1 month ago,[],"Land For Sale In Bode,",Other,3914.484375
"Land For Sale In Imadol, Lalitpur","Boje Pokhari, Imadol, Lalitpur",Lalitpur,3000000,0,0,,0,East,,1.1K,0-7-3-0 Aana,13 Feet / Blacktopped,13 Feet , Blacktopped,N/A Aana,1 month ago,"['Drainage', 'Water Supply', 'Parking', 'Store Room']","Land For Sale In Imadol,",Other,2652.4375
"Commercial Building Booking Open : Office Space For Rent In Dhapasi, Kathmandu","Nearby Deurali Janata Pharmaceutical, Dhapasi, Kathmandu",Kathmandu,70000,0,0,4.0,1,East,2076.0,1K,0-6-0-0 Aana,25 Feet / Blacktopped,25 Feet , Blacktopped,1350 Sq. Feet,1 month ago,"['Fencing', 'Frontyard', 'TV Cable', 'Drainage', 'Water Supply', 'Water Tank', 'Internet', 'Parking']","Commercial Building Booking Open : Office Space For Rent In Dhapasi,",Other,2053.5
"Fancy Shop Sale In Nayabazar : Business For Sale In Naya Bazar, Kathmandu","Nayabazar, Naya Bazar, Kathmandu",Kathmandu,3500000,0,0,,0,South West,,98,1 Aana,16 Feet,16 Feet,,N/A Aana,1 month ago,[],"Fancy Shop Sale In Nayabazar : Business For Sale In Naya Bazar,",Other,342.25
"Fancy Shop Sale In Shankhamul : Business For Sale In Sankhamul, Kathmandu","Shankhamul, Sankhamul, Kathmandu",Kathmandu,760000,0,0,,0,North West,,81,1 Aana,0 Feet,0 Feet,,N/A Aana,1 month ago,[],"Fancy Shop Sale In Shankhamul : Business For Sale In Sankhamul,",Other,342.25
"Land Sale In Nayabazar : Land For Sale In Naya Bazar, Kathmandu","Nayabazar, Naya Bazar, Kathmandu",Kathmandu,7000000,0,0,,0,South East,,94,0-2-2-0 Aana,26 Feet,26 Feet,,N/A Aana,1 month ago,[],"Land Sale In Nayabazar : Land For Sale In Naya Bazar,",Other,855.625
"Land For Sale In Ramkot, Kathmandu","Taukhel, Ramkot, Kathmandu",Kathmandu,2500000,0,0,,0,South West,,74,0-11-2-0 Aana,14 Feet,14 Feet,,N/A Aana,1 month ago,[],"Land For Sale In Ramkot,",Other,3935.875
"Land Sale In Bijeshori : Land For Sale In Swayambhu, Kathmandu","Bijeshori, Swayambhu, Kathmandu",Kathmandu,6000000,0,0,,0,North,,75,0-8-0-0 Aana,32 Feet,32 Feet,,N/A Aana,1 month ago,[],"Land Sale In Bijeshori : Land For Sale In Swayambhu,",Other,2738.0
"House For Sale In Samakhusi Inside Ring Road In High End Colony : Flat For Sale In Samakhusi, Kathmandu","Samakhusi Inside Ring Road, Samakhusi, Kathmandu",Kathmandu,24500000,0,3,2.0,1,East,2074.0,206,0-3-0-0 Aana,16 Feet / Gravelled,16 Feet , Gravelled,N/A Aana,1 month ago,"['Parking', 'Balcony', 'Drainage', 'Electricity Backup', 'Water Supply', 'Modular Kitchen', 'Fencing', 'Intercom', 'Internet', 'Frontyard', 'Garage', 'Air Condition', 'Garden', 'Water Tank', 'Kids Playground', 'Backyard', 'Wifi', 'CCTV']","House For Sale In Samakhusi Inside Ring Road In High End Colony : Flat For Sale In Samakhusi,",House,1026.75
"Land Sale In Narayanthan : Land For Sale In Budhanilkantha, Kathmandu","Budhanilkantha, Budhanilkantha, Kathmandu",Kathmandu,2850000,0,0,,0,West,,295,1-1-0-0 Aana,13 Feet,13 Feet,,N/A Aana,1 month ago,[],"Land Sale In Narayanthan : Land For Sale In Budhanilkantha,",Other,5818.25
"Land Sale In Taukhel : Land For Sale In Nagarjun, Kathmandu","Taukhel, Nagarjun, Kathmandu",Kathmandu,2500000,0,0,,0,South East,,311,0-11-2-0 Aana,14 Feet,14 Feet,,N/A Aana,1 month ago,[],"Land Sale In Taukhel : Land For Sale In Nagarjun,",Other,3935.875
"Land Rent In Bohoratar : Land For Rent In Manamaiju, Kathmandu","Bohoratar, Manamaiju, Kathmandu",Kathmandu,40000,0,0,,0,West,,352,1-8-0-0 Ropani,20 Feet / Soil Stabilized,20 Feet , Soil Stabilized,N/A Aana,1 month ago,[],"Land Rent In Bohoratar : Land For Rent In Manamaiju,",Other,8214.0
"House For Rent : House For Rent In Lekhnath, Pokhara","Baral danda Marga, Lekhnath, Pokhara",Kathmandu,30000,3,2,2.0,3,East,2010.0,154,3 ropani Aana,14 Feet / Blacktopped,14 Feet , Blacktopped,N/A Aana,1 month ago,"['Parking', 'Balcony', 'Garden', 'Washing Machine', 'Water Tank', 'Store Room', 'Internet']",Satdobato,House,1026.75
"Land Sale In Budhanilkantha : Land For Sale In Budhanilkantha, Kathmandu","Narayanthan, Budhanilkantha, Kathmandu",Kathmandu,2600000,0,0,,0,North,,307,2-0-0-0 Ropani,14 Feet,14 Feet,,N/A Aana,1 month ago,[],"Land Sale In Budhanilkantha : Land For Sale In Budhanilkantha,",Other,10952.0
"House On Sell @Tarkeshwar-09, Manamaiju, Basukinagtole : Flat For Sale In Manamaiju, Kathmandu","Basukinagtole, Manamaiju, Kathmandu, Manamaiju, Kathmandu",Kathmandu,17000000,5,3,3.0,1,West,,248,0-3-0-0 Aana,14 Feet,14 Feet,,0-2-2-1 Aana,1 month ago,"['Parking', 'Balcony', 'TV Cable', 'Wifi', 'Water Supply', 'Water Tank', 'Solar Water', 'Internet', 'Store Room']","House On Sell @Tarkeshwar-09, Manamaiju, Basukinagtole : Flat For Sale In Manamaiju,",House,1026.75
"Flat For Rent In Pokhara : Flat For Rent In Raam Bazar, Pokhara","Syani Patan, Sunaulo Marg, Pokhara-15, Raam Bazar, Pokhara",Kathmandu,15000,2,1,,1,East,,439,8.5 Aana,13 Feet / Paved,13 Feet , Paved,5 Aana,1 month ago,['Parking'],Satdobato,Flat,2909.125
"Land Sale In Raniban : Land For Sale In Raniban, Kathmandu","Raniban, Raniban, Kathmandu",Kathmandu,2850000,0,0,,0,South East,,303,0-5-1-0 Aana,12 Feet,12 Feet,,N/A Aana,1 month ago,[],"Land Sale In Raniban : Land For Sale In Raniban,",Other,1796.8125
"Land Sale In Thulobharyang : Land For Sale In Thulo Bharyang, Kathmandu","Thulobharyang, Thulo Bharyang, Kathmandu",Kathmandu,4000000,0,0,,0,South East,,245,3-0-0-0 Ropani,20 Feet,20 Feet,,N/A Aana,1 month ago,[],"Land Sale In Thulobharyang : Land For Sale In Thulo Bharyang,",Other,16428.0
"10 Dhur, Land Sale At Dharan, Panbari : Land For Sale In Tarahara, Sunsari","Dharan, Sunsari, Tarahara, Sunsari",Kathmandu,250000,0,0,,0,East,,169,10 Dhur,20 Feet / Gravelled,20 Feet , Gravelled,N/A Aana,1 month ago,[],Satdobato,Other,729000.0
"Commercial Land : Land For Sale In Hattisar, Kathmandu","Opposite of Siddartha Bank, Hattisar, Kathmandu",Kathmandu,15000000,0,0,,1,East,,1.2K,0-13-2-2 Aana,20 Feet / Blacktopped,20 Feet , Blacktopped,N/A Aana,1 month ago,[],"Commercial Land : Land For Sale In Hattisar,",Other,4663.15625
"13 Dhur, Land Sale At Dharan, Panbari : Land For Sale In Tarahara, Sunsari","Dharan, Sunsari, Tarahara, Sunsari",Kathmandu,235000,0,0,,0,East,,143,13 Dhur,16 Feet / Gravelled,16 Feet , Gravelled,N/A Aana,1 month ago,[],Satdobato,Other,947700.0
"HOUSE ON RENT AT SITAPAILA/RAMKOT AROUND CIVIL HOME HOUSING : House For Rent In Sitapaila, Kathmandu","Ramkot, Sitapaila, Kathmandu",Kathmandu,40000,4,3,3.0,1,South East,2020.0,439,1500 Sq. Feet,22 Feet / Gravelled,22 Feet , Gravelled,N/A Aana,2 months ago,"['Parking', 'Garage', 'Fencing', 'Balcony', 'Drainage', 'Water Supply', 'Solar Water', 'Water Tank']","House On Rent At Sitapaila/Ramkot Around Civil Home Housing : House For Rent In Sitapaila,",House,1500.0
"Land For Sale In Chabahil, Kathmandu","chuchchepati, Chabahil, Kathmandu",Kathmandu,5500000,0,0,,0,South East,,73,1-2-0-0 Aana,36 Feet,36 Feet,,N/A Aana,2 months ago,[],"Land For Sale In Chabahil,",Other,6160.5
"Bungalow On Rent At Basbari : House For Rent In Basbari, Kathmandu","Basbari, Basbari, Kathmandu",Kathmandu,200000,6,4,,2,East,,151,10 Aana,0 Feet,0 Feet,,N/A Aana,2 months ago,[],"Bungalow On Rent At Basbari : House For Rent In Basbari,",Bungalow,3422.5
"Land Is Very Suitable For Residental Purpose : Land For Sale In Swayambhu, Kathmandu","Ichangu, Swayambhu, Kathmandu",Kathmandu,1150000,0,0,,0,East,,565,0-7-1-0 Aana,11 Feet / Gravelled,11 Feet , Gravelled,N/A Aana,2 months ago,[],"Land Is Very Suitable For Residental Purpose : Land For Sale In Swayambhu,",Other,2481.3125
"Flats And Room On Rent : Flat For Rent In Baghbazaar, Kathmandu","Siddhartha marga, Baghbazaar, Kathmandu",Kathmandu,30000,6,2,3.0,2,East,2014.0,192,1-1-1 Ropani,14 Feet / Blacktopped,14 Feet , Blacktopped,1-1-0 Ropani,2 months ago,[],"Flats And Room On Rent : Flat For Rent In Baghbazaar,",Flat,5903.8125
"Office Space For Rent At Soaltee Mood : Office Space For Rent In Soltimode, Kathmandu","Soaltee mode, Soltimode, Kathmandu",Kathmandu,40000,3,2,,1,East,,78,10 Aana,0 Feet,0 Feet,,N/A Aana,2 months ago,[],"Office Space For Rent At Soaltee Mood : Office Space For Rent In Soltimode,",Other,3422.5
"Villa On Rent At Budhanilkantha : House For Rent In Budhanilkantha, Kathmandu","budhanilkantha, Budhanilkantha, Kathmandu",Kathmandu,200000,5,4,,4,East,,323,25 Aana,0 Feet,0 Feet,,N/A Aana,2 months ago,['Parking'],"Villa On Rent At Budhanilkantha : House For Rent In Budhanilkantha,",Villa,8556.25
"Land For Sale In Sitapaila, Kathmandu","Sitapaila, Sitapaila, Kathmandu",Kathmandu,4200000,0,0,,0,East,,103,0-13-0-0 Aana,11 Meter / Blacktopped,11 Meter , Blacktopped,N/A Aana,2 months ago,[],"Land For Sale In Sitapaila,",Other,4449.25
"Business For Sale In Patan, Lalitpur","Patan, Patan, Lalitpur",Lalitpur,3500000,0,0,,0,East,,124,1500 Sq. Feet,0 Feet,0 Feet,,N/A Aana,2 months ago,[],"Business For Sale In Patan,",Other,1500.0
"Apartment For Sale In Jhamsikhel, Lalitpur","Jhamsikhel, Jhamsikhel, Lalitpur",Lalitpur,11900000,2,1,,0,North,,469,683 Sq. Feet,30 Feet,30 Feet,,N/A Aana,2 months ago,"['Air Condition', 'TV Cable', 'Swimming Pool']","Apartment For Sale In Jhamsikhel,",Apartment,683.0
"House For Sale In Pasikot, Kathmandu","pasikot, Pasikot, Kathmandu",Kathmandu,28500000,6,6,,1,South East,,103,0-5-2-0 Aana,20 Feet,20 Feet,,N/A Aana,2 months ago,[],"House For Sale In Pasikot,",House,1882.375
"House Sale In TIkathali : House For Sale In Tikathali, Lalitpur","Tikathali, Tikathali, Lalitpur",Lalitpur,21500000,0,0,,1,South West,,100,0-3-2-0 Aana,13 Feet / Gravelled,13 Feet , Gravelled,N/A Aana,2 months ago,['Parking'],"House Sale In Tikathali : House For Sale In Tikathali,",House,1197.875
"Flat For Rent In Dhumbarahi, Kathmandu","Dhumbarahi,Pragati tol, Dhumbarahi, Kathmandu",Kathmandu,20000,2,1,,0,West,,529,3.5 Aana,0 Feet,0 Feet,,N/A Aana,2 months ago,[],"Flat For Rent In Dhumbarahi,",Flat,1197.875
"Land For Sale At Kapan Paiyatar : Land For Sale In Kapan, Kathmandu","Paiyatar, Kapan, Kapan, Kathmandu",Kathmandu,3000000,0,0,,0,East,,135,4 Aana,13 Feet / Soil Stabilized,13 Feet , Soil Stabilized,N/A Aana,2 months ago,[],"Land For Sale At Kapan Paiyatar : Land For Sale In Kapan,",Other,1369.0
"Godawari_Badikhel Pitched Road Touching House For Sell_ 5 Anna Land : House For Sale In Godawari, Lalitpur","Badikhel (Godawari), Godawari, Lalitpur",Lalitpur,12500000,3,1,2.0,1,West,,214,0-5-0-0 Aana,16 Feet / Blacktopped,16 Feet , Blacktopped,N/A Aana,2 months ago,"['Parking', 'Water Well', 'Water Tank', 'Backyard']","Godawari_Badikhel Pitched Road Touching House For Sell_ 5 Anna Land : House For Sale In Godawari,",House,1711.25
"Commercial House On Sale At Bafal : House For Sale In Bafal, Kathmandu","soltee dobato, Bafal, Kathmandu",Kathmandu,32500000,11,0,,1,East,,453,4.5 Aana,20 Feet / Blacktopped,20 Feet , Blacktopped,N/A Aana,2 months ago,[],"Commercial House On Sale At Bafal : House For Sale In Bafal,",House,1540.125
"House For Sale In Imadol, Lalitpur","Bojepokhari, Panii Tyanki, Imadol, Lalitpur",Lalitpur,22000000,5,3,2.5,1,North West,2076.0,1.7K,0-4-0-0 Aana,10 Feet / Gravelled,10 Feet , Gravelled,N/A Sq. Feet,2 months ago,"['Balcony', 'Fencing', 'Drainage', 'Water Supply', 'Water Tank', 'Parking']","House For Sale In Imadol,",House,1369.0
"New Beautiful House Is On Sale At Gaidakot, Nawalpur : House For Sale In Gaidakot, Nawalpur","Congress chowk, Gaidakot, Nawalpur",Kathmandu,11000000,3,4,,1,East,2018.0,247,4 Aana,15 Feet / Blacktopped,15 Feet , Blacktopped,4 Aana,2 months ago,"['Parking', 'Balcony', 'Fencing']",Satdobato,House,1369.0
"Beautiful House Is On Sale At Tarkeshwor, Kathmndu : House For Sale In Tarkeshwor, Kathmandu","Tarkeshwor, Tarkeshwor, Kathmandu",Kathmandu,17000000,0,2,3.0,1,South,2017.0,151,3.1 Aana,20 Feet / Blacktopped,20 Feet , Blacktopped,3.2 Aana,2 months ago,['Parking'],"Beautiful House Is On Sale At Tarkeshwor, Kathmndu : House For Sale In Tarkeshwor,",House,1060.9750000000001
"4 Aana 1 Paisa Land : Land For Sale In Sallaghari, Bhaktapur","Katunje, Sallaghari, Bhaktapur",Bhaktapur,3000000,0,0,,0,West,,1.5K,0-4-1-0 Aana,13 Feet / Blacktopped,13 Feet , Blacktopped,N/A Aana,2 months ago,"['Drainage', 'Water Supply']","4 Aana 1 Paisa Land : Land For Sale In Sallaghari,",Other,1454.5625
"1.5 Storey House : House For Sale In Tikathali, Lalitpur","nearby Panityanki, Tikathali, Lalitpur",Lalitpur,11000000,2,1,1.5,2,West,2076.0,1.6K,0-2-3-0 Aana,13 Feet / Gravelled,13 Feet , Gravelled,646 Sq. Feet,2 months ago,"['Fencing', 'Drainage', 'Water Supply', 'Parking']","1.5 Storey House : House For Sale In Tikathali,",House,941.1875
"लुभु लामाटार बुढाथोकी टोलमा ५ आना सस्तो जग्गा तु. बिक्रिमा : Land For Sale In Lubhu, Lalitpur","Lubhu Lamatar, Lubhu, Lalitpur",Lalitpur,900000,0,0,,0,East,,1.1K,5 Aana,10 Feet,10 Feet,,N/A Aana,2 months ago,[],"लुभु लामाटार बुढाथोकी टोलमा ५ आना सस्तो जग्गा तु. बिक्रिमा : Land For Sale In Lubhu,",Other,1711.25
"Highly Commercial Land For Sale At Maitidevi Main Road : Land For Sale In Maitidevi, Kathmandu","Maitidevi Main Road, Maitidevi, Kathmandu",Kathmandu,15000000,0,0,,0,East,,251,0-8-0-0 Aana,45 Feet / Blacktopped,45 Feet , Blacktopped,N/A Aana,2 months ago,[],"Highly Commercial Land For Sale At Maitidevi Main Road : Land For Sale In Maitidevi,",Other,2738.0
"1.5 Storey House : House For Sale In Imadol, Lalitpur","Nearby Buddha party palace, Imadol, Lalitpur",Lalitpur,13000000,4,2,1.5,1,North East,2076.0,786,0-3-0-0 Aana,13 Feet / Gravelled,13 Feet , Gravelled,750 Aana,2 months ago,"['Drainage', 'Water Supply', 'Water Tank', 'Parking']","1.5 Storey House : House For Sale In Imadol,",House,1026.75
"Commercial House Sale At Satungal Near By APF Hospital ,घर वा जमिनको साथ साटासाट गर्न सकिन्छ : House For Sale In Satungal, Kathmandu","satungal,kathmandu, Satungal, Kathmandu",Kathmandu,42500000,28,0,5.0,0,East,,460,0-5-1-1 Aana,29 Feet,29 Feet,,0-5-1 Aana,2 months ago,"['TV Cable', 'Drainage', 'Balcony', 'Water Supply', 'Electricity Backup']","Commercial House Sale At Satungal Near By Apf Hospital ,घर वा जमिनको साथ साटासाट गर्न सकिन्छ : House For Sale In Satungal,",House,1818.203125
"Attractive Land For Sale At Shankharapur , Kathmandu : Land For Sale In Gokarneshwor, Kathmandu","Shankharapur, Gokarneshwor, Kathmandu",Kathmandu,1300000,0,0,,0,North,,516,14 Aana,20 Feet / Blacktopped,20 Feet , Blacktopped,14 Aana,2 months ago,[],"Attractive Land For Sale At Shankharapur ,",Other,4791.5
"Land For Sale In Machhegaun, Kirtipur","Chandragiri nagarpalika -9, Machhegaun, Kirtipur",Kathmandu,1800000,0,0,,0,East,,503,0-4-3-0 Aana,12 Feet / Blacktopped,12 Feet , Blacktopped,N/A Sq. Feet,2 months ago,[],Satdobato,Other,1625.6875
"House On Rent At Pulchowk : House For Rent In Pulchowk, Lalitpur","pulchowk, Pulchowk, Lalitpur",Lalitpur,300000,8,5,,7,East,,192,12 Aana,0 Feet,0 Feet,,N/A Aana,2 months ago,"['Parking', 'Balcony']","House On Rent At Pulchowk : House For Rent In Pulchowk,",House,4107.0
"Commercial LAnd : Land For Sale In Balkhu, Kathmandu","kalanki, Balkhu, Kathmandu",Kathmandu,10500000,0,0,,0,East,,198,0-7-1-0 Aana,0 Feet,0 Feet,,N/A Aana,2 months ago,[],"Commercial Land : Land For Sale In Balkhu,",Other,2481.3125
"House Sale At Pokhara Buspark, Chitwan : House For Sale In Bharatpur, Chitwan","Naranghat, Bharatpur, Chitwan",Kathmandu,10500000,4,2,3.0,1,South,2009.0,461,4 Aana,13 Feet / Blacktopped,13 Feet , Blacktopped,4 Aana,2 months ago,"['Water Supply', 'Drainage', 'Water Tank']",Satdobato,House,1369.0
"New Residental House For Sale Near Grande Hospital : House For Sale In Tokha, Kathmandu","tokha road , saraswoti 3, Tokha, Kathmandu",Kathmandu,30000000,6,5,3.0,2,North,2019.0,434,5 Aana,14 Feet / Gravelled,14 Feet , Gravelled,3922.08 Sq. Feet,2 months ago,"['Parking', 'Water Tank', 'Solar Water', 'Water Supply', 'Drainage', 'Balcony']","New Residental House For Sale Near Grande Hospital : House For Sale In Tokha,",House,1711.25
"Banglow For Sale : House For Sale In Bhaisepati, Lalitpur","Bhaisepati, Bhaisepati, Lalitpur",Lalitpur,31500000,4,4,3.0,1,South,2012.0,290,4.3 Aana,12 Feet / Paved,12 Feet , Paved,N/A Aana,2 months ago,"['Garage', 'Garden', 'Balcony', 'Solar Water', 'Water Supply', 'Store Room', 'Electricity Backup']","Banglow For Sale : House For Sale In Bhaisepati,",House,1471.675
"House For Sale : House For Sale In Harisiddhi, Lalitpur","Harisiddhi, Harisiddhi, Lalitpur",Lalitpur,18000000,3,3,3.0,1,South East,,704,0-3-0-3 Aana,18 Feet,18 Feet,,N/A Aana,2 months ago,"['Parking', 'TV Cable', 'Water Tank', 'Deck', 'Balcony', 'Modular Kitchen', 'Drainage', 'Water Supply']","House For Sale : House For Sale In Harisiddhi,",House,1090.921875
"Fabulous Bungalow , Budhanilkantha : House For Sale In Budhanilkantha, Kathmandu","Na, Budhanilkantha, Kathmandu",Kathmandu,57500000,4,5,3.0,1,South West,2076.0,493,8 Aana,20 Feet / Paved,20 Feet , Paved,N/A Aana,2 months ago,"['Parking', 'Garage', 'Balcony', 'Garden', 'Water Supply', 'Drainage', 'Water Well', 'Solar Water', 'Water Tank', 'Security Staff', 'Maintenance']","Fabulous Bungalow , Budhanilkantha : House For Sale In Budhanilkantha,",Bungalow,2738.0
"House For Sale At Lampokhari, Chabahil Main Road : House For Sale In Chabahil, Kathmandu","Lampokhari, Chabahil Main Road., Chabahil, Kathmandu",Kathmandu,30000000,0,3,3.0,1,East,,115,0-2-0-0 Aana,25 Feet / Blacktopped,25 Feet , Blacktopped,N/A Aana,2 months ago,"['Parking', 'Balcony', 'Electricity Backup', 'Water Supply', 'Lawn', 'Fencing', 'Intercom', 'Internet', 'Water Well', 'TV Cable', 'Frontyard', 'Water Tank', 'Backyard']","House For Sale At Lampokhari, Chabahil Main Road : House For Sale In Chabahil,",House,684.5
"House For Rent In Prime Location (Near Satdobato, In Front Of Ring Road) : House For Rent In Mahalaxmisthan, Lalitpur","Talchhikhel, Satdobato, Mahalaxmisthan, Lalitpur",Lalitpur,100000,3,3,3.0,3,East,2001.0,223,11 Aana,20 Feet / Blacktopped,20 Feet , Blacktopped,5000 Sq. Feet,2 months ago,"['Parking', 'Balcony', 'Deck', 'Garage', 'Lawn', 'Water Tank', 'Water Well', 'Solar Water', 'Water Supply']","House For Rent In Prime Location (Near Satdobato, In Front Of Ring Road) : House For Rent In Mahalaxmisthan,",House,3764.75
"4 Anna Land For Sale At Chabahil Beside Medicare Hospital. : Land For Sale In Chabahil, Kathmandu","Chabahil Beside Medicare Hospital, Chabahil, Kathmandu",Kathmandu,15500000,0,0,,0,East,,185,0-4-0-0 Aana,18 Feet / Blacktopped,18 Feet , Blacktopped,N/A Aana,2 months ago,[],"4 Anna Land For Sale At Chabahil Beside Medicare Hospital. : Land For Sale In Chabahil,",Other,1369.0
"9.2 Anna Land For Sale At Baluwatar, 1 Kitta Inside From Main Road : Land For Sale In Baluwatar, Kathmandu","Baluwatar Beside Goma Petrol Pump, 1 Kitta Inside from Main Road., Baluwatar, Kathmandu",Kathmandu,7500000,0,0,,0,East,,137,0-9-2-0 Aana,20 Feet / Blacktopped,20 Feet , Blacktopped,N/A Aana,2 months ago,[],"9.2 Anna Land For Sale At Baluwatar, 1 Kitta Inside From Main Road : Land For Sale In Baluwatar,",Other,3251.375
"House For Sale At Ganeshthan, Chabahil Beside Raprapa Party Office : House For Sale In Chabahil, Kathmandu","Ganeshthan, Chabahil Beside Raprapa Party Office., Chabahil, Kathmandu",Kathmandu,60000000,0,0,2.0,3,East,,135,0-9-2-0 Aana,15 Feet / Blacktopped,15 Feet , Blacktopped,N/A Aana,2 months ago,"['Parking', 'Balcony', 'Drainage', 'Deck', 'Water Supply', 'Electricity Backup', 'Intercom', 'Solar Water', 'Lawn', 'Fencing', 'Garage', 'Frontyard', 'Internet', 'Kids Playground', 'Water Tank', 'Garden', 'Backyard', 'Wifi']","House For Sale At Ganeshthan, Chabahil Beside Raprapa Party Office : House For Sale In Chabahil,",House,3251.375
"Plotted Land : Land For Sale In Matatirtha, Kathmandu","Nearby Bauthali Chwok., Matatirtha, Kathmandu",Kathmandu,1200000,0,0,,0,North East,,2.6K,0-4-3-0 Aana,20 Feet / Concrete,20 Feet , Concrete,N/A Aana,2 months ago,[],"Plotted Land : Land For Sale In Matatirtha,",Other,1625.6875
"0-5-0-0 Aana Commercial Land : Land For Sale In Kadaghari, Kathmandu","Nearby Suncity Apartment, Kadaghari, Kathmandu",Kathmandu,2700000,0,0,,0,North East,,1.4K,0-5-0-0 Aana,12 Feet / Blacktopped,12 Feet , Blacktopped,3600 Sq. Feet,2 months ago,"['Drainage', 'Water Supply']","0-5-0-0 Aana Commercial Land : Land For Sale In Kadaghari,",Other,1711.25
"Brand New : House For Sale In Sankhamul, Kathmandu","Nearby Valley Top Driving Center, Sankhamul, Kathmandu",Kathmandu,35000000,7,3,2.5,2,West,2076.0,1.5K,0-3-2-2 Aana,12 Feet / Paved,12 Feet , Paved,3600 Sq. Feet,2 months ago,"['Balcony', 'Fencing', 'Modular Kitchen', 'TV Cable', 'Drainage', 'Water Supply', 'Solar Water', 'Water Tank', 'Internet', 'Parking', 'Store Room']","Brand New : House For Sale In Sankhamul,",House,1240.65625
"0-9-0-0 Aana Land : Land For Sale In Kalanki, Kathmandu","Maitrinagar, Kalanki, Kathmandu",Kathmandu,3600000,0,0,,0,East,,1.2K,0-9-0-0 Aana,16 Feet / Blacktopped,16 Feet , Blacktopped,N/A Aana,2 months ago,"['Fencing', 'TV Cable', 'Drainage', 'Water Supply', 'Internet']","0-9-0-0 Aana Land : Land For Sale In Kalanki,",Other,3080.25
"House On Sale At Chabahil (50m Towards Ganeshsthan) ) : House For Sale In Chabahil, Kathmandu","Chabahil, Charumati bihar, Chabahil, Kathmandu",Kathmandu,25000000,6,4,4.0,2,East,2000.0,479,2.5 Aana,20 Feet / Paved,20 Feet , Paved,2.5 Aana,2 months ago,"['Parking', 'Balcony', 'Drainage', 'Water Supply', 'Water Tank', 'Internet', 'Kids Playground']","House On Sale At Chabahil (50M Towards Ganeshsthan) ) : House For Sale In Chabahil,",House,855.625
"Beautiful House Sale At Gothatar, Bhaktapur, Nepal : House For Sale In Gothatar, Kathmandu","Gothatar, Gothatar, Kathmandu",Kathmandu,15500000,0,0,2.0,0,North,2015.0,601,0-3-2-0 Aana,13 Feet / Blacktopped,13 Feet , Blacktopped,0-3-2-0 Aana,2 months ago,"['Parking', 'Balcony', 'Internet', 'Water Tank']","Beautiful House Sale At Gothatar, Bhaktapur, Nepal : House For Sale In Gothatar,",House,1197.875
"13 Anna Land For Sale At Chabahil Main Road, Inside Ring Road Track. : Land For Sale In Chabahil, Kathmandu","13 Anna Land For Sale At Chabahil Main Road, Inside Ring Road Track., Chabahil, Kathmandu",Kathmandu,9500000,0,0,,0,East,,123,0-13-0-0 Aana,40 Feet / Blacktopped,40 Feet , Blacktopped,N/A Aana,2 months ago,[],"13 Anna Land For Sale At Chabahil Main Road, Inside Ring Road Track. : Land For Sale In Chabahil,",Other,4449.25
"House For Sale At Putalisadak Behind Star Mall, Just 100 Meters From Main Road. : House For Sale In Putalisadak, Kathmandu","Putalisadak Behind Star Mall, 100 Meters From Main Road, Putalisadak, Kathmandu",Kathmandu,75000000,0,0,5.0,0,East,,215,0-9-0-0 Aana,12 Feet / Blacktopped,12 Feet , Blacktopped,N/A Aana,2 months ago,"['Parking', 'Balcony', 'Drainage', 'Electricity Backup', 'Water Supply', 'Lawn', 'Fencing', 'Intercom', 'Internet', 'Water Well', 'Frontyard', 'Garage', 'TV Cable', 'Garden', 'Water Tank', 'Kids Playground', 'CCTV', 'Backyard']","House For Sale At Putalisadak Behind Star Mall, Just 100 Meters From Main Road. : House For Sale In Putalisadak,",House,3080.25
"13 Anna Land At For Sale At Chabahil, Dhobikhola Corridor : Land For Sale In Chabahil, Kathmandu","Chabahil, Dhobikhola Corridor, Chabahil, Kathmandu",Kathmandu,3500000,0,0,,0,East,,201,0-13-0-0 Aana,25 Feet / Blacktopped,25 Feet , Blacktopped,N/A Aana,2 months ago,[],"13 Anna Land At For Sale At Chabahil, Dhobikhola Corridor : Land For Sale In Chabahil,",Other,4449.25
"40 Anna Commercial Land For Sale At Nardevi Basantapur, New Road : Land For Sale In Basantapur, Kathmandu","West Of Nardevi Temple At Nardevi, Basantapur, New Road., Basantapur, Kathmandu",Kathmandu,7500000,0,0,,0,East,,192,0-40-0-0 Aana,15 Feet / Blacktopped,15 Feet , Blacktopped,N/A Aana,2 months ago,[],"40 Anna Commercial Land For Sale At Nardevi Basantapur, New Road : Land For Sale In Basantapur,",Other,13690.0
"House At Chabahil Beside Pashupati Campus, 100 Meter From Ring Road : House For Sale In Chabahil, Kathmandu","Chabahil Beside Pashupati Campus, 100 Meter From Ring Road, Chabahil, Kathmandu",Kathmandu,75000000,0,0,3.0,0,East,,150,0-10-0-0 Aana,16 Feet / Gravelled,16 Feet , Gravelled,N/A Aana,2 months ago,"['Parking', 'Balcony', 'Microwave', 'Drainage', 'Electricity Backup', 'Water Supply', 'Modular Kitchen', 'Deck', 'Lawn', 'Fencing', 'Solar Water', 'Intercom', 'Internet', 'Water Well', 'TV Cable', 'Frontyard', 'Garage', 'Air Condition', 'Garden', 'Washing Machine', 'Water Tank', 'Kids Playground', 'Wifi', 'Backyard']","House At Chabahil Beside Pashupati Campus, 100 Meter From Ring Road : House For Sale In Chabahil,",House,3422.5
"8 Anna Land For Sale At Sifal, Chabahil : Land For Sale In Chabahil, Kathmandu","Sifal, Chabahil, Chabahil, Kathmandu",Kathmandu,4500000,0,0,,0,East,,94,0-8-0-0 Aana,16 Feet / Blacktopped,16 Feet , Blacktopped,N/A Aana,2 months ago,[],"8 Anna Land For Sale At Sifal, Chabahil : Land For Sale In Chabahil,",Other,2738.0
"9 Anna Perfect Residential Land For Sale At Budhanilkantha : Land For Sale In Budhanilkantha, Kathmandu","Budhanilkantha, Budhanilkantha, Kathmandu",Kathmandu,3700000,0,0,,0,East,,131,0-9-0-0 Aana,16 Feet / Gravelled,16 Feet , Gravelled,N/A Aana,2 months ago,[],"9 Anna Perfect Residential Land For Sale At Budhanilkantha : Land For Sale In Budhanilkantha,",Other,3080.25
"6 Anna House For Sale At Ratopul : House For Sale In Ratopul, Kathmandu","Ratopul, Ratopul, Kathmandu",Kathmandu,39500000,0,0,4.0,3,East,,228,0-6-0-0 Aana,18 Feet / Blacktopped,18 Feet , Blacktopped,N/A Aana,2 months ago,"['Parking', 'Balcony', 'Drainage', 'Electricity Backup', 'Water Supply', 'Lawn', 'Fencing', 'Solar Water', 'Internet', 'Intercom', 'Water Well', 'TV Cable', 'Frontyard', 'Garage', 'Garden', 'Washing Machine', 'Water Tank', 'Kids Playground', 'Wifi', 'Backyard']","6 Anna House For Sale At Ratopul : House For Sale In Ratopul,",House,2053.5
"Restaurant For Rent : Business For Rent In Mahendrapul, Pokhara","74, Mahendrapul, Pokhara",Kathmandu,70000,0,2,,0,East,,173,1600 Sq. Feet,0 Feet,0 Feet,,N/A Aana,2 months ago,[],Satdobato,Other,1600.0
"Flat Rent At Balaju (Godaun Storage / Office Use) : Flat For Rent In Balaju, Kathmandu","Main road, Balaju, Kathmandu",Kathmandu,18000,1,1,1.0,4,East,,444,375 Sq. Feet,20 Feet,20 Feet,,N/A Aana,2 months ago,"['Parking', 'Balcony', 'Water Tank', 'Store Room']","Flat Rent At Balaju (Godaun Storage / Office Use) : Flat For Rent In Balaju,",Flat,375.0
"10 Anna Land For Sale At Basbari Behind Shambhala Hotel : Land For Sale In Basbari, Kathmandu","Basbari Behind Shambhala Hotel, Basbari, Kathmandu",Kathmandu,5000000,0,0,,0,East,,105,0-10-0-0 Aana,16 Feet / Gravelled,16 Feet , Gravelled,N/A Aana,2 months ago,[],"10 Anna Land For Sale At Basbari Behind Shambhala Hotel : Land For Sale In Basbari,",Other,3422.5
"Golfutar Family Bungalow : House For Sale In Golfutar, Kathmandu","Na, Golfutar, Kathmandu",Kathmandu,37000000,5,6,3.0,2,South,2076.0,492,4 Aana,20 Feet / Blacktopped,20 Feet , Blacktopped,N/A Aana,2 months ago,"['Garage', 'Parking', 'Water Supply', 'Drainage', 'Water Well', 'Solar Water']","Golfutar Family Bungalow : House For Sale In Golfutar,",Bungalow,1369.0
"Spacious Office Area For Rent At A Very Reasonable Price... : Office Space For Rent In Mahendrapul, Pokhara","74, Mahendrapul, Pokhara",Kathmandu,40000,0,0,3.0,0,East,,292,800 Sq. Feet,0 Feet,0 Feet,,N/A Aana,2 months ago,[],Satdobato,Other,800.0
"House On SALE In Dhapakhel : House For Sale In Dhapakhel, Lalitpur","dhapakhel height, Dhapakhel, Lalitpur",Lalitpur,25600000,0,0,4.0,1,East,2013.0,101,0-4-0-0 Aana,10 Feet / Gravelled,10 Feet , Gravelled,4100 Sq. Feet,2 months ago,"['Parking', 'Balcony', 'Fencing', 'Wifi', 'Water Supply', 'Solar Water', 'Water Well', 'Water Tank', 'Internet']","House On Sale In Dhapakhel : House For Sale In Dhapakhel,",House,1369.0
"Full Furnished House For Rent At Jawakhel : House For Rent In Jawalakhel, Lalitpur","jawalakhel, Jawalakhel, Lalitpur",Lalitpur,78000,4,4,,1,East,,176,5 Aana,0 Feet,0 Feet,,N/A Aana,2 months ago,"['Parking', 'Balcony', 'Microwave', 'Drainage', 'Modular Kitchen', 'Water Supply', 'TV Cable', 'Water Well', 'Internet', 'Garden']","Full Furnished House For Rent At Jawakhel : House For Rent In Jawalakhel,",House,1711.25
"Fully Furnished Brand New House For Sale At Housing, Budhanilkantha. : House For Sale In Budhanilkantha, Kathmandu","Road Show Housing, Budhanilkantha., Budhanilkantha, Kathmandu",Kathmandu,36500000,5,4,2.0,2,East,2020.0,350,0-5-5-0 Aana,20 Feet / Blacktopped,20 Feet , Blacktopped,N/A Aana,2 months ago,"['Parking', 'Balcony', 'Microwave', 'Drainage', 'Cafeteria', 'Electricity Backup', 'Water Supply', 'Modular Kitchen', 'Deck', 'Jacuzzi', 'Lawn', 'Fencing', 'Swimming Pool', 'Solar Water', 'Intercom', 'Internet', 'Water Well', 'TV Cable', 'Frontyard', 'Garage', 'Air Condition', 'Garden', 'Washing Machine', 'Kids Playground', 'Water Tank', 'Backyard', 'Gym', 'Wifi', 'CCTV', 'Lift']","Fully Furnished Brand New House For Sale At Housing, Budhanilkantha. : House For Sale In Budhanilkantha,",House,2139.0625
"Bungalow For Sale At Golfutar Height, 80 Meter From Highway : House For Sale In Golfutar, Kathmandu","Golfutar Height, 80 Meter From Highway, Golfutar, Kathmandu",Kathmandu,102500000,5,0,2.0,0,East,,266,1-3-0-0 Aana,20 Feet / Blacktopped,20 Feet , Blacktopped,N/A Aana,2 months ago,"['Parking', 'Balcony', 'Microwave', 'Drainage', 'Cafeteria', 'Electricity Backup', 'Water Supply', 'Modular Kitchen', 'Deck', 'Jacuzzi', 'Lawn', 'Fencing', 'Swimming Pool', 'Solar Water', 'Intercom', 'Internet', 'Water Well', 'TV Cable', 'Frontyard', 'Garage', 'Air Condition', 'Garden', 'Washing Machine', 'Water Tank', 'Kids Playground', 'Lift', 'CCTV', 'Wifi', 'Gym', 'Backyard']","Bungalow For Sale At Golfutar Height, 80 Meter From Highway : House For Sale In Golfutar,",Bungalow,6502.75
"30 Dhur For Sale - Pokharia - Biratnagar : Land For Sale In Pokharia, Biratnagar","Pratap Marg, Pokharia, Biratnagar",Kathmandu,899999,0,0,,0,East,,129,30 Dhur,0 Feet / Blacktopped,0 Feet , Blacktopped,N/A Dhur,2 months ago,[],Satdobato,Other,2187000.0
"Brand New House For Sale At Sano Bharyang : House For Sale In Sanobharyang, Kathmandu","Sano Bharyang, Sanobharyang, Kathmandu",Kathmandu,22500000,5,3,3.0,1,East,2020.0,238,0-3-1-0 Aana,14 Feet / Blacktopped,14 Feet , Blacktopped,N/A Aana,2 months ago,"['Parking', 'Lawn', 'Garage', 'Air Condition', 'Backyard', 'Garden', 'Frontyard', 'Fencing', 'Deck', 'Balcony', 'Microwave', 'Modular Kitchen', 'TV Cable', 'Washing Machine', 'Wifi', 'CCTV', 'Water Tank', 'Water Well', 'Solar Water', 'Water Supply', 'Drainage', 'Cafeteria', 'Electricity Backup', 'Intercom', 'Internet']","Brand New House For Sale At Sano Bharyang : House For Sale In Sanobharyang,",House,1112.3125
"Brand New House For Sale At Sano Bharyang Near Ring Road : House For Sale In Sano Bharyang, Kathmandu","Sano Bharyang Near Ring Road, Sano Bharyang, Kathmandu",Kathmandu,23500000,5,3,3.0,2,East,2020.0,175,0-3-0-0 Aana,15 Feet / Blacktopped,15 Feet , Blacktopped,N/A Aana,2 months ago,"['Parking', 'Lawn', 'Garage', 'Air Condition', 'Backyard', 'Garden', 'Frontyard', 'Fencing', 'Deck', 'Balcony', 'Modular Kitchen', 'TV Cable', 'Washing Machine', 'Wifi', 'CCTV', 'Water Tank', 'Water Well', 'Solar Water', 'Water Supply', 'Drainage', 'Cafeteria', 'Electricity Backup', 'Intercom', 'Internet', 'Kids Playground']","Brand New House For Sale At Sano Bharyang Near Ring Road : House For Sale In Sano Bharyang,",House,1026.75
"Brand New House For Sale At Pasikot, Budhanilkantha : House For Sale In Budhanilkantha, Kathmandu","Pasikot, Budhanilkantha, Budhanilkantha, Kathmandu",Kathmandu,22500000,4,3,3.0,1,East,2076.0,271,0-3-0-3 Aana,15 Feet / Gravelled,15 Feet , Gravelled,N/A Aana,2 months ago,"['Parking', 'Lawn', 'Garage', 'Backyard', 'Garden', 'Frontyard', 'Fencing', 'Deck', 'Balcony', 'Microwave', 'Modular Kitchen', 'TV Cable', 'Washing Machine', 'Wifi', 'CCTV', 'Water Tank', 'Water Well', 'Solar Water', 'Water Supply', 'Drainage', 'Cafeteria', 'Electricity Backup', 'Intercom', 'Internet']","Brand New House For Sale At Pasikot, Budhanilkantha : House For Sale In Budhanilkantha,",House,1090.921875
"5 Bhk House New House At Rudreshwor Budhanilkanta 200 Mtr From Highway : House For Sale In Budhanilkantha, Kathmandu","Rudreshwor Budhanilkanta 200 Mtr From Highway, Budhanilkantha, Kathmandu",Kathmandu,32500000,5,4,3.0,1,East,2020.0,204,0-4-0-0 Aana,15 Feet / Gravelled,15 Feet , Gravelled,N/A Aana,2 months ago,"['Parking', 'Lawn', 'Garage', 'Air Condition', 'Backyard', 'Garden', 'Frontyard', 'Fencing', 'Deck', 'Balcony', 'Microwave', 'Modular Kitchen', 'TV Cable', 'Washing Machine', 'Wifi', 'CCTV', 'Water Tank', 'Water Well', 'Solar Water', 'Water Supply', 'Drainage', 'Cafeteria', 'Electricity Backup', 'Intercom', 'Internet', 'Kids Playground']","5 Bhk House New House At Rudreshwor Budhanilkanta 200 Mtr From Highway : House For Sale In Budhanilkantha,",House,1369.0
"12 Anna 5 Bhk Bungalow For Sale At Chapali, Budhanilkantha : House For Sale In Chapali, Kathmandu","Chapali, Budhanilkantha, Chapali, Kathmandu",Kathmandu,42500000,5,0,3.0,4,East,,210,0-12-0-0 Aana,15 Feet / Blacktopped,15 Feet , Blacktopped,N/A Aana,2 months ago,"['Parking', 'Lawn', 'Air Condition', 'Frontyard', 'Garage', 'Backyard', 'Garden', 'Fencing', 'Deck', 'Balcony', 'Microwave', 'Modular Kitchen', 'Wifi', 'CCTV', 'Water Tank', 'Water Well', 'Electricity Backup', 'Water Supply', 'Solar Water', 'Drainage', 'Cafeteria', 'Intercom', 'Internet', 'Kids Playground']","12 Anna 5 Bhk Bungalow For Sale At Chapali, Budhanilkantha : House For Sale In Chapali,",Bungalow,4107.0
"House On Sale At Mahadevsthan , Thankot : House For Sale In Thankot, Kathmandu","madevsthan, Thankot, Kathmandu",Kathmandu,11000000,10,3,2.0,0,East,2072.0,538,4 Aana,3 Feet,3 Feet,,N/A Aana,2 months ago,"['Electricity Backup', 'Solar Water']","House On Sale At Mahadevsthan , Thankot : House For Sale In Thankot,",House,1369.0
"5 Anna Semi Bungalow For Sale At Sukedhara Inside Ring Road : House For Sale In Sukedhara, Kathmandu","Sukedhara Near Chauki, Sukedhara, Kathmandu",Kathmandu,42500000,5,3,2.0,1,East,,147,0-5-0-0 Aana,12 Feet / Paved,12 Feet , Paved,N/A Aana,2 months ago,"['Parking', 'Lawn', 'Garage', 'Air Condition', 'Backyard', 'Garden', 'Fencing', 'Frontyard', 'Deck', 'Balcony', 'Microwave', 'Modular Kitchen', 'TV Cable', 'Washing Machine', 'Wifi', 'CCTV', 'Water Tank', 'Water Well', 'Solar Water', 'Water Supply', 'Drainage', 'Cafeteria', 'Electricity Backup', 'Intercom', 'Internet', 'Kids Playground']","5 Anna Semi Bungalow For Sale At Sukedhara Inside Ring Road : House For Sale In Sukedhara,",Bungalow,1711.25
"House For Sale In Budhanilkantha, Kathmandu","Ganesh Chowk, Budhanilkantha, Kathmandu",Kathmandu,35000000,5,4,2.0,2,East,2020.0,280,0-6-0-0 Aana,18 Feet / Gravelled,18 Feet , Gravelled,N/A Aana,2 months ago,"['Parking', 'Lawn', 'Garage', 'Air Condition', 'Backyard', 'Garden', 'Frontyard', 'Fencing', 'Deck', 'Balcony', 'Microwave', 'Modular Kitchen', 'TV Cable', 'Washing Machine', 'Wifi', 'CCTV', 'Water Tank', 'Water Well', 'Solar Water', 'Water Supply', 'Drainage', 'Cafeteria', 'Electricity Backup', 'Intercom', 'Internet', 'Kids Playground']","House For Sale In Budhanilkantha,",House,2053.5
"Plotting Land For Sale At Tokha In 20 Feet Pitched Road. : Land For Sale In Tokha, Kathmandu","Tokha, Tokha, Kathmandu",Kathmandu,2200000,0,0,,0,East,,194,0-5-0-0 Aana,20 Feet / Blacktopped,20 Feet , Blacktopped,N/A Aana,2 months ago,[],"Plotting Land For Sale At Tokha In 20 Feet Pitched Road. : Land For Sale In Tokha,",Other,1711.25
"5 Anna Land For Sale At Chapali Ghumti : Land For Sale In Chapali, Kathmandu","Chapali, Chapali, Kathmandu",Kathmandu,2400000,0,0,,0,East,,107,0-5-0-0 Aana,16 Feet / Blacktopped,16 Feet , Blacktopped,N/A Aana,2 months ago,[],"5 Anna Land For Sale At Chapali Ghumti : Land For Sale In Chapali,",Other,1711.25
"Pasikot Ghumti Land : Land For Sale In Budhanilkantha, Kathmandu","Na, Budhanilkantha, Kathmandu",Kathmandu,2400000,0,0,,0,South East,,422,5 Aana,12 Feet / Gravelled,12 Feet , Gravelled,N/A Aana,2 months ago,[],"Pasikot Ghumti Land : Land For Sale In Budhanilkantha,",Other,1711.25
"Land On Sale In Chabahil, Kathmandu : Land For Sale In Anamnagar, Kathmandu","chabahil, maijubahal, maijumilan tole, Anamnagar, Kathmandu",Kathmandu,6000000,0,0,0.0,0,East,,351,0-3-0 Sq. Feet,13 Feet / Gravelled,13 Feet , Gravelled,N/A Sq. Feet,2 months ago,[],"Land On Sale In Chabahil,",Other,1026.75
"Hepali Height 13 Ana : Land For Sale In Golfutar, Kathmandu","NA, Golfutar, Kathmandu",Kathmandu,2700000,0,0,,0,West,,368,13 Aana,13 Feet / Blacktopped,13 Feet , Blacktopped,N/A Aana,2 months ago,[],"Hepali Height 13 Ana : Land For Sale In Golfutar,",Other,4449.25
"Tokha Plotting Land : Land For Sale In Tokha, Kathmandu","NA, Tokha, Kathmandu",Kathmandu,2300000,0,0,,0,East,,415,6 Aana,20 Feet / Blacktopped,20 Feet , Blacktopped,N/A Aana,2 months ago,[],"Tokha Plotting Land : Land For Sale In Tokha,",Other,2053.5
"Golfutar Height Bungalow : House For Sale In Golfutar, Kathmandu","Na, Golfutar, Kathmandu",Kathmandu,37000000,5,5,3.0,1,South,2076.0,1.2K,4 Aana,20 Feet / Blacktopped,20 Feet , Blacktopped,N/A Aana,2 months ago,"['Parking', 'Garage', 'Water Supply', 'Drainage', 'Solar Water', 'Water Well', 'Water Tank']","Golfutar Height Bungalow : House For Sale In Golfutar,",Bungalow,1369.0
"Sukedhara New Home : House For Sale In Sukedhara, Kathmandu","Na, Sukedhara, Kathmandu",Kathmandu,45000000,6,6,3.0,3,East,2076.0,198,6 Aana,20 Feet / Blacktopped,20 Feet , Blacktopped,N/A Aana,2 months ago,"['Parking', 'Garage', 'Water Supply', 'Drainage', 'Water Well', 'Solar Water']","Sukedhara New Home : House For Sale In Sukedhara,",House,2053.5
"Land For Sale In Birgunj, Parsa","Shreepur-11 Birgunj Nepal, Birgunj, Parsa",Kathmandu,550000,0,0,,0,South,,164,4.5 Dhur,6 Feet,6 Feet,,N/A Aana,2 months ago,[],Satdobato,Other,328050.0
"11 Ana House For Sale At Bagdol : House For Sale In Baghdol, Lalitpur","Enar Chowk, Baghdol, Lalitpur",Lalitpur,39000000,2,1,1.0,2,East,,362,11 Aana,0 Feet,0 Feet,,N/A Aana,2 months ago,"['Fencing', 'Frontyard', 'Backyard', 'Garden', 'Drainage', 'Water Well', 'Parking', 'Water Tank', 'Lawn']","11 Ana House For Sale At Bagdol : House For Sale In Baghdol,",House,3764.75
"House For Sale At Manamaiju : House For Sale In Manamaiju, Kathmandu","Kathmandu, Manmaiju, Manamaiju, Kathmandu",Kathmandu,17000000,5,3,3.0,1,East,,764,3.75 Aana,12 Feet / Paved,12 Feet , Paved,N/A Aana,2 months ago,"['Balcony', 'Parking', 'Solar Water', 'Drainage', 'Water Supply']","House For Sale At Manamaiju : House For Sale In Manamaiju,",House,1283.4375
"House For Rent At Maharajgunj : House For Rent In Maharajgunj, Kathmandu","maharajgunj, Maharajgunj, Kathmandu",Kathmandu,100000,5,4,,2,East,,289,11 Aana,0 Feet,0 Feet,,N/A Aana,2 months ago,"['Modular Kitchen', 'Parking', 'Water Supply', 'Garden', 'Water Tank']","House For Rent At Maharajgunj : House For Rent In Maharajgunj,",House,3764.75
"House On Rent At Vinayak Colony : House For Rent In Bhaisepati, Lalitpur","Bhaisepati, Bhaisepati, Lalitpur",Lalitpur,75000,3,3,,1,East,,644,5.5 Aana,0 Feet,0 Feet,,N/A Aana,2 months ago,"['Parking', 'Balcony', 'Garden', 'Modular Kitchen', 'Security Staff']","House On Rent At Vinayak Colony : House For Rent In Bhaisepati,",House,1882.375
"Residential : House For Sale In Goldhunga, Kathmandu","Nagarjun School, Goldhunga, Kathmandu",Kathmandu,16500000,6,3,2.5,1,South East,2076.0,5.7K,0-3-0-0 Aana,10 Feet / Gravelled,10 Feet , Gravelled,N/A Aana,2 months ago,"['Balcony', 'TV Cable', 'Drainage', 'Water Supply', 'Water Tank', 'Parking', 'Store Room']","Residential : House For Sale In Goldhunga,",House,1026.75
"Ramkot House : House For Sale In Sitapaila, Kathmandu","Ramkot, Sitapaila, Kathmandu",Kathmandu,20500000,4,4,2.5,1,East,2076.0,7.8K,0-3-3-0 Aana,13 Feet / Blacktopped,13 Feet , Blacktopped,2300 Sq. Feet,2 months ago,"['Balcony', 'Fencing', 'Modular Kitchen', 'TV Cable', 'Wifi', 'Drainage', 'Water Supply', 'Solar Water', 'Water Tank', 'Parking', 'Store Room']","Ramkot House : House For Sale In Sitapaila,",House,1283.4375
"Ghar Bikrima : House For Sale In Imadol, Lalitpur","Bojopokhari, Imadol, Lalitpur",Lalitpur,25000000,7,6,3.0,3,North East,2020.0,304,4.75 Aana,13 Feet / Blacktopped,13 Feet , Blacktopped,N/A Aana,2 months ago,"['Backyard', 'Balcony', 'Frontyard', 'Modular Kitchen', 'Drainage', 'Water Supply', 'Solar Water', 'Water Tank', 'Water Well', 'Parking']","Ghar Bikrima : House For Sale In Imadol,",House,1625.6875
"2 Storey House On Sale At Gathaghar : House For Sale In Gatthaghar, Bhaktapur","kausaltar, Gatthaghar, Bhaktapur",Bhaktapur,12500000,0,0,2.0,0,East,,1.9K,3 Aana,16 Feet,16 Feet,,N/A Aana,2 months ago,['Parking'],"2 Storey House On Sale At Gathaghar : House For Sale In Gatthaghar,",House,1026.75
"Ghar Bikrima : House For Sale In Imadol, Lalitpur","Imadol, Imadol, Lalitpur",Lalitpur,21000000,4,5,1.0,1,South West,2019.0,621,4 Aana,20 Feet / Gravelled,20 Feet , Gravelled,2200 Aana,2 months ago,[],"Ghar Bikrima : House For Sale In Imadol,",House,1369.0
"Flat For Rent In Koteshwor, Kathmandu","koteshwor, Koteshwor, Kathmandu",Kathmandu,60000,0,4,3.0,1,East,2015.0,276,900 Sq. Feet,30 Meter / Blacktopped,30 Meter , Blacktopped,1200 Aana,2 months ago,"['Parking', 'TV Cable']","Flat For Rent In Koteshwor,",Flat,900.0
"Land On Sale : Land For Sale In Changunarayan, Bhaktapur","Duwakot, Changunarayan, Bhaktapur",Bhaktapur,3500000,0,0,,0,East,,393,0-12-2-0 Aana,500 Meter,500 Meter,,0-12-2-0 Aana,2 months ago,[],"Land On Sale : Land For Sale In Changunarayan,",Other,4278.125
"Land On Sale : Land For Sale In Suryabinayak, Bhaktapur","Siphadol, Suryabinayak, Bhaktapur",Bhaktapur,600000,0,0,,0,East,,747,16-4-0-0 Aana,300 Feet,300 Feet,,16-4-0-0 Aana,2 months ago,[],"Land On Sale : Land For Sale In Suryabinayak,",Other,88985.0
"Land On Sale : Land For Sale In Godawari, Lalitpur","Champi, Dukuchhap, Godawari, Lalitpur",Lalitpur,420000,0,0,,0,East,,305,52-10-3-2 Aana,500 Feet,500 Feet,,52-10-3-2 Aana,2 months ago,[],"Land On Sale : Land For Sale In Godawari,",Other,288473.96875
"House And Land On Sale : Land For Sale In Godawari, Lalitpur","Taukhel, Godawari, Lalitpur",Lalitpur,2000000,0,0,,0,East,,191,3-10-1-0 Ropani,500 Meter,500 Meter,,3-10-1-0 Ropani,2 months ago,[],"House And Land On Sale : Land For Sale In Godawari,",House,19936.0625
"Furnished Flat Rent In Baghdol : Flat For Rent In Baghdol, Lalitpur","House rent in Bagdol, Baghdol, Lalitpur",Lalitpur,50000,2,1,,1,South West,,220,1-6-0-0 Aana,10 Feet,10 Feet,,N/A Aana,2 months ago,"['Parking', 'Air Condition', 'Garage', 'Garden', 'Solar Water', 'Water Supply', 'Drainage']","Furnished Flat Rent In Baghdol : Flat For Rent In Baghdol,",Flat,7529.5
"House Rent In Lazimpat : House For Rent In Lazimpat, Kathmandu","gairidhara, Lazimpat, Kathmandu",Kathmandu,175000,0,0,2.0,6,South,,267,1-0-0-0 Ropani,14 Feet,14 Feet,,N/A Aana,2 months ago,"['Parking', 'Garage', 'Balcony', 'Garden', 'Water Supply']","House Rent In Lazimpat : House For Rent In Lazimpat,",House,5476.0
"House For Rent In Mhepi, Kathmandu","Mhepi, Mhepi, Kathmandu",Kathmandu,160000,6,5,3.0,8,South,,167,1-0-0-0 Ropani,20 Feet,20 Feet,,N/A Aana,2 months ago,"['Parking', 'Balcony', 'Garden', 'Drainage', 'Water Supply', 'Water Tank']","House For Rent In Mhepi,",House,5476.0
"4 Aana Land : Land For Sale In Budhanilkantha, Kathmandu","Budhanilkantha Mandir, Budhanilkantha, Kathmandu",Kathmandu,2500000,0,0,,0,West,,1.4K,0-4-0-0 Aana,12 Feet / Gravelled,12 Feet , Gravelled,N/A Aana,2 months ago,"['Drainage', 'Water Supply']","4 Aana Land : Land For Sale In Budhanilkantha,",Other,1369.0
"Land On Sale : Land For Sale In Teku, Kathmandu","Mayalbari, Teku, Kathmandu",Kathmandu,6000000,0,0,,0,East,,118,2-1-2-0 Aana,300 Meter,300 Meter,,2-1-2-0 Aana,2 months ago,[],"Land On Sale : Land For Sale In Teku,",Other,11465.375
"Akase Dhara House : House For Sale In Kapan, Kathmandu","akase dhara, Kapan, Kathmandu",Kathmandu,18000000,6,3,3.0,2,South,2070.0,639,0-4-3 Sq. Feet,13 Feet / Concrete,13 Feet , Concrete,0-4-0 Sq. Feet,2 months ago,"['Parking', 'Water Tank', 'Modular Kitchen', 'Fencing', 'Fencing', 'Water Well', 'Parking', 'Electricity Backup', 'Balcony', 'Water Well', 'Balcony', 'Water Tank', 'Modular Kitchen', 'Electricity Backup']","Akase Dhara House : House For Sale In Kapan,",House,1625.6875
"Harmony Residency : House For Sale In Bhaisepati, Lalitpur","Sainbu, Bhaisepati, Lalitpur",Lalitpur,35200000,4,4,,1,East,2020.0,209,0-5-2-0 Aana,20 Feet / Blacktopped,20 Feet , Blacktopped,2380 Sq. Feet,2 months ago,"['Balcony', 'Fencing', 'TV Cable', 'Water Supply', 'Drainage', 'CCTV', 'Parking']","Harmony Residency : House For Sale In Bhaisepati,",House,1882.375
"Flat : Flat For Rent In Swayambhu, Kathmandu","Kimdol, Swayambhu, Kathmandu",Kathmandu,35000,3,2,3.0,1,East,,542,10 Aana,0 Feet,0 Feet,,8 Aana,2 months ago,"['Parking', 'Balcony', 'Solar Water', 'Electricity Backup']","Flat : Flat For Rent In Swayambhu,",Flat,3422.5
"Harmony Residency : House For Sale In Bhaisepati, Lalitpur","Sainbu, Bhaisepati, Lalitpur",Lalitpur,37100000,4,4,,1,West,2020.0,380,0-6-0-0 Aana,20 Feet / Blacktopped,20 Feet , Blacktopped,2380 Sq. Feet,2 months ago,"['Balcony', 'TV Cable', 'Water Supply', 'Drainage', 'Parking']","Harmony Residency : House For Sale In Bhaisepati,",House,2053.5
"3-Storey House For Sale In Gairidhara : House For Sale In Gairidhara, Kathmandu","Gairidhara, Gairidhara, Kathmandu",Kathmandu,55000000,4,5,3.0,4,East,,786,0-5-0-0 Aana,14 Feet / Paved,14 Feet , Paved,N/A Aana,2 months ago,"['Balcony', 'Modular Kitchen', 'Drainage', 'Water Supply', 'Parking', 'Store Room', 'Security Staff']","3-Storey House For Sale In Gairidhara : House For Sale In Gairidhara,",House,1711.25
"Harmony Residency : House For Sale In Bhaisepati, Lalitpur","Sainbu, Bhaisepati, Lalitpur",Lalitpur,34500000,4,4,,1,West,2020.0,193,0-5-1-0 Aana,20 Feet / Blacktopped,20 Feet , Blacktopped,2380 Sq. Feet,2 months ago,"['Balcony', 'Fencing', 'TV Cable', 'Water Supply', 'Drainage', 'CCTV', 'Parking']","Harmony Residency : House For Sale In Bhaisepati,",House,1796.8125
"Land For Sale At Gokarna : Land For Sale In Gokarneshwor, Kathmandu","Gokarna, Gokarneshwor, Kathmandu",Kathmandu,1650000,0,0,,0,West,,433,22 Aana,28 Feet,28 Feet,,N/A Aana,2 months ago,[],"Land For Sale At Gokarna : Land For Sale In Gokarneshwor,",Other,7529.5
"Budhanilkantha Furnished Bungalow : House For Sale In Budhanilkantha, Kathmandu","Na, Budhanilkantha, Kathmandu",Kathmandu,45000000,5,6,3.0,3,North East,2075.0,559,6 Aana,13 Feet / Paved,13 Feet , Paved,N/A Aana,2 months ago,"['Garage', 'Balcony', 'Air Condition', 'Garden', 'Modular Kitchen', 'Drainage', 'Solar Water', 'Water Supply', 'Water Tank', 'Parking']","Budhanilkantha Furnished Bungalow : House For Sale In Budhanilkantha,",Bungalow,2053.5
"Sanobharyang 3.1 Ana 1.3 Km : House For Sale In Sanobharyang, Kathmandu","Na, Sanobharyang, Kathmandu",Kathmandu,22500000,6,5,3.0,1,East,2076.0,274,3.1 Aana,14 Feet / Gravelled,14 Feet , Gravelled,N/A Aana,2 months ago,"['Garage', 'Modular Kitchen', 'Drainage', 'Water Tank', 'Water Supply']","Sanobharyang 3.1 Ana 1.3 Km : House For Sale In Sanobharyang,",House,1060.9750000000001
"3 Flats On Rent : Flat For Rent In Imadol, Lalitpur","27.6564024, Imadol, Lalitpur",Lalitpur,30000,3,2,4.0,1,North East,2018.0,687,8 Aana,10 Feet / Blacktopped,10 Feet , Blacktopped,6 Aana,2 months ago,"['Fencing', 'Balcony', 'Modular Kitchen', 'Drainage', 'Water Supply', 'Water Tank', 'Water Well', 'Parking']","3 Flats On Rent : Flat For Rent In Imadol,",Flat,2738.0
"Hetauda Children Park Najik Pragati Path Ma Ghar Jagga Bikrima : House For Sale In Hetauda, Makwanpur","pragati path hetauda-5, Hetauda, Makwanpur",Kathmandu,700000,4,2,1.0,1,North,,183,22 Dhur,4 Meter / Paved,4 Meter , Paved,10 Dhur,2 months ago,"['Parking', 'Water Supply', 'Garden']",Satdobato,House,1603800.0
"Flat For Rent In Jhamsikhel, Lalitpur","jhamsikhel(near British school), Jhamsikhel, Lalitpur",Lalitpur,35000,2,2,0.0,2,East,2074.0,890,6 Sq. Feet,10 Feet / Soil Stabilized,10 Feet , Soil Stabilized,4 Sq. Feet,2 months ago,"['Parking', 'Water Supply', 'Solar Water']","Flat For Rent In Jhamsikhel,",Flat,6.0
"Flat For Rent In Jhamsikhel, Lalitpur","jhamsikhel(near British school), Jhamsikhel, Lalitpur",Lalitpur,35000,2,2,0.0,2,East,2074.0,158,6 Sq. Feet,10 Feet / Soil Stabilized,10 Feet , Soil Stabilized,4 Sq. Feet,2 months ago,"['Water Supply', 'Solar Water', 'Parking']","Flat For Rent In Jhamsikhel,",Flat,6.0
"Land Sale In Lele : Land For Sale In Lele, Lalitpur","lele, Lele, Lalitpur",Lalitpur,700000,0,0,,0,East,,240,0-4-1-2 Aana,0 Feet / Paved,0 Feet , Paved,N/A Aana,2 months ago,[],"Land Sale In Lele : Land For Sale In Lele,",Other,1497.34375
"Sanobharyang Home : House For Sale In Swayambhu, Kathmandu","na, Swayambhu, Kathmandu",Kathmandu,23500000,6,5,3.0,1,East,2076.0,200,3 Aana,13 Feet / Paved,13 Feet , Paved,N/A Aana,2 months ago,['Garage'],"Sanobharyang Home : House For Sale In Swayambhu,",House,1026.75
"Golfutar Bungalow For Sale : House For Sale In Golfutar, Kathmandu","NA, Golfutar, Kathmandu",Kathmandu,102500000,6,6,3.0,4,East,2076.0,155,19 Aana,13 Feet / Blacktopped,13 Feet , Blacktopped,N/A Aana,2 months ago,"['Garage', 'Lawn', 'Balcony', 'Fencing', 'Frontyard', 'Garden', 'Modular Kitchen', 'Washing Machine', 'Drainage', 'Water Supply', 'Solar Water', 'Water Tank', 'Kids Playground', 'Security Staff', 'Store Room']","Golfutar Bungalow For Sale : House For Sale In Golfutar,",Bungalow,6502.75
"Harmony Residency : House For Sale In Bhaisepati, Lalitpur","Sainbu, Bhaisepati, Lalitpur",Lalitpur,28200000,4,4,2.0,1,North East,2020.0,3.1K,0-4-1-0 Aana,40 Feet / Blacktopped,40 Feet , Blacktopped,2067 Aana,2 months ago,"['Garage', 'Balcony', 'Fencing', 'TV Cable', 'Drainage', 'Water Tank', 'CCTV', 'Parking']","Harmony Residency : House For Sale In Bhaisepati,",House,1454.5625
"Newroad Office Space On Rent : Office Space For Rent In Newroad, Kathmandu","Newroad , Tebahal, Newroad, Kathmandu",Kathmandu,40000,0,1,7.0,0,West,2002.0,111,620 Sq. Feet,14 Feet / Blacktopped,14 Feet , Blacktopped,530 Sq. Feet,2 months ago,"['Water Supply', 'CCTV', 'Internet', 'Store Room']","Newroad Office Space On Rent : Office Space For Rent In Newroad,",Other,620.0
"House For Sale In Kadaghari, Kathmandu","Birendrachowk , kadaghari, Kadaghari, Kathmandu",Kathmandu,13000000,2,1,1.0,2,East,2014.0,256,3-2 Aana,10 Feet / Gravelled,10 Feet , Gravelled,N/A Aana,2 months ago,"['Drainage', 'Water Supply', 'Parking']","House For Sale In Kadaghari,",House,17112.5
"Budhanilkantha 4 Ana Home : House For Sale In Budhanilkantha, Kathmandu","Na, Budhanilkantha, Kathmandu",Kathmandu,32500000,5,5,3.0,1,East,2076.0,126,4 Aana,13 Feet / Blacktopped,13 Feet , Blacktopped,N/A Aana,2 months ago,['Garage'],"Budhanilkantha 4 Ana Home : House For Sale In Budhanilkantha,",House,1369.0
"House For Sale In Satungal, Kathmandu","Nearby APF Hospital, Satungal, Kathmandu",Kathmandu,26000000,11,9,3.0,1,North,2074.0,7.6K,0-5-0-0 Aana,13 Feet / Blacktopped,13 Feet , Blacktopped,3200 Sq. Feet,2 months ago,"['Balcony', 'Fencing', 'Modular Kitchen', 'TV Cable', 'Wifi', 'Drainage', 'Solar Water', 'Water Tank', 'Water Well', 'Internet', 'Parking', 'Store Room']","House For Sale In Satungal,",House,1711.25
"Chapali Cheap Home : House For Sale In Chapali, Kathmandu","Na, Chapali, Kathmandu",Kathmandu,24000000,7,8,4.0,1,South East,2065.0,205,5 Aana,13 Feet / Gravelled,13 Feet , Gravelled,N/A Aana,2 months ago,['Parking'],"Chapali Cheap Home : House For Sale In Chapali,",House,1711.25
"House For Sale In Dhapakhel, Lalitpur","Nearby Sumeru Hospital, Dhapakhel, Lalitpur",Lalitpur,17700000,3,4,2.5,1,West,,4.2K,0-2-2-0 Aana,12 Feet / Blacktopped,12 Feet , Blacktopped,N/A Aana,2 months ago,"['Balcony', 'Fencing', 'Modular Kitchen', 'TV Cable', 'Wifi', 'Drainage', 'Water Supply', 'Solar Water', 'Water Tank', 'Water Well', 'Internet', 'Parking', 'Store Room']","House For Sale In Dhapakhel,",House,855.625
"12.5 Anna Jagga On Sale At Lolang Height, Hariyali Samaaj : House For Sale In Balaju, Kathmandu","Lolang Height, Hariyali Samaaj, Balaju, Kathmandu",Kathmandu,2200000,1,1,1.0,2,East,2016.0,699,12.5 Aana,10 Feet / Gravelled,10 Feet , Gravelled,4 Aana,2 months ago,"['Garden', 'Water Supply', 'Parking']","12.5 Anna Jagga On Sale At Lolang Height, Hariyali Samaaj : House For Sale In Balaju,",House,4278.125
"Pasikot Cheap Home 168 Only : House For Sale In Pasikot, Kathmandu","Man, Pasikot, Kathmandu",Kathmandu,16800000,5,5,3.0,1,North East,2074.0,870,3 Aana,14 Feet / Gravelled,14 Feet , Gravelled,N/A Aana,2 months ago,['Parking'],"Pasikot Cheap Home 168 Only : House For Sale In Pasikot,",House,1026.75
"Budhanilkantha 5.5 Ana Home : House For Sale In Budhanilkantha, Kathmandu","NA, Budhanilkantha, Kathmandu",Kathmandu,34000000,6,6,3.0,2,North East,2076.0,280,5.5 Aana,30 Feet / Blacktopped,30 Feet , Blacktopped,N/A Aana,2 months ago,"['Garage', 'Parking']","Budhanilkantha 5.5 Ana Home : House For Sale In Budhanilkantha,",House,1882.375
"Bhudhanilkantha House On Rent : House For Rent In Budhanilkantha, Kathmandu","Bhudha colony, Budhanilkantha, Kathmandu",Kathmandu,200000,5,4,3.0,2,East,2014.0,619,0-14-2 Aana,14 Feet / Blacktopped,14 Feet , Blacktopped,2850 Aana,2 months ago,"['Garage', 'Balcony', 'Garden', 'Modular Kitchen', 'TV Cable', 'Water Supply', 'Parking', 'CCTV', 'Solar Water', 'Water Tank', 'Wifi', 'Store Room']","Bhudhanilkantha House On Rent : House For Rent In Budhanilkantha,",House,4962.625
"Flat/Room Rent At Balaju ( Storage, Godaun/ Office Space) : Office Space For Rent In Balaju, Kathmandu","Main road, Balaju, Kathmandu",Kathmandu,25000,3,1,1.0,4,East,,697,550 Sq. Feet,20 Feet,20 Feet,,550 Sq. Feet,2 months ago,"['Balcony', 'Water Supply', 'Water Well', 'Solar Water', 'Parking', 'Store Room', 'Water Tank']","Flat/Room Rent At Balaju ( Storage, Godaun/ Office Space) : Office Space For Rent In Balaju,",Flat,550.0
"Flat For Rent At Dhunge Dhara Banasthali : Flat For Rent In Dhungedhara, Kathmandu","Dhunge Dhara, Banasthali, Dhungedhara, Kathmandu",Kathmandu,17000,2,1,4.0,0,South,2007.0,266,21 Aana,14 Feet / Gravelled,14 Feet , Gravelled,N/A Sq. Feet,2 months ago,"['Backyard', 'Balcony', 'Internet', 'Electricity Backup', 'Water Supply', 'Water Tank', 'Garden', 'Parking', 'Wifi', 'Water Well']","Flat For Rent At Dhunge Dhara Banasthali : Flat For Rent In Dhungedhara,",Flat,7187.25
"Chapali Bungalow 13 Ana : House For Sale In Chapali, Kathmandu","Na, Chapali, Kathmandu",Kathmandu,42500000,5,6,3.0,4,South East,2071.0,204,12 Aana,14 Feet / Gravelled,14 Feet , Gravelled,N/A Aana,2 months ago,"['Garage', 'Backyard', 'Balcony', 'Frontyard', 'Garden', 'Drainage', 'Solar Water', 'Water Supply', 'Water Tank', 'Store Room']","Chapali Bungalow 13 Ana : House For Sale In Chapali,",Bungalow,4107.0
"Maharajganj 5 Ropani Bungalow : House For Rent In Maharajgunj, Kathmandu","Na, Maharajgunj, Kathmandu",Kathmandu,790000,6,7,3.0,10,East,2065.0,454,80 Aana,24 Feet / Blacktopped,24 Feet , Blacktopped,N/A Aana,2 months ago,"['Garage', 'Backyard', 'Lawn', 'Balcony', 'Frontyard', 'Fencing', 'Garden', 'Drainage', 'Solar Water', 'Water Supply', 'Water Well', 'Water Tank', 'Security Staff', 'Store Room']","Maharajganj 5 Ropani Bungalow : House For Rent In Maharajgunj,",Bungalow,27380.0
"Beautiful : House For Sale In Baluwatar, Kathmandu","Chandol, Baluwatar, Kathmandu",Kathmandu,41000000,7,3,2.5,1,North,2066.0,4.5K,0-5-0-0 Aana,10 Feet / Blacktopped,10 Feet , Blacktopped,N/A Aana,2 months ago,"['Balcony', 'Fencing', 'Modular Kitchen', 'TV Cable', 'Wifi', 'Drainage', 'Water Supply', 'Solar Water', 'Water Tank', 'Water Well', 'Internet', 'Parking', 'Store Room']","Beautiful : House For Sale In Baluwatar,",House,1711.25
"Land For Sale In Kapan, Kathmandu","Chunikhel, alubari, Kapan, Kathmandu",Kathmandu,1300000,0,0,,0,East,,716,7.2 Aana,0 Feet,0 Feet,,N/A Aana,2 months ago,[],"Land For Sale In Kapan,",Other,2464.2000000000003
"House On Rent Or Sale At Matatirtha : House For Sale In Matatirtha, Kathmandu","Matatirtha near bus stop, Matatirtha, Kathmandu",Kathmandu,15000000,3,3,,2,West,,879,8.2 Aana,4 Feet,4 Feet,,N/A Aana,2 months ago,['Garden'],"House On Rent Or Sale At Matatirtha : House For Sale In Matatirtha,",House,2806.45
"House For Sale In Bhaisepati, Lalitpur","Bhaisepati,sainbu,pragatinagar, Bhaisepati, Lalitpur",Lalitpur,37500000,8,6,4.0,1,North West,2007.0,689,0-7-1-0 Aana,12 Feet / Blacktopped,12 Feet , Blacktopped,0-3-0-0 Aana,2 months ago,"['Balcony', 'Garage', 'Backyard', 'Garden', 'Lawn', 'Microwave', 'Modular Kitchen', 'TV Cable', 'Washing Machine', 'Drainage', 'Wifi', 'Water Supply', 'Water Tank', 'Water Well', 'Parking', 'Internet', 'Store Room']","House For Sale In Bhaisepati,",House,2481.3125
"House For Sale In Tinthana, Kathmandu","Bishnu Devi Village Colony, Tinthana, Kathmandu",Kathmandu,16000000,5,3,2.5,1,East,2076.0,7.1K,0-3-0-0 Aana,13 Feet / Blacktopped,13 Feet , Blacktopped,2000 Sq. Feet,2 months ago,"['Balcony', 'Fencing', 'Microwave', 'Modular Kitchen', 'TV Cable', 'Wifi', 'Drainage', 'Water Supply', 'Solar Water', 'Water Tank', 'Water Well', 'Internet', 'Parking', 'Store Room']","House For Sale In Tinthana,",House,1026.75
"Flat For Rent At Jawalakhel : Apartment For Rent In Jawalakhel, Lalitpur","jawalakhel, Jawalakhel, Lalitpur",Lalitpur,55000,2,1,,0,East,,276,5 Aana,0 Feet,0 Feet,,N/A Aana,2 months ago,[],"Flat For Rent At Jawalakhel : Apartment For Rent In Jawalakhel,",Flat,1711.25
"House For Rent At Naxal : House For Rent In Naxal, Kathmandu","naxal, Naxal, Kathmandu",Kathmandu,500000,22,4,,3,East,,175,10 Aana,0 Feet,0 Feet,,N/A Aana,3 months ago,[],"House For Rent At Naxal : House For Rent In Naxal,",House,3422.5
"Land For Sale : Land For Sale In Hetauda, Makwanpur","Sunwood Colony Hetauda, Hetauda, Makwanpur",Kathmandu,500000,0,0,,0,South,,175,10 Dhur,6 Meter / Paved,6 Meter , Paved,N/A Aana,3 months ago,[],Satdobato,Other,729000.0
"Urgent House Sale : House For Sale In Kapan, Kathmandu","Kapan, Kapan, Kathmandu",Kathmandu,15000000,4,4,3.0,2,West,2014.0,789,3.2 Aana,0 Feet,0 Feet,,N/A Aana,3 months ago,['Garage'],"Urgent House Sale : House For Sale In Kapan,",House,1095.2
"Flat System : House For Sale In Tikathali, Lalitpur","Imadol, Tikathali, Lalitpur",Lalitpur,21500000,6,4,2.5,3,West,2076.0,17.4K,0-4-0-0 Aana,20 Feet / Concrete,20 Feet , Concrete,N/A Aana,3 months ago,"['Balcony', 'Fencing', 'Frontyard', 'Modular Kitchen', 'TV Cable', 'Wifi', 'Drainage', 'Water Supply', 'Solar Water', 'Water Tank', 'Internet', 'Parking', 'Store Room']","Flat System : House For Sale In Tikathali,",Flat,1369.0
"Affordable Home At Jorpati : House For Sale In Jorpati, Kathmandu","Beshigaun, Jorpati, Jorpati, Kathmandu",Kathmandu,23500000,0,0,3.0,0,North East,2050.0,573,3 Aana,0 Feet / Alley,0 Feet , Alley,N/A Aana,3 months ago,[],"Affordable Home At Jorpati : House For Sale In Jorpati,",House,1026.75
"Ravishing : House For Sale In Baluwatar, Kathmandu","opposite of Nepal Rastra Bank, Baluwatar, Kathmandu",Kathmandu,60000000,5,5,2.5,1,South,,4K,0-6-0-0 Aana,13 Feet / Blacktopped,13 Feet , Blacktopped,N/A Sq. Feet,3 months ago,"['Garden', 'Modular Kitchen', 'TV Cable', 'Wifi', 'Drainage', 'Water Supply', 'Solar Water', 'Water Tank', 'Water Well', 'Intercom', 'Internet', 'Parking', 'Store Room']","Ravishing : House For Sale In Baluwatar,",House,2053.5
"Commercial : Land For Sale In Gaurighat, Kathmandu","Dibya party palace, Gaurighat, Kathmandu",Kathmandu,4200000,0,0,,1,North,,1.7K,0-6-3-0 Aana,13 Feet / Blacktopped,13 Feet , Blacktopped,N/A Sq. Feet,3 months ago,"['Drainage', 'Water Well', 'Parking']","Commercial : Land For Sale In Gaurighat,",Other,2310.1875
"Commercial : Land For Sale In Gaurighat, Kathmandu","Nearby Dibya Complex, Gaurighat, Kathmandu",Kathmandu,4200000,0,0,,1,South,,1.1K,0-9-0-0 Aana,13 Feet / Gravelled,13 Feet , Gravelled,N/A Sq. Feet,3 months ago,"['Drainage', 'Water Supply', 'Parking']","Commercial : Land For Sale In Gaurighat,",Other,3080.25
"Commercial : Land For Sale In Gaurighat, Kathmandu","nearby Bagmati Road, Gaurighat, Kathmandu",Kathmandu,4500000,0,0,,0,South,,1.1K,0-5-1-3 Aana,20 Feet / Blacktopped,20 Feet , Blacktopped,N/A Sq. Feet,3 months ago,"['Drainage', 'Water Well', 'Parking']","Commercial : Land For Sale In Gaurighat,",Other,1860.984375
"Commercial : Land For Sale In Gaurighat, Kathmandu","Nearby Dibya Complex, Gaurighat, Kathmandu",Kathmandu,4200000,0,0,,0,South,,1.2K,0-9-0-0 Aana,13 Feet / Blacktopped,13 Feet , Blacktopped,N/A Sq. Feet,3 months ago,['Parking'],"Commercial : Land For Sale In Gaurighat,",Other,3080.25
"Commercial : Land For Sale In Gaurighat, Kathmandu","Bagmati road, Gaurighat, Kathmandu",Kathmandu,6000000,0,0,,1,North,,1.9K,0-3-2-1 Aana,26 Feet / Blacktopped,26 Feet , Blacktopped,N/A Sq. Feet,3 months ago,['Parking'],"Commercial : Land For Sale In Gaurighat,",Other,1219.265625
"Commercial : Land For Sale In Gaurighat, Kathmandu","Nearby Hilary School., Gaurighat, Kathmandu",Kathmandu,8000000,0,0,,0,East,,1.4K,1-0-0-0 Ropani,11 Meter / Blacktopped,11 Meter , Blacktopped,N/A Sq. Feet,3 months ago,"['Drainage', 'Water Supply', 'Parking', 'Security Staff']","Commercial : Land For Sale In Gaurighat,",Other,5476.0
"Boutique On Sale : Business For Sale In Kumaripati, Lalitpur","Kumaripati, Kumaripati, Lalitpur",Lalitpur,2300000,1,0,,0,South,,476,650 Sq. Feet,20 Meter / Blacktopped,20 Meter , Blacktopped,350 Sq. Feet,3 months ago,"['Balcony', 'Water Tank']","Boutique On Sale : Business For Sale In Kumaripati,",Other,650.0
"Commercial : Land For Sale In Gaurighat, Kathmandu","Nearby Guheshwori Planning, Gaurighat, Kathmandu",Kathmandu,4200000,0,0,,0,West,,1.3K,0-26-0-0 Aana,20 Feet / Blacktopped,20 Feet , Blacktopped,N/A Aana,3 months ago,"['Drainage', 'Water Well', 'Parking']","Commercial : Land For Sale In Gaurighat,",Other,8898.5
"Land Sale : Land For Sale In Birtamod Road, Itahari","Tarahara bhuwanipur, Birtamod Road, Itahari",Kathmandu,130000,0,0,,0,East,,499,12.5 Dhur,20 Feet / Gravelled,20 Feet , Gravelled,N/A Aana,3 months ago,[],Satdobato,Other,911250.0
"Uniform Showroom And Factory : Business For Sale In Samakhusi, Kathmandu","townplanning, Samakhusi, Kathmandu",Kathmandu,750000,0,0,,0,East,,124,4 Aana,0 Feet,0 Feet,,N/A Aana,3 months ago,[],"Uniform Showroom And Factory : Business For Sale In Samakhusi,",Other,1369.0
"Karyabinayak Colony House For Sale : House For Sale In Bhaisepati, Lalitpur","bhaisepati, Bhaisepati, Lalitpur",Lalitpur,30000000,4,4,,1,East,,236,3 Aana,0 Feet,0 Feet,,N/A Aana,3 months ago,"['Modular Kitchen', 'Swimming Pool', 'Solar Water', 'TV Cable', 'Garden', 'Balcony']","Karyabinayak Colony House For Sale : House For Sale In Bhaisepati,",House,1026.75
"Pasikot 21 Ana Home : House For Sale In Pasikot, Kathmandu","Na, Pasikot, Kathmandu",Kathmandu,81000000,6,6,3.0,6,East,2072.0,167,21 Aana,15 Feet / Gravelled,15 Feet , Gravelled,N/A Aana,3 months ago,"['Lawn', 'Garage', 'Backyard', 'Balcony', 'Fencing', 'Frontyard', 'Garden', 'Store Room', 'Kids Playground', 'Maintenance', 'Parking', 'Water Supply', 'Drainage', 'Solar Water', 'Water Tank']","Pasikot 21 Ana Home : House For Sale In Pasikot,",House,7187.25
"Pasikot 12 Ana Home : House For Sale In Pasikot, Kathmandu","Na, Pasikot, Kathmandu",Kathmandu,55000000,5,5,2.0,6,North,2069.0,179,12 Aana,22 Feet / Blacktopped,22 Feet , Blacktopped,N/A Aana,3 months ago,"['Garage', 'Lawn', 'Backyard', 'Fencing', 'Garden', 'Frontyard', 'Water Well', 'Water Tank', 'Solar Water', 'Drainage']","Pasikot 12 Ana Home : House For Sale In Pasikot,",House,4107.0
"House For Sale In Thankot, Kathmandu","Thankot, Thankot, Kathmandu",Kathmandu,13000000,6,2,3.0,1,West,2001.0,178,0-3-0-0 Aana,23 Feet / Blacktopped,23 Feet , Blacktopped,0-2-2-0 Aana,3 months ago,"['Electricity Backup', 'Water Supply', 'Water Tank', 'Water Well', 'Balcony']","House For Sale In Thankot,",House,1026.75
"BEAUTIFUL HOUSE FOR RENT IN RESIDENTIAL AREA! : House For Rent In Kupondole, Lalitpur","KUPONDOLE HEIGHTS ROAD, Kupondole, Lalitpur",Lalitpur,273258,4,0,4.0,1,East,2010.0,894,23 Aana,10 Feet / Paved,10 Feet , Paved,N/A Aana,3 months ago,"['Garage', 'Air Condition', 'Backyard', 'Balcony', 'Fencing', 'Frontyard', 'Garden', 'Microwave', 'Modular Kitchen', 'Water Tank', 'Parking', 'Solar Water', 'Water Supply']","Beautiful House For Rent In Residential Area! : House For Rent In Kupondole,",House,7871.75
"House On Rent At Bafal : House For Sale In Bafal, Kathmandu","Bafal, Bafal, Kathmandu",Kathmandu,30000000,4,3,,1,East,,509,3 Aana,0 Feet,0 Feet,,N/A Aana,3 months ago,[],"House On Rent At Bafal : House For Sale In Bafal,",House,1026.75
"New House On Rent : Business For Rent In Soltimode, Kathmandu","Red Cross Marg, Soltimode, Soltimode, Kathmandu",Kathmandu,225000,0,3,2.0,2,West,2020.0,157,7 Aana,16 Feet / Blacktopped,16 Feet , Blacktopped,2100 Sq. Feet,3 months ago,"['Balcony', 'Backyard', 'Frontyard', 'Modular Kitchen', 'Drainage', 'Water Supply']","New House On Rent : Business For Rent In Soltimode,",House,2395.75
"House For Sale : House For Sale In Nagarjun, Kathmandu","Sitapaila, Nagarjun, Kathmandu",Kathmandu,17500000,5,4,3.0,1,North,,253,3.25 Aana,15 Feet,15 Feet,,1969.43 Sq. Feet,3 months ago,"['Backyard', 'Fencing', 'Frontyard', 'Modular Kitchen', 'TV Cable', 'Washing Machine', 'Wifi', 'Drainage', 'Parking', 'Water Tank', 'Internet', 'Solar Water', 'Electricity Backup', 'Water Supply', 'Cafeteria', 'CCTV']","House For Sale : House For Sale In Nagarjun,",House,1112.3125
"4.5 Anna Land On Sale At Checkpost : Land For Sale In Chandragiri, Kathmandu","checkpost, Chandragiri, Kathmandu",Kathmandu,1450000,0,0,,0,South East,,264,4.5 Aana,13 Feet,13 Feet,,N/A Aana,3 months ago,[],"4.5 Anna Land On Sale At Checkpost : Land For Sale In Chandragiri,",Other,1540.125
"Modern European Design : House For Sale In Naxal, Kathmandu","Nearby Bhatbhateni, Naxal, Kathmandu",Kathmandu,65000000,6,5,2.0,1,East,,1.9K,0-12-0-0 Aana,12 Feet / Blacktopped,12 Feet , Blacktopped,N/A Aana,3 months ago,"['Garage', 'Balcony', 'Fencing', 'Garden', 'Modular Kitchen', 'Wifi', 'Drainage', 'Water Supply', 'Solar Water', 'Water Tank', 'Water Well', 'Intercom', 'Internet', 'Kids Playground', 'Parking', 'Store Room']","Modern European Design : House For Sale In Naxal,",House,4107.0
"1.5 Storey House On Sale At Matairtha : House For Sale In Chandragiri, Kathmandu","matatirtha, Chandragiri, Kathmandu",Kathmandu,9500000,3,1,,1,South,2076.0,713,3 Aana,13 Feet / Gravelled,13 Feet , Gravelled,2076 Aana,3 months ago,[],"1.5 Storey House On Sale At Matairtha : House For Sale In Chandragiri,",House,1026.75
"House For Sale In Thapathali, Kathmandu","Nearby Norvic Hospital, Thapathali, Kathmandu",Kathmandu,9000000,6,3,3.0,1,East,2064.0,8.2K,0-6-1-2 Aana,10 Feet / Paved,10 Feet , Paved,3000 Sq. Feet,3 months ago,"['Fencing', 'Frontyard', 'Garden', 'TV Cable', 'Drainage', 'Solar Water', 'Water Well', 'Internet', 'Parking', 'Store Room']","House For Sale In Thapathali,",House,2181.84375
"Hattigauda Plotting : Land For Sale In Hattigauda, Kathmandu","Hattigauda, Hattigauda, Kathmandu",Kathmandu,2900000,0,0,,0,East,,573,14 Aana,20 Feet / Gravelled,20 Feet , Gravelled,N/A Aana,3 months ago,[],"Hattigauda Plotting : Land For Sale In Hattigauda,",Other,4791.5
"Dahal Niwas For Sale. : House For Sale In Gairigaun, Kathmandu","104, Panchashil Galli,, Gairigaun, Kathmandu",Kathmandu,80000000,16,10,4.0,2,South,2010.0,226,0-9-0-0 Aana,8 Feet / Paved,8 Feet , Paved,0-7-0-0 Aana,3 months ago,"['Air Condition', 'Balcony', 'Modular Kitchen', 'TV Cable', 'Wifi', 'Water Supply', 'Water Well', 'Water Tank', 'Parking', 'Intercom', 'Store Room', 'Drainage', 'Washing Machine', 'Microwave']","Dahal Niwas For Sale. : House For Sale In Gairigaun,",House,3080.25
"House On Sale At Imadole : House For Sale In Imadol, Lalitpur","imadole, Imadol, Lalitpur",Lalitpur,20000000,3,3,,1,East,,280,3 Aana,0 Feet,0 Feet,,N/A Aana,3 months ago,['Parking'],"House On Sale At Imadole : House For Sale In Imadol,",House,1026.75
"2 Room Available : Flat For Sale In Shrijana Chowk, Pokhara","Pokhara 8, Pratibha marga, Shrijana Chowk, Pokhara",Kathmandu,11000,0,0,3.0,0,East,2073.0,206,0-7-0-0 Ropani,12 Feet / Blacktopped,12 Feet , Blacktopped,555 Sq. Feet,3 months ago,"['Balcony', 'Drainage']",Satdobato,Flat,2395.75
"Comercial Co Residential : Land For Sale In Koteshwor, Kathmandu","Balkumari-8, Koteshwor, Kathmandu",Kathmandu,4100000,0,0,,0,South East,,137,16 Aana,18 Feet / Blacktopped,18 Feet , Blacktopped,16 Aana,3 months ago,[],"Comercial Co Residential : Land For Sale In Koteshwor,",Other,5476.0
"Residential And Personal : House For Sale In Bafal, Kathmandu","Gandakbasti, Bafal, Kathmandu",Kathmandu,31000000,7,3,3.0,1,South,2014.0,187,0-4-0-0 Aana,10 Feet / Blacktopped,10 Feet , Blacktopped,0-4-0-0 Aana,3 months ago,"['Garage', 'Balcony', 'Modular Kitchen', 'TV Cable', 'Wifi', 'Drainage', 'Solar Water', 'Water Well', 'Water Tank', 'Parking', 'Electricity Backup', 'Internet']","Residential And Personal : House For Sale In Bafal,",House,1369.0
"Space On Rent For Office And Restaurant ... Baneshwor Chowk : Business For Rent In Baneshwor, Kathmandu","naya baneshwor, Baneshwor, Kathmandu",Kathmandu,495000,0,0,,0,East,,182,1100 Sq. Feet,0 Feet,0 Feet,,N/A Aana,3 months ago,"['Lift', 'Parking', 'CCTV']","Space On Rent For Office And Restaurant ... Baneshwor Chowk : Business For Rent In Baneshwor,",Other,1100.0
"House For Sale In Butwal, Butwal","Bu. Na. Pa. 11, rupandehi, Butwal, Butwal",Kathmandu,900000,0,2,2.0,4,East,2014.0,195,16 Dhur,50 Feet / Blacktopped,50 Feet , Blacktopped,1400 Sq. Feet,3 months ago,"['Lawn', 'Garage', 'Backyard', 'Balcony', 'Fencing', 'Garden', 'Frontyard', 'TV Cable', 'Wifi', 'Drainage', 'Water Supply', 'Parking', 'Internet', 'Kids Playground', 'Store Room']",Satdobato,House,1166400.0
"Furnished Villa For Rent At Budhanilkantha : House For Rent In Budhanilkantha, Kathmandu","budhanilkantha, Budhanilkantha, Kathmandu",Kathmandu,200000,5,4,,2,South,,248,12 Aana,0 Feet,0 Feet,,N/A Aana,3 months ago,"['Internet', 'Modular Kitchen', 'Solar Water', 'TV Cable', 'Garden', 'Water Tank', 'Wifi', 'Kids Playground', 'Balcony', 'Microwave', 'Drainage', 'CCTV']","Furnished Villa For Rent At Budhanilkantha : House For Rent In Budhanilkantha,",Villa,4107.0
"Flat On Rent At Raniban : Flat For Rent In Nagarjun, Kathmandu","Raniban, Sungava Tole Gate 5, Nagarjun, Kathmandu",Kathmandu,15000,2,1,,1,South East,2017.0,856,1200 Sq. Feet,12 Feet / Blacktopped,12 Feet , Blacktopped,N/A Aana,3 months ago,[],"Flat On Rent At Raniban : Flat For Rent In Nagarjun,",Flat,1200.0
"Semi Commercial Shared Office Space : Office Space For Rent In Buddhanagar, Kathmandu","buddhanagar, Buddhanagar, Kathmandu",Kathmandu,20000,0,1,1.0,1,South,2006.0,448,1-4-2-0 Aana,14 Feet / Paved,14 Feet , Paved,550 Sq. Feet,3 months ago,"['Garden', 'Wifi', 'Water Supply', 'Water Tank', 'Parking', 'Internet', 'Intercom']","Semi Commercial Shared Office Space : Office Space For Rent In Buddhanagar,",Other,7016.125
"Prime Location House Is For Sale : House For Sale In Gwarko, Lalitpur","Imadol, Gwarko, Lalitpur",Lalitpur,17500000,3,3,,1,North West,2016.0,1.6K,0-0-3 Aana,13 Feet / Blacktopped,13 Feet , Blacktopped,0-0-3 Aana,3 months ago,[],"Prime Location House Is For Sale : House For Sale In Gwarko,",House,256.6875
"Beautiful Designed House In Peaceful Area Is On Sale : House For Sale In Imadol, Lalitpur","Imadol, Imadol, Lalitpur",Lalitpur,19500000,5,3,3.0,1,North East,,1K,0-3-0-0 Aana,20 Feet,20 Feet,,1798 Sq. Feet,3 months ago,"['Modular Kitchen', 'Water Supply', 'Solar Water', 'TV Cable', 'Water Well', 'Water Tank', 'Internet', 'Wifi', 'Parking', 'Balcony', 'Drainage']","Beautiful Designed House In Peaceful Area Is On Sale : House For Sale In Imadol,",House,1026.75
"House For Rent In Gatthaghar, Bhaktapur","Near Nagrik Hospital Gatthaghar, Gatthaghar, Bhaktapur",Bhaktapur,60000,5,0,0.0,6,North,,180,500 Sq. Feet,20 Feet / Blacktopped,20 Feet , Blacktopped,200 Sq. Feet,3 months ago,"['Balcony', 'Modular Kitchen', 'Wifi', 'Water Supply', 'Internet', 'Parking']","House For Rent In Gatthaghar,",House,500.0
"Office Space For Rent In Gatthaghar, Bhaktapur","Gatthaghar Nagrik Hospital, Gatthaghar, Bhaktapur",Bhaktapur,11000,0,0,0.0,5,North,,176,200 Sq. Feet,20 Feet / Soil Stabilized,20 Feet , Soil Stabilized,500 Sq. Feet,3 months ago,"['Parking', 'Internet', 'Wifi', 'Balcony', 'Drainage', 'Water Supply']","Office Space For Rent In Gatthaghar,",Other,200.0
"House For Rent At Chobhar Kathmandu : House For Rent In Chovar, Kathmandu","chobhar, Chovar, Kathmandu",Kathmandu,60000,3,4,2.0,2,East,2019.0,548,7 Aana,0 Feet,0 Feet,,N/A Aana,3 months ago,"['Modular Kitchen', 'Water Supply', 'Garden', 'Parking', 'Kids Playground', 'Balcony']",House For Rent At Chobhar,House,2395.75
"4 Ropani Land For Sale At Budhanilkantha : Land For Sale In Budhanilkantha, Kathmandu","Budhanilkantha, Budhanilkantha, Kathmandu",Kathmandu,3500000,0,0,,0,East,,325,0-64-0-0 Aana,20 Feet / Blacktopped,20 Feet , Blacktopped,N/A Aana,3 months ago,[],"4 Ropani Land For Sale At Budhanilkantha : Land For Sale In Budhanilkantha,",Other,21904.0
"Fully Furnished Brand New Bungalow For Sale In Dhapasi, Kunwar Colony : House For Sale In Budhanilkantha, Kathmandu","Dhapasi, Kunwar Colony, Budhanilkantha, Kathmandu",Kathmandu,65000000,5,4,2.0,1,East,2076.0,459,0-8-0-0 Aana,20 Feet / Blacktopped,20 Feet , Blacktopped,N/A Aana,3 months ago,"['Lawn', 'Garage', 'Air Condition', 'Backyard', 'Balcony', 'Microwave', 'Garden', 'Frontyard', 'Fencing', 'Deck', 'Modular Kitchen', 'Washing Machine', 'Wifi', 'Drainage', 'CCTV', 'Parking', 'Water Tank', 'Water Well', 'Solar Water', 'Water Supply', 'Cafeteria', 'Electricity Backup', 'Intercom', 'Internet', 'Kids Playground']","Fully Furnished Brand New Bungalow For Sale In Dhapasi, Kunwar Colony : House For Sale In Budhanilkantha,",Bungalow,2738.0
"6 Bhk 20 Anna Bungalow For Sale At Budhanilkantha : House For Sale In Budhanilkantha, Kathmandu","6 Bhk 20 Anna Bungalow For Sale At Budhanilkantha, Budhanilkantha, Kathmandu",Kathmandu,150000000,6,6,2.0,4,East,,537,0-20-0-0 Aana,18 Feet / Blacktopped,18 Feet , Blacktopped,N/A Aana,3 months ago,"['Lawn', 'Garage', 'Air Condition', 'Backyard', 'Balcony', 'Garden', 'Frontyard', 'Fencing', 'Deck', 'Modular Kitchen', 'Wifi', 'Drainage', 'Parking', 'Water Tank', 'Water Well', 'Solar Water', 'Cafeteria', 'Electricity Backup', 'Internet', 'Kids Playground']","6 Bhk 20 Anna Bungalow For Sale At Budhanilkantha : House For Sale In Budhanilkantha,",Bungalow,6845.0
"10 Anna Land For Sale At Budhanilkantha In Great Residential Community : Land For Sale In Budhanilkantha, Kathmandu","Budhanilkantha In Great Residential Community, Budhanilkantha, Kathmandu",Kathmandu,3500000,0,0,,0,East,,258,0-10-0-0 Aana,16 Feet / Blacktopped,16 Feet , Blacktopped,N/A Aana,3 months ago,[],"10 Anna Land For Sale At Budhanilkantha In Great Residential Community : Land For Sale In Budhanilkantha,",Other,3422.5
"6 Ropani Exceptionally Beautiful Bungalow For Sale At Budhanilkantha : House For Sale In Budhanilkantha, Kathmandu","Budhanilkantha, Budhanilkantha, Kathmandu",Kathmandu,250000000,5,7,2.0,20,East,,848,0-96-0-0 Aana,18 Feet / Blacktopped,18 Feet , Blacktopped,N/A Aana,3 months ago,"['Lawn', 'Garage', 'Air Condition', 'Backyard', 'Balcony', 'Microwave', 'Gym', 'Garden', 'Frontyard', 'Fencing', 'Deck', 'Modular Kitchen', 'Swimming Pool', 'TV Cable', 'Washing Machine', 'Wifi', 'Drainage', 'CCTV', 'Parking', 'Water Tank', 'Water Well', 'Solar Water', 'Water Supply', 'Cafeteria', 'Electricity Backup', 'Intercom', 'Internet', 'Kids Playground', 'Jacuzzi']","6 Ropani Exceptionally Beautiful Bungalow For Sale At Budhanilkantha : House For Sale In Budhanilkantha,",Bungalow,32856.0
"South Face Perfect Piece Of 8 Anna Land For Sale At Budhanilkantha : Land For Sale In Budhanilkantha, Kathmandu","Budhanilkantha, Budhanilkantha, Kathmandu",Kathmandu,3500000,0,0,,0,South,,178,0-8-0-0 Aana,15 Feet / Blacktopped,15 Feet , Blacktopped,N/A Aana,3 months ago,[],"South Face Perfect Piece Of 8 Anna Land For Sale At Budhanilkantha : Land For Sale In Budhanilkantha,",Other,2738.0
"6 Anna New House For Sale At Pasikot, 400 Meters From Main Highway : House For Sale In Budhanilkantha, Kathmandu","Pasikot, 400 Meters From Main Highway, Budhanilkantha, Kathmandu",Kathmandu,37000000,6,6,3.0,2,East,2075.0,259,0-6-0-0 Aana,16 Feet / Blacktopped,16 Feet , Blacktopped,N/A Aana,3 months ago,"['Lawn', 'Garage', 'Air Condition', 'Backyard', 'Balcony', 'Microwave', 'Garden', 'Frontyard', 'Fencing', 'Deck', 'Modular Kitchen', 'TV Cable', 'Washing Machine', 'Wifi', 'Drainage', 'Parking', 'Water Tank', 'Water Well', 'Solar Water', 'Water Supply', 'Electricity Backup', 'Intercom', 'Internet', 'Kids Playground']","6 Anna New House For Sale At Pasikot, 400 Meters From Main Highway : House For Sale In Budhanilkantha,",House,2053.5
"Brand New Beautiful House For Sale At Sundarbasti, Bhangal. : House For Sale In Budhanilkantha, Kathmandu","Sundarbasti, Bhangal, Budhanilkantha, Kathmandu",Kathmandu,19000000,4,3,2.0,1,East,2076.0,347,0-3-0-0 Aana,15 Feet / Blacktopped,15 Feet , Blacktopped,N/A Aana,3 months ago,"['Lawn', 'Backyard', 'Balcony', 'Garden', 'Frontyard', 'Fencing', 'Deck', 'Modular Kitchen', 'Wifi', 'Drainage', 'Washing Machine', 'Water Supply', 'Water Well', 'Water Tank', 'Parking', 'Internet']","Brand New Beautiful House For Sale At Sundarbasti, Bhangal. : House For Sale In Budhanilkantha,",House,1026.75
"12 Anna House Opposite Rastra Bank At Baluwatar, Beside Subisu Office : House For Sale In Baluwatar, Kathmandu","Opposite Rastra Bank At Baluwatar, Beside Subisu Office, BLOCK 1, Baluwatar, Kathmandu",Kathmandu,105000000,6,5,3.0,3,East,,309,0-12-0-0 Aana,16 Feet / Blacktopped,16 Feet , Blacktopped,N/A Aana,3 months ago,"['Lawn', 'Garage', 'Air Condition', 'Backyard', 'Balcony', 'Microwave', 'Garden', 'Frontyard', 'Fencing', 'Deck', 'Modular Kitchen', 'TV Cable', 'Washing Machine', 'Wifi', 'Drainage', 'Parking', 'Water Tank', 'Water Well', 'Solar Water', 'Water Supply', 'Intercom', 'Internet', 'Kids Playground']","12 Anna House Opposite Rastra Bank At Baluwatar, Beside Subisu Office : House For Sale In Baluwatar,",House,4107.0
"10 Anna Land For Sale Beside Sher Bahadur Deuba House, Budhanilkantha : Land For Sale In Budhanilkantha, Kathmandu","Land For Sale Beside Sher Bahadur Deuba House, Budhanilkantha., Budhanilkantha, Kathmandu",Kathmandu,4500000,0,0,,0,East,,174,0-10-0-0 Aana,25 Feet / Blacktopped,25 Feet , Blacktopped,N/A Aana,3 months ago,[],"10 Anna Land For Sale Beside Sher Bahadur Deuba House, Budhanilkantha : Land For Sale In Budhanilkantha,",House,3422.5
"6 Anna Purba Mohada Land For Sale At Deuba Chowk, 150 Mtr From Highway : Land For Sale In Budhanilkantha, Kathmandu","Deuba Chowk, 150 Mtr From Highway, Budhanilkantha, Kathmandu",Kathmandu,3400000,0,0,,0,East,,93,0-6-0-0 Aana,16 Feet / Blacktopped,16 Feet , Blacktopped,N/A Aana,3 months ago,[],"6 Anna Purba Mohada Land For Sale At Deuba Chowk, 150 Mtr From Highway : Land For Sale In Budhanilkantha,",Other,2053.5
"House On Rent : House For Rent In Bakhundol, Lalitpur","bakhundole sanepa, Bakhundol, Lalitpur",Lalitpur,280000,5,5,,3,North,2019.0,257,0-11-0 Aana,0 Feet,0 Feet,,0-3-0 Aana,3 months ago,"['Backyard', 'Lawn', 'Balcony']","House On Rent : House For Rent In Bakhundol,",House,3764.75
"Dhapasi Bungalow : House For Sale In Dhapasi, Kathmandu","Na, Dhapasi, Kathmandu",Kathmandu,65000000,5,6,3.0,3,South East,2076.0,197,8 Aana,22 Feet / Blacktopped,22 Feet , Blacktopped,4.5 Aana,3 months ago,"['Garage', 'Lawn', 'Balcony', 'Water Supply', 'Solar Water', 'Drainage', 'Water Tank', 'Maintenance', 'Security Staff', 'Store Room']","Dhapasi Bungalow : House For Sale In Dhapasi,",Bungalow,2738.0
"Flat For Rent : Flat For Rent In Kusunti, Lalitpur","Smritinagar, Kusunti, Lalitpur",Lalitpur,25000,2,2,1.0,1,East,,294,1000 Sq. Feet,0 Feet,0 Feet,,N/A Aana,3 months ago,"['Parking', 'Water Well', 'Water Supply', 'Backyard', 'Garden', 'Drainage', 'Water Tank']","Flat For Rent : Flat For Rent In Kusunti,",Flat,1000.0
"House For Sale In Imadol, Lalitpur","Bhandhari marga., Imadol, Lalitpur",Lalitpur,19500000,5,3,2.5,1,West,2076.0,1.4K,0-3-1-0 Aana,20 Feet / Blacktopped,20 Feet , Blacktopped,2000 Aana,3 months ago,"['Balcony', 'Fencing', 'Modular Kitchen', 'TV Cable', 'Wifi', 'Drainage', 'Water Supply', 'Solar Water', 'Water Tank', 'Water Well', 'Parking', 'Store Room']","House For Sale In Imadol,",House,1112.3125
"Brand New House For Sale (2 Crore 45 Lakhs) Negotiable. : House For Sale In Sitapaila, Kathmandu","Nagarjun, Aadeswor, Sitapaila, Kathmandu",Kathmandu,24000000,8,5,3.0,1,West,2019.0,699,0-4-0-0 Aana,14 Feet / Paved,14 Feet , Paved,0-4-0-0 Aana,3 months ago,"['Jacuzzi', 'Balcony', 'Drainage', 'Water Supply', 'Water Tank', 'Modular Kitchen']","Brand New House For Sale (2 Crore 45 Lakhs) Negotiable. : House For Sale In Sitapaila,",House,1369.0
"Hotel For Rent At Lakeside,Pokhara : Business For Rent In Lakeside, Pokhara","lakeside, Lakeside, Pokhara",Kathmandu,800000,31,31,,6,East,,555,2r Aana,0 Feet,0 Feet,,N/A Aana,3 months ago,[],Satdobato,Other,684.5
"Flat In Rent Just Near Nepal Polytechnic College Vhojad : Flat For Rent In Bharatpur, Chitwan","Bharatpur11,vhojad, Bharatpur, Chitwan",Kathmandu,13000,2,2,3.0,1,West,2019.0,232,10 Dhur,19 Meter / Alley,19 Meter , Alley,N/A Aana,3 months ago,[],Satdobato,Flat,729000.0
"House On Rent At Rose Villa , Siddhartha Colony : House For Rent In Budhanilkantha, Kathmandu","rudhreswor, Budhanilkantha, Kathmandu",Kathmandu,200000,4,4,,2,East,,308,5 Aana,0 Feet,0 Feet,,N/A Aana,3 months ago,"['Modular Kitchen', 'Water Supply', 'Garden', 'Balcony', 'Parking', 'CCTV']","House On Rent At Rose Villa , Siddhartha Colony : House For Rent In Budhanilkantha,",House,1711.25
"Brand New House For Rent : House For Rent In Bhangal, Kathmandu","Sundarbasti Bhangal, Bhangal, Kathmandu",Kathmandu,95000,4,2,2.0,1,East,2019.0,240,6.5 Aana,12 Feet / Gravelled,12 Feet , Gravelled,6.5 Aana,3 months ago,"['Balcony', 'Fencing', 'Modular Kitchen', 'Parking', 'Solar Water', 'Garden', 'Wifi', 'Water Well', 'Water Tank', 'Electricity Backup', 'TV Cable']","Brand New House For Rent : House For Rent In Bhangal,",House,2224.625
"Rose Village Bakot House Sale : House For Sale In Madhyapur Thimi, Bhaktapur","Rose Village Balkot, Madhyapur Thimi, Bhaktapur",Bhaktapur,35000000,3,4,,3,East,2072.0,978,0-4-3-0 Aana,30 Feet / Blacktopped,30 Feet , Blacktopped,2500 Sq. Feet,3 months ago,"['Lawn', 'Garage', 'Balcony', 'Fencing']","Rose Village Bakot House Sale : House For Sale In Madhyapur Thimi,",House,1625.6875
"House On Rent At Naya Bazar : House For Rent In Khusibu, Kathmandu","naya bazar, Khusibu, Kathmandu",Kathmandu,250000,17,19,,4,East,,226,6 Aana,0 Feet,0 Feet,,N/A Aana,3 months ago,"['Modular Kitchen', 'Water Supply', 'CCTV', 'Balcony']","House On Rent At Naya Bazar : House For Rent In Khusibu,",House,2053.5
"Civil Home Khumaltar House On Rent : House For Rent In Dhapakhel, Lalitpur","khumaltar, Dhapakhel, Lalitpur",Lalitpur,60000,4,3,,2,East,,342,3 Aana,0 Feet,0 Feet,,N/A Aana,3 months ago,"['Modular Kitchen', 'Water Supply', 'Solar Water', 'Swimming Pool', 'Internet', 'TV Cable', 'Garden', 'Kids Playground', 'Gym', 'Wifi', 'CCTV', 'Balcony', 'Cafeteria']","Civil Home Khumaltar House On Rent : House For Rent In Dhapakhel,",House,1026.75
"Newly Constructed House : House For Sale In Tikathali, Lalitpur","changathali, Tikathali, Lalitpur",Lalitpur,20000000,5,2,4.0,1,East,2076.0,988,0-4-0-0 Sq. Feet,15 Feet / Gravelled,15 Feet , Gravelled,0-4-0-0 Sq. Feet,3 months ago,"['Water Tank', 'Frontyard', 'Parking', 'Frontyard']","Newly Constructed House : House For Sale In Tikathali,",House,1369.0
"House For Sale In Imadol, Lalitpur","Ochu Height, Imadol, Lalitpur",Lalitpur,23500000,6,4,3.0,1,West,2072.0,7.5K,0-4-0-0 Aana,13 Feet / Gravelled,13 Feet , Gravelled,N/A Aana,3 months ago,"['Balcony', 'Fencing', 'Garden', 'Modular Kitchen', 'TV Cable', 'Wifi', 'Drainage', 'Water Supply', 'Solar Water', 'Water Well', 'Internet', 'Parking', 'Store Room']","House For Sale In Imadol,",House,1369.0
"House For Sale In Jorpati, Kathmandu","104 Continental Homes, Narayantar, Jorpati-6, Jorpati, Kathmandu",Kathmandu,24000000,4,4,2.0,1,South,2010.0,609,0-3-3-3 Aana,18 Feet / Blacktopped,18 Feet , Blacktopped,1704 Sq. Feet,3 months ago,"['Balcony', 'Backyard', 'Garden', 'Water Tank', 'Parking', 'Security Staff', 'Store Room']","House For Sale In Jorpati,",House,1347.609375
"Luxurious And Spacious 4 Bhk Flat In A Posh Location At Sanepa : Flat For Rent In Sanepa, Lalitpur","Status Enclave Apartments, Sanepa, Sanepa, Lalitpur",Lalitpur,80000,4,3,,1,East,,742,1833 Sq. Feet,0 Feet,0 Feet,,N/A Aana,3 months ago,"['Lawn', 'Balcony', 'Garden', 'Gym', 'Water Supply', 'Electricity Backup', 'Lift']","Luxurious And Spacious 4 Bhk Flat In A Posh Location At Sanepa : Flat For Rent In Sanepa,",Flat,1833.0
"Flat For Rent : Flat For Rent In Thankot, Kathmandu","Chandagiri, Thankot, Kathmandu",Kathmandu,16000,2,1,3.0,0,South,2009.0,697,6 Aana,7 Feet / Gravelled,7 Feet , Gravelled,2200 Aana,3 months ago,"['Backyard', 'Frontyard', 'Balcony', 'Water Well', 'Water Supply', 'Kids Playground']","Flat For Rent : Flat For Rent In Thankot,",Flat,2053.5
"Modern, Earthquake-Resistant House For Sale : House For Sale In Tikathali, Lalitpur","Mahalaxmi, Tikathali, Lalitpur",Lalitpur,40000000,4,4,3.0,2,South,2006.0,1.4K,0-9-1-2 Aana,150 Meter / Paved,150 Meter , Paved,N/A Sq. Feet,3 months ago,"['Garage', 'Balcony', 'Microwave', 'Garden', 'Fencing', 'Modular Kitchen', 'Drainage', 'Water Tank', 'Water Well', 'Solar Water', 'Electricity Backup', 'Wifi']","Modern, Earthquake-Resistant House For Sale : House For Sale In Tikathali,",House,3208.59375
"Flat For Rent : Flat For Rent In Thaiba, Lalitpur","NB Colony , Thaiba, Thaiba, Lalitpur",Lalitpur,18000,1,1,,1,South West,2002.0,368,17 Aana,20 Feet / Blacktopped,20 Feet , Blacktopped,800 Sq. Feet,3 months ago,"['Lawn', 'Garden']","Flat For Rent : Flat For Rent In Thaiba,",Flat,5818.25
"Personal : Land For Sale In Kapan, Kathmandu","Budhanilkantha Municipality-11, Paiyutar, Kapan, Kathmandu",Kathmandu,3000000,0,0,,0,South,,237,12.02 Aana,21 Feet,21 Feet,,N/A Aana,3 months ago,[],"Personal : Land For Sale In Kapan,",Other,4113.845
"First Floor Flat At Bhaisepati : Flat For Rent In Bhaisepati, Lalitpur","karyabinayak party place, Bhaisepati, Lalitpur",Lalitpur,25000,2,2,,1,East,,653,14 Aana,0 Feet,0 Feet,,N/A Aana,3 months ago,[],"First Floor Flat At Bhaisepati : Flat For Rent In Bhaisepati,",Flat,4791.5
"Beautiful 4BHK Bungalow : House For Sale In Balkot, Bhaktapur","Rose Village, Balkot, Bhaktapur",Bhaktapur,39999999,4,3,3.0,2,South,2071.0,20.6K,0-5-0-2 Aana,28 Feet / Blacktopped,28 Feet , Blacktopped,2390.65 Aana,3 months ago,"['Lawn', 'Garage', 'Backyard', 'Balcony', 'Fencing', 'Frontyard', 'Garden', 'Gym', 'Microwave', 'Modular Kitchen', 'Swimming Pool', 'TV Cable', 'Wifi', 'Drainage', 'Water Supply', 'Solar Water', 'Water Tank', 'Water Well', 'CCTV', 'Cafeteria', 'Electricity Backup', 'Intercom', 'Internet', 'Kids Playground', 'Maintenance', 'Parking', 'Security Staff', 'Store Room']","Beautiful 4Bhk Bungalow : House For Sale In Balkot,",Bungalow,1754.03125
"Vinayak Colony House On Rent : House For Rent In Bhaisepati, Lalitpur","vinayak colony, Bhaisepati, Lalitpur",Lalitpur,60000,2,2,,1,East,,757,5 Aana,0 Feet,0 Feet,,N/A Aana,3 months ago,"['Balcony', 'Garden', 'Modular Kitchen', 'Water Supply', 'Solar Water', 'Kids Playground']","Vinayak Colony House On Rent : House For Rent In Bhaisepati,",House,1711.25
"House For Rent At Comfort Housing Sitapaila : House For Rent In Sitapaila, Kathmandu","sitapaila, Sitapaila, Kathmandu",Kathmandu,65000,3,3,,2,East,,211,6 Aana,0 Feet,0 Feet,,N/A Aana,3 months ago,"['Balcony', 'Gym', 'Garden', 'Swimming Pool', 'Water Tank', 'Water Supply', 'Maintenance']","House For Rent At Comfort Housing Sitapaila : House For Rent In Sitapaila,",House,2053.5
"House For Sale In Shantinagar, Kathmandu","New Baneshwor, Shantinagar, Kathmandu",Kathmandu,43500000,7,3,3.0,1,West,,1.9K,0-7-3-0 Aana,13 Feet / Blacktopped,13 Feet , Blacktopped,N/A Aana,3 months ago,"['Fencing', 'Garden', 'TV Cable', 'Wifi', 'Drainage', 'Water Supply', 'Water Tank', 'Water Well', 'Internet', 'Parking']","House For Sale In Shantinagar,",House,2652.4375
"One Room At Dhobighat : Flat For Rent In Dhobighat, Lalitpur","dhobighat, Dhobighat, Lalitpur",Lalitpur,10000,1,1,,0,East,,362,3 Aana,0 Feet,0 Feet,,N/A Aana,3 months ago,[],"One Room At Dhobighat : Flat For Rent In Dhobighat,",Flat,1026.75
"Flat At Sanepa : Flat For Rent In Sanepa, Lalitpur","sanepa, Sanepa, Lalitpur",Lalitpur,25000,4,2,,1,East,,390,3 Aana,0 Feet,0 Feet,,N/A Aana,3 months ago,[],"Flat At Sanepa : Flat For Rent In Sanepa,",Flat,1026.75
"First Floor Flat At Dhobighat : Flat For Rent In Dhobighat, Lalitpur","dhobighat, Dhobighat, Lalitpur",Lalitpur,20000,1,1,,0,East,,234,3 Aana,0 Feet,0 Feet,,N/A Aana,3 months ago,[],"First Floor Flat At Dhobighat : Flat For Rent In Dhobighat,",Flat,1026.75
"Full Furnished House On Rent Karyabinayak Colony : House For Rent In Karyabinayak, Lalitpur","bhaisepati, Karyabinayak, Lalitpur",Lalitpur,100000,4,4,,1,East,,185,4 Aana,0 Feet,0 Feet,,N/A Aana,3 months ago,"['Balcony', 'Modular Kitchen', 'Water Supply', 'Solar Water', 'Garden']","Full Furnished House On Rent Karyabinayak Colony : House For Rent In Karyabinayak,",House,1369.0
"Land : Land For Sale In Damak, Jhapa","krishnamandir, Damak, Jhapa",Kathmandu,430000,0,0,0.0,0,South,,583,4920 Sq. Feet,32 Feet / Blacktopped,32 Feet , Blacktopped,N/A Sq. Feet,3 months ago,[],Satdobato,Other,4920.0
"LAND : Land For Sale In Dharan, Dharan","DHARAN PATNALI, Dharan, Dharan",Kathmandu,2000000,0,0,,0,East,,205,18 Dhur,12 Feet / Paved,12 Feet , Paved,N/A Aana,3 months ago,[],Satdobato,Other,1312200.0
"Cheap Land : Land For Sale In Balkot, Bhaktapur","sirutar, Balkot, Bhaktapur",Bhaktapur,1100000,0,0,,0,East,,910,7-0-0-0 Ropani,0 Feet,0 Feet,,N/A Aana,3 months ago,[],"Cheap Land : Land For Sale In Balkot,",Other,38332.0
"Buddhanilkantha 10 Ana : Land For Sale In Budhanilkantha, Kathmandu","Na, Budhanilkantha, Kathmandu",Kathmandu,3500000,0,0,,0,North East,,678,10 Aana,15 Feet / Blacktopped,15 Feet , Blacktopped,N/A Aana,3 months ago,[],"Buddhanilkantha 10 Ana : Land For Sale In Budhanilkantha,",Other,3422.5
"Flat Rent : Flat For Rent In Basundhara, Kathmandu","Kanti Marg, Basundhara, Basundhara, Kathmandu",Kathmandu,20000,2,1,3.0,1,West,2012.0,573,6 Aana,10 Feet / Gravelled,10 Feet , Gravelled,N/A Aana,3 months ago,"['Backyard', 'Garden', 'Water Supply', 'Internet', 'Kids Playground']","Flat Rent : Flat For Rent In Basundhara,",Flat,2053.5
"Land For Sale : Land For Sale In Imadol, Lalitpur","Sitapakha, Imadol, Lalitpur",Lalitpur,2700000,0,0,,0,South East,,490,8 Aana,14 Feet / Gravelled,14 Feet , Gravelled,N/A Aana,3 months ago,[],"Land For Sale : Land For Sale In Imadol,",Other,2738.0
"Full Furnished House On Rent At Bhaisepati : House For Rent In Bhaisepati, Lalitpur","bhaisepati, Bhaisepati, Lalitpur",Lalitpur,150000,4,4,,1,East,,440,4.5 Aana,0 Feet,0 Feet,,N/A Aana,3 months ago,"['Jacuzzi', 'Balcony', 'Garden', 'Microwave', 'Modular Kitchen', 'TV Cable', 'Water Supply', 'Solar Water']","Full Furnished House On Rent At Bhaisepati : House For Rent In Bhaisepati,",House,1540.125
"Space On Rent For Office And Restaurant ... Baneshwor Chowk : Office Space For Rent In Baneshwor, Kathmandu","naya baneshwor, Baneshwor, Kathmandu",Kathmandu,450,0,0,,0,East,,477,2200 Sq. Feet,0 Feet,0 Feet,,N/A Aana,3 months ago,['Lift'],"Space On Rent For Office And Restaurant ... Baneshwor Chowk : Office Space For Rent In Baneshwor,",Other,2200.0
"Full Furnished House For Rent At Civil Homes Sunakothi Phase III : House For Rent In Civil Homes, Lalitpur","sunakothi, Civil Homes, Lalitpur",Lalitpur,60000,2,2,,1,East,,489,5 Aana,0 Feet,0 Feet,,N/A Aana,3 months ago,"['Balcony', 'Gym', 'Microwave', 'Garden', 'Modular Kitchen', 'Swimming Pool', 'Water Supply']","Full Furnished House For Rent At Civil Homes Sunakothi Phase Iii : House For Rent In Civil Homes,",House,1711.25
"Exclusive Semi Bungalow For Sale At Golfutar Chowk 30 Mtr From Highway : House For Sale In Golfutar, Kathmandu","Golfutar Chowk, 30 Meter From Highway, Golfutar, Kathmandu",Kathmandu,45000000,0,4,3.0,2,East,,589,0-6-0-0 Aana,20 Feet / Blacktopped,20 Feet , Blacktopped,N/A Aana,3 months ago,"['Lawn', 'Garage', 'Air Condition', 'Backyard', 'Balcony', 'Microwave', 'Garden', 'Frontyard', 'Fencing', 'Deck', 'Modular Kitchen', 'TV Cable', 'Washing Machine', 'Wifi', 'Drainage', 'Water Tank', 'Water Well', 'Water Supply', 'Internet', 'Kids Playground']","Exclusive Semi Bungalow For Sale At Golfutar Chowk 30 Mtr From Highway : House For Sale In Golfutar,",Bungalow,2053.5
"Townplanning 13 Ana Bungalow : House For Sale In Samakhusi, Kathmandu","Na, Samakhusi, Kathmandu",Kathmandu,85000000,5,6,3.0,4,East,2069.0,259,13 Aana,20 Feet / Blacktopped,20 Feet , Blacktopped,N/A Aana,3 months ago,['Parking'],"Townplanning 13 Ana Bungalow : House For Sale In Samakhusi,",Bungalow,4449.25
"Siddarth Colony Under Construction Home : House For Sale In Budhanilkantha, Kathmandu","Na, Budhanilkantha, Kathmandu",Kathmandu,160000000,6,6,3.0,5,East,2076.0,292,21 Aana,20 Feet / Blacktopped,20 Feet , Blacktopped,N/A Aana,3 months ago,['Parking'],"Siddarth Colony Under Construction Home : House For Sale In Budhanilkantha,",House,7187.25
"Baluwatar 2 Ropani Land : Land For Sale In Baluwatar, Kathmandu","Na, Baluwatar, Kathmandu",Kathmandu,7500000,0,0,,0,East,,362,2-0-0-0 Aana,15 Feet / Blacktopped,15 Feet , Blacktopped,N/A Aana,3 months ago,[],"Baluwatar 2 Ropani Land : Land For Sale In Baluwatar,",Other,10952.0
"Samakhusi 11 Ana Flat Home : House For Sale In Samakhusi, Kathmandu","Na, Samakhusi, Kathmandu",Kathmandu,61000000,12,8,4.0,4,East,2069.0,199,11 Aana,13 Feet / Blacktopped,13 Feet , Blacktopped,N/A Aana,3 months ago,"['Parking', 'Drainage', 'Solar Water', 'Water Tank']","Samakhusi 11 Ana Flat Home : House For Sale In Samakhusi,",Flat,3764.75
"Golfutar Home : House For Sale In Golfutar, Kathmandu","Na, Golfutar, Kathmandu",Kathmandu,45000000,6,6,3.0,2,East,2075.0,210,6 Aana,15 Feet / Blacktopped,15 Feet , Blacktopped,N/A Aana,3 months ago,"['Garage', 'Parking', 'Drainage', 'Solar Water', 'Water Tank', 'Water Supply']","Golfutar Home : House For Sale In Golfutar,",House,2053.5
"Mitrapark Bungalow : House For Sale In Chabahil, Kathmandu","Na, Chabahil, Kathmandu",Kathmandu,49500000,5,5,3.0,2,East,2073.0,284,4.5 Aana,14 Feet / Blacktopped,14 Feet , Blacktopped,N/A Aana,3 months ago,['Garage'],"Mitrapark Bungalow : House For Sale In Chabahil,",Bungalow,1540.125
"Dhaneswor House For Sale : House For Sale In Baniyatar, Kathmandu","Na, Baniyatar, Kathmandu",Kathmandu,24000000,6,6,3.0,1,North East,2076.0,153,3.5 Aana,15 Feet / Blacktopped,15 Feet , Blacktopped,N/A Aana,3 months ago,['Garage'],"Dhaneswor House For Sale : House For Sale In Baniyatar,",House,1197.875
"Basundhara Semi Bungalow : House For Sale In Basundhara, Kathmandu","Na, Basundhara, Kathmandu",Kathmandu,45000000,6,6,3.0,4,South West,2072.0,268,8 Anand Aana,20 Feet / Blacktopped,20 Feet , Blacktopped,N/A Aana,3 months ago,"['Garage', 'Parking']","Basundhara Semi Bungalow : House For Sale In Basundhara,",Bungalow,2738.0
"Basundhara Home : House For Sale In Basundhara, Kathmandu","Na, Basundhara, Kathmandu",Kathmandu,60000000,7,7,3.0,4,South,2066.0,265,10 ana Aana,15 Feet / Blacktopped,15 Feet , Blacktopped,N/A Aana,3 months ago,"['Garage', 'Parking']","Basundhara Home : House For Sale In Basundhara,",House,3422.5
"Basundhara Beautiful Home : House For Sale In Basundhara, Kathmandu","Na, Basundhara, Kathmandu",Kathmandu,22500000,5,5,3.0,1,East,2075.0,237,2.5 Aana,14 Feet / Paved,14 Feet , Paved,N/A Aana,3 months ago,['Garage'],"Basundhara Beautiful Home : House For Sale In Basundhara,",House,855.625
"South Facing Bungalow For Sale At Dhapasi Height With Great View In 22 Feet Road : House For Sale In Dhapasi, Kathmandu","Dhapasi Height, 700 meter out from ring road., Dhapasi, Kathmandu",Kathmandu,69000000,5,5,3.0,0,South,,97,0-12-0-0 Aana,22 Feet / Blacktopped,22 Feet , Blacktopped,N/A Aana,3 months ago,"['Lawn', 'Garage', 'Air Condition', 'Backyard', 'Balcony', 'Microwave', 'Gym', 'Garden', 'Frontyard', 'Fencing', 'Deck', 'Modular Kitchen', 'TV Cable', 'Washing Machine', 'Wifi', 'Drainage', 'CCTV', 'Water Tank', 'Water Well', 'Solar Water', 'Water Supply', 'Electricity Backup', 'Internet', 'Kids Playground']","South Facing Bungalow For Sale At Dhapasi Height With Great View In 22 Feet Road : House For Sale In Dhapasi,",Bungalow,4107.0
"Sitapaila Housing : Land For Sale In Sitapaila, Kathmandu","Na, Sitapaila, Kathmandu",Kathmandu,68000000,0,0,,0,East,,214,8 Aana,30 Feet / Blacktopped,30 Feet , Blacktopped,N/A Aana,3 months ago,[],"Sitapaila Housing : Land For Sale In Sitapaila,",Other,2738.0
"18 Anna Land For Sale At Budhanilkantha, Opposite Park Village Resort : Land For Sale In Budhanilkantha, Kathmandu","Budhanilkantha, Opposite Park Village Resort, Main Road bata only 30 meters., Budhanilkantha, Kathmandu",Kathmandu,3700000,0,0,,0,East,,126,0-18-0-0 Aana,16 Feet / Blacktopped,16 Feet , Blacktopped,N/A Aana,3 months ago,[],"18 Anna Land For Sale At Budhanilkantha, Opposite Park Village Resort : Land For Sale In Budhanilkantha,",Other,6160.5
"Budhanilkantha 17 Ana Bungalow : House For Sale In Budhanilkantha, Kathmandu","Na, Budhanilkantha, Kathmandu",Kathmandu,62000000,5,6,3.0,4,South West,2075.0,219,17 Aana,14 Feet / Gravelled,14 Feet , Gravelled,N/A Aana,3 months ago,"['Garage', 'Lawn', 'Balcony', 'Modular Kitchen', 'Drainage', 'Solar Water', 'Water Supply', 'Water Tank', 'Parking']","Budhanilkantha 17 Ana Bungalow : House For Sale In Budhanilkantha,",Bungalow,5818.25
"Parkvillage Budhanilkantha : Land For Sale In Budhanilkantha, Kathmandu","Na, Budhanilkantha, Kathmandu",Kathmandu,3700000,0,0,,0,East,,108,18 ana Aana,15 Feet / Gravelled,15 Feet , Gravelled,N/A Aana,3 months ago,[],"Parkvillage Budhanilkantha : Land For Sale In Budhanilkantha,",Other,6160.5
"Dhapasi Exclusive Bungalow : House For Sale In Dhapasi, Kathmandu","Na, Dhapasi, Kathmandu",Kathmandu,69000000,7,7,3.0,4,South East,,88,12 Aana,20 Feet / Blacktopped,20 Feet , Blacktopped,N/A Aana,3 months ago,"['Frontyard', 'Lawn', 'Garage', 'Water Supply', 'Solar Water', 'Drainage', 'Water Tank', 'Parking', 'Store Room']","Dhapasi Exclusive Bungalow : House For Sale In Dhapasi,",Bungalow,4107.0
"Golfutar 6 Ana Exclusive Bungalow : House For Sale In Golfutar, Kathmandu","Na, Golfutar, Kathmandu",Kathmandu,45000000,6,7,3.0,2,East,2075.0,191,6 Aana,15 Feet / Blacktopped,15 Feet , Blacktopped,2600 Aana,3 months ago,"['Garage', 'Parking', 'Water Supply', 'Solar Water', 'Drainage', 'Washing Machine', 'Water Tank']","Golfutar 6 Ana Exclusive Bungalow : House For Sale In Golfutar,",Bungalow,2053.5
"East Face 12 Anna Bungalow For Sale At Naxal, 400 Mtr From Bhatbhateni : House For Sale In Naxal, Kathmandu","Naxal, 400 meter from Bhatbhateni., Naxal, Kathmandu",Kathmandu,65000000,6,5,2.0,0,East,,437,0-12-0-0 Aana,16 Feet / Blacktopped,16 Feet , Blacktopped,N/A Aana,3 months ago,"['Lawn', 'Garage', 'Air Condition', 'Backyard', 'Balcony', 'Microwave', 'Gym', 'Garden', 'Frontyard', 'Fencing', 'Deck', 'Modular Kitchen', 'TV Cable', 'Washing Machine', 'Wifi', 'Drainage', 'CCTV', 'Water Tank', 'Water Well', 'Solar Water', 'Water Supply', 'Electricity Backup', 'Internet', 'Kids Playground']","East Face 12 Anna Bungalow For Sale At Naxal, 400 Mtr From Bhatbhateni : House For Sale In Naxal,",Bungalow,4107.0
"VIP Semi-Bungalow On Sale In Akashedhara Height , 1 Km From Ringroad Sukhedhara : House For Sale In Sukedhara, Kathmandu","Akashedhara Height, Sukedhara, Kathmandu",Kathmandu,42000000,8,7,4.0,4,South East,,243,0-6-0-0 Aana,20 Feet / Paved,20 Feet , Paved,0-4-0-0 Aana,3 months ago,"['Lawn', 'Garage', 'Backyard', 'Balcony', 'Modular Kitchen', 'TV Cable', 'Solar Water', 'Water Supply', 'Drainage']","Vip Semi-Bungalow On Sale In Akashedhara Height , 1 Km From Ringroad Sukhedhara : House For Sale In Sukedhara,",Bungalow,2053.5
"1.5 Storey : House For Sale In Imadol, Lalitpur","Boje Pokhari, Imadol, Lalitpur",Lalitpur,13000000,2,1,1.35,1,North East,2076.0,2.7K,0-3-2-0 Aana,10 Feet / Gravelled,10 Feet , Gravelled,N/A Aana,3 months ago,[],"1.5 Storey : House For Sale In Imadol,",House,1197.875
"1.5 Storey House : House For Sale In Imadol, Lalitpur","Boje Pokhari, Imadol, Lalitpur",Lalitpur,12700000,2,1,1.5,1,North,2076.0,178,0-3-0-3 Aana,10 Feet / Gravelled,10 Feet , Gravelled,N/A Aana,3 months ago,"['Balcony', 'Fencing', 'Modular Kitchen', 'Wifi', 'Drainage', 'Water Supply', 'Water Tank', 'Parking']","1.5 Storey House : House For Sale In Imadol,",House,1090.921875
"1.5 Storey : House For Sale In Imadol, Lalitpur","Nearby Green hill city, Imadol, Lalitpur",Lalitpur,11000000,2,1,1.5,1,West,2076.0,1.6K,0-2-2-0 Aana,16 Feet / Gravelled,16 Feet , Gravelled,N/A Aana,3 months ago,[],"1.5 Storey : House For Sale In Imadol,",House,855.625
"Land For Sale In Mahendra Highway : Land For Sale In Bharatpur, Chitwan","haakim chowk, Bharatpur, Chitwan",Kathmandu,3050000,0,0,,0,South,,482,26 Dhur,50 Meter / Blacktopped,50 Meter , Blacktopped,26 Dhur,3 months ago,[],Satdobato,Other,1895400.0
"House For Sale In Imadol, Lalitpur","nearby Pawan prakriti school., Imadol, Lalitpur",Lalitpur,12000000,2,1,1.5,1,West,2076.0,3.8K,0-3-0-0 Aana,13 Feet / Gravelled,13 Feet , Gravelled,N/A Aana,3 months ago,"['Fencing', 'Modular Kitchen', 'Wifi', 'Drainage', 'Water Tank', 'Water Well', 'Parking', 'Store Room']","House For Sale In Imadol,",House,1026.75
"House For Rent At Civil Homes Sunakothi Phase III : House For Rent In Civil Homes, Lalitpur","sunakothi, Civil Homes, Lalitpur",Lalitpur,65000,4,3,,1,East,,696,6 Aana,0 Feet,0 Feet,,N/A Aana,3 months ago,[],"House For Rent At Civil Homes Sunakothi Phase Iii : House For Rent In Civil Homes,",House,2053.5
"One And Half Storied : House For Sale In Tikathali, Lalitpur","Nearby Panityanki, Tikathali, Lalitpur",Lalitpur,12500000,2,1,1.5,1,East,2076.0,2.6K,0-3-3-1 Aana,13 Feet / Gravelled,13 Feet , Gravelled,N/A Aana,3 months ago,"['Fencing', 'Modular Kitchen', 'TV Cable', 'Wifi', 'Drainage', 'Water Supply', 'Water Tank', 'Water Well', 'Internet', 'Parking', 'Store Room']","One And Half Storied : House For Sale In Tikathali,",House,1304.828125
"House For Sale In Budhanilkantha, Kathmandu","Akasedhara, Sagarmatha chwok, Budhanilkantha, Kathmandu",Kathmandu,19000000,8,4,3.0,1,North,2073.0,6.1K,0-3-2-0 Aana,10 Feet / Gravelled,10 Feet , Gravelled,2100 Sq. Feet,3 months ago,"['Balcony', 'Fencing', 'TV Cable', 'Wifi', 'Drainage', 'Water Supply', 'Water Tank', 'Water Well', 'Parking', 'Store Room']","House For Sale In Budhanilkantha,",House,1197.875
"1.5 Storey House : House For Sale In Tikathali, Lalitpur","Nearby, Buddha party palace, Tikathali, Lalitpur",Lalitpur,11500000,2,1,1.5,1,South,2076.0,902,0-2-3-2 Aana,13 Feet / Gravelled,13 Feet , Gravelled,N/A Aana,3 months ago,"['Fencing', 'Drainage', 'Water Tank', 'Water Well', 'Parking']","1.5 Storey House : House For Sale In Tikathali,",House,983.96875
"Attractive Building : House For Lease In Bharatpur, Chitwan","Bharatpur-4, Bharatpur, Chitwan",Kathmandu,80000,6,3,3.0,10,South,2019.0,456,2700 Sq. Feet,26 Feet / Blacktopped,26 Feet , Blacktopped,1600 Sq. Feet,3 months ago,"['Frontyard', 'Balcony', 'Water Supply', 'Drainage', 'Parking']",Satdobato,House,2700.0
"Flat At Rent - Near SaSa Restaurant : Flat For Rent In Machhegaun, Kirtipur","Kirtipur, Machhegaun, Kirtipur",Kathmandu,16000,2,1,3.0,1,North East,2019.0,271,0-4-1-0 Aana,13 Feet / Soil Stabilized,13 Feet , Soil Stabilized,0-3-7-0 Aana,3 months ago,['Balcony'],Satdobato,Flat,1454.5625
"Apartment For Rent In Dhapakhel, Lalitpur","Downtown apartment, Dhapakhel, Lalitpur",Lalitpur,60000,3,2,,1,East,2015.0,587,1180 Sq. Feet,24 Feet / Blacktopped,24 Feet , Blacktopped,1180 Sq. Feet,3 months ago,"['Garage', 'Balcony']","Apartment For Rent In Dhapakhel,",Apartment,1180.0
"One And Half Storied : House For Sale In Tikathali, Lalitpur","nearby Pawan prakriti school., Tikathali, Lalitpur",Lalitpur,15000000,2,1,1.5,1,North East,2076.0,5.2K,0-4-0-2 Aana,16 Feet / Blacktopped,16 Feet , Blacktopped,N/A Aana,3 months ago,"['Fencing', 'Modular Kitchen', 'TV Cable', 'Drainage', 'Water Tank', 'Water Well', 'Parking']","One And Half Storied : House For Sale In Tikathali,",House,1411.78125
"One And Half Storied : House For Sale In Tikathali, Lalitpur","Panityanki, Tikathali, Lalitpur",Lalitpur,11000000,2,1,1.5,1,East,2076.0,2.1K,0-3-0-0 Aana,13 Feet / Gravelled,13 Feet , Gravelled,N/A Aana,3 months ago,"['Fencing', 'Drainage', 'Water Tank', 'Water Well', 'Parking']","One And Half Storied : House For Sale In Tikathali,",House,1026.75
"Land For Sale In Changunarayan, Bhaktapur","Sudal, Changunarayan, Bhaktapur",Bhaktapur,1500000,0,0,,0,North,,542,6 Aana,12 Feet,12 Feet,,N/A Aana,3 months ago,[],"Land For Sale In Changunarayan,",Other,2053.5
"House On Rent At Karyabinay Colony : House For Rent In Bhaisepati, Lalitpur","karyabinayak colony, Bhaisepati, Lalitpur",Lalitpur,50000,4,4,,1,East,2019.0,404,0-4-0-0 Aana,12 Feet / Paved,12 Feet , Paved,N/A Aana,3 months ago,"['Balcony', 'Garden', 'Modular Kitchen']","House On Rent At Karyabinay Colony : House For Rent In Bhaisepati,",House,1369.0
"House At Sale : House For Sale In Hetauda, Makwanpur","Manahari, Hetauda, Makwanpur",Kathmandu,20000000,4,4,2.0,4,East,2019.0,502,0-4-0-0 / 322 Aana,14 Feet / Paved,14 Feet , Paved,0-4-0-0 / 322 Aana,3 months ago,"['Lawn', 'Air Condition', 'Balcony']",Satdobato,House,1369.0
"House For Rent In Kupondole : House For Rent In Kupondole, Lalitpur","kupondole, lalitpur, Kupondole, Lalitpur",Lalitpur,400000,0,5,5.0,3,North,2001.0,589,9 Aana,1 Meter / Gravelled,1 Meter , Gravelled,16 Aana,3 months ago,"['Garage', 'Balcony', 'Garden', 'Frontyard', 'Water Well']","House For Rent In Kupondole : House For Rent In Kupondole,",House,3080.25
"Baluwatar Russian Embassy : Land For Sale In Baluwatar, Kathmandu","Na, Baluwatar, Kathmandu",Kathmandu,7500000,0,0,,0,East,,300,2 -0-0-0 Aana,15 Feet / Blacktopped,15 Feet , Blacktopped,N/A Aana,3 months ago,[],"Baluwatar Russian Embassy : Land For Sale In Baluwatar,",Other,10952.0
"Beautiful Piece Of 4 Anna Square Land For Sale At Golfutar : Land For Sale In Golfutar, Kathmandu","Golfutar, Golfutar, Kathmandu",Kathmandu,4500000,0,0,,0,East,,498,0-4-0-0 Aana,16 Feet / Blacktopped,16 Feet , Blacktopped,N/A Aana,3 months ago,[],"Beautiful Piece Of 4 Anna Square Land For Sale At Golfutar : Land For Sale In Golfutar,",Other,1369.0
"Golfutar Land : Land For Sale In Golfutar, Kathmandu","Na, Golfutar, Kathmandu",Kathmandu,4600000,0,0,,0,East,,134,4-5 Aana,13 Feet / Blacktopped,13 Feet , Blacktopped,N/A Aana,3 months ago,[],"Golfutar Land : Land For Sale In Golfutar,",Other,23615.25
"Sundarbasti 4 Ana Home : House For Sale In Bhangal, Kathmandu","Na, Bhangal, Kathmandu",Kathmandu,23000000,5,5,3.0,1,West,2073.0,199,4 Aana,13 Feet / Gravelled,13 Feet , Gravelled,N/A Aana,3 months ago,['Garage'],"Sundarbasti 4 Ana Home : House For Sale In Bhangal,",House,1369.0
"Baluwatar Luxury Home : House For Sale In Baluwatar, Kathmandu","Na, Baluwatar, Kathmandu",Kathmandu,60000000,5,6,4.0,4,East,2076.0,254,5.5 Aana,13 Feet / Paved,13 Feet , Paved,N/A Aana,3 months ago,['Garage'],"Baluwatar Luxury Home : House For Sale In Baluwatar,",House,1882.375
"4 Anna 3.5 Floor House For Sale At Basundhara : House For Sale In Basundhara, Kathmandu","Basundhara, Basundhara, Kathmandu",Kathmandu,25500000,7,4,3.0,1,East,,306,0-4-0-0 Aana,14 Feet / Blacktopped,14 Feet , Blacktopped,N/A Aana,3 months ago,"['Lawn', 'Garage', 'Backyard', 'Balcony', 'Frontyard', 'Garden', 'Fencing', 'Deck', 'Modular Kitchen', 'Wifi', 'Drainage', 'Washing Machine', 'Water Supply', 'Solar Water', 'Water Tank', 'Kids Playground', 'Internet']","4 Anna 3.5 Floor House For Sale At Basundhara : House For Sale In Basundhara,",House,1369.0
"South Facing 7 Anna Modern House For Sale At Samakhusi Chowk : House For Sale In Samakhusi, Kathmandu","Samakhusi Chowk, Samakhusi, Kathmandu",Kathmandu,55000000,5,4,2.0,2,South East,,295,0-7-0-0 Aana,14 Feet / Blacktopped,14 Feet , Blacktopped,N/A Aana,3 months ago,"['Lawn', 'Garage', 'Air Condition', 'Backyard', 'Balcony', 'Microwave', 'Garden', 'Frontyard', 'Fencing', 'Deck', 'Modular Kitchen', 'TV Cable', 'Washing Machine', 'Wifi', 'Drainage', 'Water Tank', 'Solar Water', 'Water Supply', 'Electricity Backup', 'Intercom', 'Internet', 'Kids Playground']","South Facing 7 Anna Modern House For Sale At Samakhusi Chowk : House For Sale In Samakhusi,",House,2395.75
"कान्तिपुर कोलोनीमा ( Lalitpur) नयाँ घर बिक्रिमा !! 192 Lakh (Negotiable ) : House For Sale In Nakhipot, Lalitpur","Kantipur Colony, Nakhipot, Lalitpur",Lalitpur,22200000,4,5,,1,South West,2019.0,227,0-3-1-0 Aana,0 Feet,0 Feet,,N/A Aana,3 months ago,[],कान्तिपुर कोलोनीमा (,House,1112.3125
"Samakhusi Luxury Bungalow : House For Sale In Samakhusi, Kathmandu","Na, Samakhusi, Kathmandu",Kathmandu,55000000,5,6,3.0,2,South,2073.0,138,7 Aana,14 Feet / Blacktopped,14 Feet , Blacktopped,N/A Aana,3 months ago,['Garage'],"Samakhusi Luxury Bungalow : House For Sale In Samakhusi,",Bungalow,2395.75
"Basundhara House For Sale : House For Sale In Basundhara, Kathmandu","Na, Basundhara, Kathmandu",Kathmandu,25500000,7,6,4.0,1,South West,2075.0,122,3.75 Aana,14 Feet / Blacktopped,14 Feet , Blacktopped,N/A Aana,3 months ago,['Garage'],"Basundhara House For Sale : House For Sale In Basundhara,",House,1283.4375
"5 Anna Land For Sale At Dhapasi, Near Krishna Mandi : Land For Sale In Dhapasi, Kathmandu","Dhapasi, Near Krishna Mandir, Dhapasi, Kathmandu",Kathmandu,2700000,0,0,,0,East,,498,0-5-0-0 Aana,15 Feet / Gravelled,15 Feet , Gravelled,N/A Aana,3 months ago,[],"5 Anna Land For Sale At Dhapasi, Near Krishna Mandi : Land For Sale In Dhapasi,",Other,1711.25
"East Facing 4 Anna Brand New Family Home For Sale At Mandikatar. : House For Sale In Mandikatar, Kathmandu","Mandikatar Faat, Mandikatar, Kathmandu",Kathmandu,27500000,6,3,2.0,1,East,2076.0,654,0-4-0-0 Aana,15 Feet / Blacktopped,15 Feet , Blacktopped,N/A Aana,3 months ago,"['Lawn', 'Garage', 'Backyard', 'Balcony', 'Garden', 'Frontyard', 'Fencing', 'Modular Kitchen', 'TV Cable', 'Wifi', 'Drainage', 'Water Tank', 'Water Well', 'Solar Water', 'Water Supply', 'Intercom', 'Internet']","East Facing 4 Anna Brand New Family Home For Sale At Mandikatar. : House For Sale In Mandikatar,",House,1369.0
"3 To 5 Anna Plot Lands At Chapali, Budhanilkantha, 4 Km From Ring Road : Land For Sale In Budhanilkantha, Kathmandu","Chapali, 4 Km From Ring Road, Budhanilkantha, Kathmandu",Kathmandu,2650000,0,0,,0,East,,433,3 to 5 Anna Aana,20 Feet / Soil Stabilized,20 Feet , Soil Stabilized,N/A Aana,3 months ago,[],"3 To 5 Anna Plot Lands At Chapali, Budhanilkantha, 4 Km From Ring Road : Land For Sale In Budhanilkantha,",Other,11978.75
"Modern Bungalow For Sale At Rudreshwor Chowk, Budhanilkantha. 50 Meters From Main Highway. : House For Sale In Budhanilkantha, Kathmandu","Rudreshwor Chowk, 50 Meters From Main Highway., Budhanilkantha, Kathmandu",Kathmandu,63000000,5,4,2.0,2,East,,534,0-10-0-0 Aana,16 Feet / Blacktopped,16 Feet , Blacktopped,N/A Aana,3 months ago,"['Lawn', 'Garage', 'Air Condition', 'Backyard', 'Balcony', 'Microwave', 'Garden', 'Frontyard', 'Fencing', 'Deck', 'Modular Kitchen', 'TV Cable', 'Washing Machine', 'Wifi', 'Drainage', 'CCTV', 'Water Tank', 'Water Well', 'Solar Water', 'Water Supply', 'Electricity Backup', 'Internet', 'Kids Playground']","Modern Bungalow For Sale At Rudreshwor Chowk, Budhanilkantha. 50 Meters From Main Highway. : House For Sale In Budhanilkantha,",Bungalow,3422.5
"10 Anna Land For Sale At Budhanilkantha, Rudreshwor Chowk, 20 Meters From Main Highway. : Land For Sale In Budhanilkantha, Kathmandu","20 Meters From Main Highway, Budhanilkantha, Kathmandu",Kathmandu,3500000,0,0,,0,West,,452,0-10-0-0 Aana,14 Feet / Blacktopped,14 Feet , Blacktopped,N/A Aana,3 months ago,[],"10 Anna Land For Sale At Budhanilkantha, Rudreshwor Chowk, 20 Meters From Main Highway. : Land For Sale In Budhanilkantha,",Other,3422.5
"Brand New Semi Bungalow In 33 Feet Road, Beside Deuba Residence, Deuba Chowk, Budhanilkantha. : House For Sale In Budhanilkantha, Kathmandu","Beside Deuba House, Rudreshwor, Budhanilkantha, Kathmandu",Kathmandu,34500000,6,4,3.0,2,East,2076.0,459,0-6-0-0 Aana,30 Feet / Blacktopped,30 Feet , Blacktopped,N/A Aana,3 months ago,"['Garage', 'Lawn', 'Backyard', 'Balcony', 'Garden', 'Frontyard', 'Fencing', 'Modular Kitchen', 'Washing Machine', 'Wifi', 'Drainage', 'Water Tank', 'Water Well', 'Solar Water', 'Water Supply', 'Intercom', 'Internet']","Brand New Semi Bungalow In 33 Feet Road, Beside Deuba Residence, Deuba Chowk, Budhanilkantha. : House For Sale In Budhanilkantha,",Bungalow,2053.5
"9 Anna Brand New Bungalow For Sale At Budhanilkantha, Taulung. : House For Sale In Budhanilkantha, Kathmandu","Budhanilkantha, Taulung., Budhanilkantha, Kathmandu",Kathmandu,38000000,0,3,2.0,3,East,2076.0,476,0-9-0-0 Aana,16 Feet / Blacktopped,16 Feet , Blacktopped,N/A Aana,3 months ago,"['Lawn', 'Garage', 'Backyard', 'Balcony', 'Garden', 'Frontyard', 'Fencing', 'Modular Kitchen', 'TV Cable', 'Drainage', 'Water Supply', 'Solar Water', 'Water Tank', 'Internet']","9 Anna Brand New Bungalow For Sale At Budhanilkantha, Taulung. : House For Sale In Budhanilkantha,",Bungalow,3080.25
"One And Half Storied : House For Sale In Imadol, Lalitpur","Setipakha, Imadol, Lalitpur",Lalitpur,12000000,4,1,1.5,0,North East,,984,0-5-1-0 Aana,4 Feet / Concrete,4 Feet , Concrete,N/A Aana,3 months ago,"['Fencing', 'TV Cable', 'Drainage', 'Water Supply', 'Water Well']","One And Half Storied : House For Sale In Imadol,",House,1796.8125
"House For Sale In Chakupat, Lalitpur","dathulan road house, Chakupat, Lalitpur",Lalitpur,8700000,0,2,3.0,0,South,2060.0,555,1 Aana,1 Feet / Concrete,1 Feet , Concrete,1 Aana,3 months ago,"['Wifi', 'TV Cable', 'Store Room']","House For Sale In Chakupat,",House,342.25
"House For Sale In Tikathali : House For Sale In Tikathali, Lalitpur","Tikathali, Tikathali, Lalitpur",Lalitpur,12500000,2,1,1.0,1,East,2019.0,319,3 Aana,13 Feet,13 Feet,,N/A Aana,3 months ago,[],"House For Sale In Tikathali : House For Sale In Tikathali,",House,1026.75
"House For Sale In Tikathali : House For Sale In Tikathali, Lalitpur","Tikathali, Tikathali, Lalitpur",Lalitpur,130000,2,1,1.0,1,East,2019.0,378,3 Aana,15 Feet,15 Feet,,N/A Aana,3 months ago,"['Water Tank', 'Water Well', 'Parking']","House For Sale In Tikathali : House For Sale In Tikathali,",House,1026.75
"House For Rent Samakhusi : House For Rent In Samakhusi, Kathmandu","Samakhusi, Samakhusi, Kathmandu",Kathmandu,60000,0,0,3.0,0,South East,,225,5 Aana,13 Feet / Blacktopped,13 Feet , Blacktopped,N/A Aana,3 months ago,[],"House For Rent Samakhusi : House For Rent In Samakhusi,",House,1711.25
"Fully Furnished House For Sale At Imadol, Sital Height : House For Sale In Imadol, Lalitpur","imadol, Imadol, Lalitpur",Lalitpur,23500000,4,4,3.0,1,West,2016.0,465,3.75 Aana,13 Feet / Blacktopped,13 Feet , Blacktopped,N/A Aana,3 months ago,"['Solar Water', 'Water Well', 'Water Tank', 'Internet', 'Microwave', 'Garden', 'Garage', 'Balcony', 'Backyard', 'Modular Kitchen', 'Washing Machine', 'Wifi', 'Kids Playground']","Fully Furnished House For Sale At Imadol, Sital Height : House For Sale In Imadol,",House,1283.4375
"Full Furnished House On Rent In Dhapasi Height, Near Grande Hospital : House For Rent In Dhapasi, Kathmandu","Dhapasi Height, Dhapasi, Kathmandu",Kathmandu,60000,4,3,3.0,1,South East,2010.0,247,10 Aana,20 Feet / Blacktopped,20 Feet , Blacktopped,3 Aana,3 months ago,"['Garage', 'Balcony', 'Backyard']","Full Furnished House On Rent In Dhapasi Height, Near Grande Hospital : House For Rent In Dhapasi,",House,3422.5
"House For Sale In Imadol, Lalitpur","Krishna Mandir Area, Imadol, Lalitpur",Lalitpur,27000000,6,4,3.0,0,East,,973,0-3-2-0 Aana,13 Feet / Blacktopped,13 Feet , Blacktopped,N/A Aana,3 months ago,"['Balcony', 'Fencing', 'Modular Kitchen', 'Drainage', 'Water Tank']","House For Sale In Imadol,",House,1197.875
"4BHK Apartment In Sale- 1340 Sq Feet. : Apartment For Sale In Pepsicola, Kathmandu","Suncity, Pepsicola, Pepsicola, Kathmandu",Kathmandu,15200000,4,2,,1,South,,1K,1340 Sq. Feet,20 Feet / Blacktopped,20 Feet , Blacktopped,1340 Sq. Feet,3 months ago,"['Lawn', 'Garden', 'Gym', 'TV Cable', 'Wifi', 'Water Supply', 'CCTV', 'Electricity Backup', 'Maintenance', 'Security Staff', 'Parking', 'Lift', 'Swimming Pool', 'Intercom']","4Bhk Apartment In Sale- 1340 Sq Feet. : Apartment For Sale In Pepsicola,",Apartment,1340.0
"Chapali Plotting Land : Land For Sale In Chapali, Kathmandu","Na, Chapali, Kathmandu",Kathmandu,2650000,0,0,,0,East,,369,3.3 Aana,20 Feet / Gravelled,20 Feet , Gravelled,N/A Aana,3 months ago,[],"Chapali Plotting Land : Land For Sale In Chapali,",Other,1129.425
"Sano Bharyang Brand New Home : House For Sale In Sano Bharyang, Kathmandu","Na, Sano Bharyang, Kathmandu",Kathmandu,235000000,5,5,3.0,1,East,2076.0,650,3 Aana,13 Feet / Gravelled,13 Feet , Gravelled,N/A Aana,3 months ago,['Garage'],"Sano Bharyang Brand New Home : House For Sale In Sano Bharyang,",House,1026.75
"Budhanilkantha Mandikatar : House For Sale In Mandikatar, Kathmandu","Na, Mandikatar, Kathmandu",Kathmandu,27600000,7,6,3.0,1,East,2076.0,832,4 Aana,13 Feet / Gravelled,13 Feet , Gravelled,N/A Aana,3 months ago,"['Garage', 'Store Room', 'Parking']","Budhanilkantha Mandikatar : House For Sale In Mandikatar,",House,1369.0
"22 Anna Land Covered Bungalow For Sale At Budhanilkanta. : House For Sale In Budhanilkantha, Kathmandu","Narayanthan, Budhanilkantha, Kathmandu",Kathmandu,70000000,5,4,,10,East,,671,0-22-0-0 Aana,16 Feet / Blacktopped,16 Feet , Blacktopped,N/A Aana,3 months ago,"['Lawn', 'Garage', 'Air Condition', 'Backyard', 'Balcony', 'Microwave', 'Gym', 'Garden', 'Frontyard', 'Fencing', 'Deck', 'Modular Kitchen', 'TV Cable', 'Washing Machine', 'Wifi', 'Drainage', 'CCTV', 'Water Tank', 'Water Well', 'Solar Water', 'Water Supply', 'Electricity Backup', 'Internet', 'Kids Playground']","22 Anna Land Covered Bungalow For Sale At Budhanilkanta. : House For Sale In Budhanilkantha,",Bungalow,7529.5
"Brand New House At Dhungedhara, Banasthali, 300 Meter From Ring Road : House For Sale In Banasthali, Kathmandu","Dhungedhara, Banasthali, Banasthali, Kathmandu",Kathmandu,22500000,4,3,2.0,1,East,2076.0,805,0-3-0-0 Aana,15 Feet / Blacktopped,15 Feet , Blacktopped,N/A Aana,3 months ago,"['Garage', 'Backyard', 'Garden', 'Frontyard', 'Fencing', 'Drainage', 'Water Tank', 'Solar Water', 'Water Supply', 'Electricity Backup', 'Internet']","Brand New House At Dhungedhara, Banasthali, 300 Meter From Ring Road : House For Sale In Banasthali,",House,1026.75
"Brand New House At Sano Bharayang, Swayambhu, 500 Meter From Ring Road : House For Sale In Swayambhu, Kathmandu","Sano Bharayang, Swayambhu, Swayambhu, Kathmandu",Kathmandu,23500000,0,3,2.0,1,East,2076.0,192,0-3-0-0 Aana,16 Feet / Blacktopped,16 Feet , Blacktopped,N/A Aana,3 months ago,"['Lawn', 'Garage', 'Backyard', 'Microwave', 'Garden', 'Frontyard', 'Fencing', 'Deck', 'TV Cable', 'Wifi', 'Drainage', 'Water Tank', 'Water Well', 'Solar Water', 'Water Supply', 'Electricity Backup', 'Internet']","Brand New House At Sano Bharayang, Swayambhu, 500 Meter From Ring Road : House For Sale In Swayambhu,",House,1026.75
"Banasthali Dhungedhara Home : House For Sale In Dhungedhara, Kathmandu","Na, Dhungedhara, Kathmandu",Kathmandu,240,5,5,3.0,1,East,2076.0,523,3 Aana,14 Feet / Gravelled,14 Feet , Gravelled,N/A Aana,3 months ago,['Garage'],"Banasthali Dhungedhara Home : House For Sale In Dhungedhara,",House,1026.75
"Budhanilkantha : House For Sale In Budhanilkantha, Kathmandu","Na, Budhanilkantha, Kathmandu",Kathmandu,70000000,6,7,3.0,10,East,2068.0,177,22 Aana,15 Feet / Blacktopped,15 Feet , Blacktopped,N/A Aana,3 months ago,"['Parking', 'Garage']","Budhanilkantha : House For Sale In Budhanilkantha,",House,7529.5
"Chabahil Bageswori Homes : House For Sale In Chabahil, Kathmandu","Na, Chabahil, Kathmandu",Kathmandu,500000000,5,5,3.0,2,East,2075.0,650,4.5 Aana,15 Feet / Blacktopped,15 Feet , Blacktopped,N/A Aana,3 months ago,"['Balcony', 'Garage']","Chabahil Bageswori Homes : House For Sale In Chabahil,",House,1540.125
"Siddarthcolony Home : House For Sale In Budhanilkantha, Kathmandu","Na, Budhanilkantha, Kathmandu",Kathmandu,160000000,10,10,4.0,5,East,2076.0,360,21 Aana,20 Feet / Blacktopped,20 Feet , Blacktopped,N/A Aana,3 months ago,['Parking'],"Siddarthcolony Home : House For Sale In Budhanilkantha,",House,7187.25
"Baluwatar Home : House For Sale In Baluwatar, Kathmandu","Na, Baluwatar, Kathmandu",Kathmandu,42500000,6,6,3.0,0,South East,,711,6 Aana,15 Feet / Blacktopped,15 Feet , Blacktopped,N/A Aana,3 months ago,"['Garage', 'Parking']","Baluwatar Home : House For Sale In Baluwatar,",House,2053.5
"Bhangal New Home : House For Sale In Budhanilkantha, Kathmandu","Na, Budhanilkantha, Kathmandu",Kathmandu,18000000,5,5,3.0,1,North,2076.0,580,3.1 Aana,13 Feet / Gravelled,13 Feet , Gravelled,N/A Aana,3 months ago,['Garage'],"Bhangal New Home : House For Sale In Budhanilkantha,",House,1060.9750000000001
"Budhanilkantha Bhangal : House For Sale In Bhangal, Kathmandu","Na, Bhangal, Kathmandu",Kathmandu,27500000,6,6,3.0,2,East,2076.0,118,4 Aana,14 Feet / Gravelled,14 Feet , Gravelled,N/A Aana,3 months ago,['Garage'],"Budhanilkantha Bhangal : House For Sale In Bhangal,",House,1369.0
"House For Sale In Shantinagar, Kathmandu","Prayag Marga-34, Shantinagar, Kathmandu",Kathmandu,33000000,5,3,2.5,1,West,,7.5K,0-5-0-0 Aana,15 Feet / Blacktopped,15 Feet , Blacktopped,N/A Aana,3 months ago,"['Balcony', 'Fencing', 'Garden', 'TV Cable', 'Wifi', 'Drainage', 'Water Supply', 'Solar Water', 'Water Tank', 'Water Well', 'Internet', 'Kids Playground', 'Parking', 'Store Room']","House For Sale In Shantinagar,",House,1711.25
"Hepali Height Breathtaking Bungalow : House For Sale In Budhanilkantha, Kathmandu","Na, Budhanilkantha, Kathmandu",Kathmandu,145000000,5,6,3.0,4,East,2076.0,493,20 Aana,18 Feet / Blacktopped,18 Feet , Blacktopped,N/A Aana,3 months ago,"['Garage', 'Lawn', 'Balcony', 'Backyard', 'Garden', 'Store Room', 'Parking', 'Security Staff']","Hepali Height Breathtaking Bungalow : House For Sale In Budhanilkantha,",Bungalow,6845.0
"House For Sale In Satdobato, Lalitpur","Tutepani, Satdobato, Lalitpur",Lalitpur,3700000,5,4,3.0,9,South,,1.7K,1-5-2-0 Ropani,8 Feet / Blacktopped,8 Feet , Blacktopped,N/A Aana,3 months ago,"['Lawn', 'Garage', 'Balcony', 'Garden', 'Frontyard', 'Water Tank', 'Water Well', 'Solar Water', 'Water Supply']","House For Sale In Satdobato,",House,7358.375
"Brand New : House For Sale In Imadol, Lalitpur","Nayabasti, Imadol, Lalitpur",Lalitpur,21000000,4,5,2.5,1,South West,2076.0,4.5K,0-4-0-0 Aana,20 Feet / Gravelled,20 Feet , Gravelled,N/A Aana,3 months ago,"['Balcony', 'Fencing', 'Modular Kitchen', 'TV Cable', 'Drainage', 'Water Supply', 'Water Tank', 'Water Well', 'Electricity Backup', 'Parking', 'Store Room']","Brand New : House For Sale In Imadol,",House,1369.0
"House For Sale In Bhaisepati, Lalitpur","Fulbari Marga, Bhaisepati, Lalitpur",Lalitpur,28500000,5,4,3.0,1,South East,2073.0,6.4K,0-4-3-1 Aana,13 Feet / Blacktopped,13 Feet , Blacktopped,2450 Aana,3 months ago,"['Balcony', 'Fencing', 'Garden', 'Modular Kitchen', 'TV Cable', 'Wifi', 'Drainage', 'Water Supply', 'Solar Water', 'Water Tank', 'Water Well', 'Electricity Backup', 'Internet', 'Parking', 'Store Room']","House For Sale In Bhaisepati,",House,1647.078125
"House On Sale At Green Viallage Society , Ramkot : House For Sale In Ramkot, Kathmandu","solti dobato, Ramkot, Kathmandu",Kathmandu,17500000,4,2,,0,North East,,536,5 Aana,20 Feet,20 Feet,,N/A Aana,3 months ago,[],"House On Sale At Green Viallage Society , Ramkot : House For Sale In Ramkot,",House,1711.25
"2storey House On Sale At Green Viallage Society , Ramkot : House For Sale In Ramkot, Kathmandu","solti dobato, Ramkot, Kathmandu",Kathmandu,15500000,4,2,2.0,1,North East,,872,4 Aana,0 Feet,0 Feet,,N/A Aana,3 months ago,[],"2Storey House On Sale At Green Viallage Society , Ramkot : House For Sale In Ramkot,",House,1369.0
"House On Sale At Green Viallage Society , Ramkot : House For Sale In Ramkot, Kathmandu","ramkot, Ramkot, Kathmandu",Kathmandu,15500000,4,2,,1,North East,,497,4 Aana,20 Feet,20 Feet,,N/A Aana,3 months ago,[],"House On Sale At Green Viallage Society , Ramkot : House For Sale In Ramkot,",House,1369.0
"Land For Sale In Budhanilkantha, Kathmandu","ganesh chowk, Budhanilkantha, Kathmandu",Kathmandu,3200000,0,0,,0,East,,309,10 Aana,13 Feet / Blacktopped,13 Feet , Blacktopped,N/A Aana,3 months ago,[],"Land For Sale In Budhanilkantha,",Other,3422.5
"Land For Sale In Basbari : Land For Sale In Basbari, Kathmandu","Basbari, Basbari, Kathmandu",Kathmandu,3000000,0,0,,0,North,,604,3 Aana,20 Feet / Blacktopped,20 Feet , Blacktopped,N/A Aana,3 months ago,[],"Land For Sale In Basbari : Land For Sale In Basbari,",Other,1026.75
"Hattigauda Ma Sasto Jagga Bikrima : Land For Sale In Budhanilkantha, Kathmandu","hattigauda, Budhanilkantha, Kathmandu",Kathmandu,2300000,0,0,,0,East,,867,5.5 Aana,13 Feet,13 Feet,,N/A Aana,3 months ago,[],"Hattigauda Ma Sasto Jagga Bikrima : Land For Sale In Budhanilkantha,",Other,1882.375
"Furnished Office With MOE Consultancy License : Office Space For Sale In Chabahil, Kathmandu","Kumari building, Chabahil, Kathmandu",Kathmandu,2000000,0,0,,0,East,,1.8K,1400 Sq. Feet,20 Feet / Blacktopped,20 Feet , Blacktopped,1400 Sq. Feet,4 months ago,"['Wifi', 'Drainage', 'Water Supply', 'Water Well', 'CCTV', 'Electricity Backup', 'Intercom', 'Internet', 'Lift', 'Parking', 'Security Staff']","Furnished Office With Moe Consultancy License : Office Space For Sale In Chabahil,",Other,1400.0
"7.5 Dhur Land At Hetauda : Land For Sale In Hetauda, Makwanpur","Hetauda, Bhairab Road, Milan marg, Hetauda, Makwanpur",Kathmandu,1100000,0,0,0.0,0,South,,860,07-5 Dhur,20 Feet / Blacktopped,20 Feet , Blacktopped,N/A Sq. Feet,4 months ago,[],Satdobato,Other,40043.25
"Budhanilkantha Chapali Home For Sale : House For Sale In Chapali, Kathmandu","Na, Chapali, Kathmandu",Kathmandu,42000000,7,6,3.0,3,East,2076.0,839,8.5 Aana,13 Feet / Gravelled,13 Feet , Gravelled,N/A Aana,4 months ago,"['Frontyard', 'Garage', 'Solar Water', 'Water Supply', 'Water Well', 'Water Tank', 'Store Room']","Budhanilkantha Chapali Home For Sale : House For Sale In Chapali,",House,2909.125
"House For Rent In Paknajol, Kathmandu","538 Paknajol Marg, Paknajol, Kathmandu",Kathmandu,300000,18,4,5.0,0,West,2045.0,429,0-4-0-0 Aana,18 Feet / Blacktopped,18 Feet , Blacktopped,0-3-2-0 Aana,4 months ago,"['Drainage', 'TV Cable', 'Water Supply', 'Internet']","House For Rent In Paknajol,",House,1369.0
"16ana Land At Tokha : Land For Sale In Tokha, Kathmandu","Tokha, Tokha, Kathmandu",Kathmandu,2500000,0,0,,0,North East,,509,16 Aana,0 Feet,0 Feet,,16 Aana,4 months ago,[],"16Ana Land At Tokha : Land For Sale In Tokha,",Other,5476.0
"Land : Land For Sale In Pepsicola, Kathmandu","pepsicola, Pepsicola, Kathmandu",Kathmandu,4000000,0,0,,0,East,,507,0-5-0-0 Aana,13 Feet / Blacktopped,13 Feet , Blacktopped,N/A Aana,4 months ago,[],"Land : Land For Sale In Pepsicola,",Other,1711.25
"Attractive Flat For Rent : Apartment For Rent In Dhapakhel, Lalitpur","CIVIL HOMES DHAPHAKEL, Dhapakhel, Lalitpur",Lalitpur,30000,2,1,,1,East,,758,790 Sq. Feet,11 Meter / Blacktopped,11 Meter , Blacktopped,790 Sq. Feet,4 months ago,"['Swimming Pool', 'Modular Kitchen', 'Water Supply', 'Electricity Backup', 'Garage', 'Balcony', 'Garden', 'Water Tank', 'Kids Playground', 'Gym', 'Lift']","Attractive Flat For Rent : Apartment For Rent In Dhapakhel,",Flat,790.0
"Imadol Ko 20 Feet Ko Batoko Ghar Bikrima : House For Sale In Imadol, Lalitpur","imadol -4 lalitpur, Imadol, Lalitpur",Lalitpur,19000000,4,3,3.0,2,West,2076.0,869,0-3-1-0 Aana,0 Feet / Blacktopped,0 Feet , Blacktopped,N/A Aana,4 months ago,[],"Imadol Ko 20 Feet Ko Batoko Ghar Bikrima : House For Sale In Imadol,",House,1112.3125
"House For Sale In Gwarko, Lalitpur","Gwarko Colony, Gwarko, Lalitpur",Lalitpur,21000000,3,2,2.5,1,South,,8K,0-3-0-1 Aana,13 Feet / Blacktopped,13 Feet , Blacktopped,N/A Aana,4 months ago,"['Balcony', 'Fencing', 'Frontyard', 'Modular Kitchen', 'TV Cable', 'Wifi', 'Drainage', 'Water Supply', 'Solar Water', 'Water Tank', 'Water Well', 'Electricity Backup', 'Internet', 'Kids Playground', 'Parking', 'Security Staff', 'Store Room']","House For Sale In Gwarko,",House,1048.140625
"Brand New 3 BHK : Apartment For Rent In Balkumari, Lalitpur","Westar Apartment, Balkumari, Lalitpur",Lalitpur,50000,3,2,9.0,0,East,,2.4K,1259 Sq. Feet,20 Feet / Blacktopped,20 Feet , Blacktopped,N/A Sq. Feet,4 months ago,"['Air Condition', 'Balcony', 'Fencing', 'Garden', 'Modular Kitchen', 'Swimming Pool', 'TV Cable', 'Wifi', 'Drainage', 'Water Supply', 'Solar Water', 'Water Well', 'Electricity Backup', 'Internet', 'Kids Playground', 'Lift', 'Maintenance', 'Parking', 'Security Staff', 'Store Room']","Brand New 3 Bhk : Apartment For Rent In Balkumari,",Apartment,1259.0
"Land For Rent : Land For Rent In Naxal, Kathmandu","Gairidhara, Naxal, Kathmandu",Kathmandu,200000,0,0,,0,South East,,287,10 Aana,20 Feet / Blacktopped,20 Feet , Blacktopped,N/A Aana,4 months ago,[],"Land For Rent : Land For Rent In Naxal,",Other,3422.5
"Office Space For Rent : Office Space For Rent In Naxal, Kathmandu","Nagpokhari, Naxal, Kathmandu",Kathmandu,110,0,0,3.0,0,East,,196,10 Aana,16 Feet / Blacktopped,16 Feet , Blacktopped,N/A Aana,4 months ago,"['Backyard', 'Water Supply', 'Water Tank', 'Garage']","Office Space For Rent : Office Space For Rent In Naxal,",Other,3422.5
"House For Rent : House For Rent In Budhanilkantha, Kathmandu","budanilkantha, Budhanilkantha, Kathmandu",Kathmandu,100000,3,4,2.0,1,North,,172,4 Aana,15 Feet / Blacktopped,15 Feet , Blacktopped,N/A Aana,4 months ago,"['Frontyard', 'Water Supply', 'Water Well', 'Modular Kitchen', 'Drainage', 'Balcony']","House For Rent : House For Rent In Budhanilkantha,",House,1369.0
"Office Space For Rent : Office Space For Rent In Naxal, Kathmandu","Bhimsen Marg, hadigaon, Naxal, Kathmandu",Kathmandu,160,0,0,,0,North East,,149,20 Aana,0 Feet,0 Feet,,N/A Aana,4 months ago,"['Backyard', 'Water Supply', 'Frontyard', 'Water Tank']","Office Space For Rent : Office Space For Rent In Naxal,",Other,6845.0
"House For Rent : House For Rent In Ratopul, Kathmandu","Siphal, Ratopul, Kathmandu",Kathmandu,350000,0,0,5.0,0,South,,134,8 Aana,15 Feet / Blacktopped,15 Feet , Blacktopped,8000 Sq. Feet,4 months ago,"['Water Supply', 'Water Well', 'Frontyard']","House For Rent : House For Rent In Ratopul,",House,2738.0
"Land On Sale : Land For Sale In Soltimode, Kathmandu","Chauni Road, Soltimode, Kathmandu",Kathmandu,3000000,0,0,,0,North East,,285,0-4-1-0 Aana,15 Feet,15 Feet,,N/A Aana,4 months ago,[],"Land On Sale : Land For Sale In Soltimode,",Other,1454.5625
"House For Rent : House For Rent In Sinamangal, Kathmandu","sinamangal, Sinamangal, Kathmandu",Kathmandu,200000,4,3,3.0,2,South East,,144,8 Aana,15 Feet / Blacktopped,15 Feet , Blacktopped,N/A Aana,4 months ago,"['Water Supply', 'Water Well', 'Balcony', 'Frontyard']","House For Rent : House For Rent In Sinamangal,",House,2738.0
"Land On Sale : Land For Sale In Boudha, Kathmandu","Tinchuli Chowk, Boudha, Kathmandu",Kathmandu,3000000,0,0,,0,South East,,243,5.2 Aana,15 Feet / Blacktopped,15 Feet , Blacktopped,N/A Aana,4 months ago,[],"Land On Sale : Land For Sale In Boudha,",Other,1779.7
"House For Rent : House For Rent In Boudha, Kathmandu","Arunima Education Foundation, Boudha, Kathmandu",Kathmandu,150000,0,0,5.0,2,South West,,178,3 Aana,0 Feet,0 Feet,,N/A Aana,4 months ago,"['Frontyard', 'Balcony', 'Drainage', 'Water Supply']","House For Rent : House For Rent In Boudha,",House,1026.75
"Office Space For Rent In Thamel, Kathmandu","Thamel, Thamel, Kathmandu",Kathmandu,120000,12,0,3.0,2,North West,,109,3 Aana,15 Feet / Blacktopped,15 Feet , Blacktopped,N/A Aana,4 months ago,"['Water Supply', 'Water Well', 'Frontyard', 'Drainage']","Office Space For Rent In Thamel,",Other,1026.75
"Office Space For Rent : Office Space For Rent In Maharajgunj, Kathmandu","Teaching Hospital, Maharajgunj, Kathmandu",Kathmandu,130000,12,0,3.0,3,North East,,122,6 Aana,16 Feet / Blacktopped,16 Feet , Blacktopped,3500 Sq. Feet,4 months ago,"['Frontyard', 'Water Supply']","Office Space For Rent : Office Space For Rent In Maharajgunj,",Other,2053.5
"House For Rent : House For Rent In Lazimpat, Kathmandu","Nil sarswotisthan, Lazimpat, Kathmandu",Kathmandu,150000,8,3,3.0,2,North East,,125,4 Aana,16 Feet,16 Feet,,N/A Aana,4 months ago,"['Frontyard', 'Water Supply', 'Water Tank', 'Balcony']","House For Rent : House For Rent In Lazimpat,",House,1369.0
"Land On Sale : Land For Sale In Budhanilkantha, Kathmandu","Ganesh Chowk, Budhanilkantha, Kathmandu",Kathmandu,2500000,0,0,,0,North East,,434,4 Aana,15 Feet / Gravelled,15 Feet , Gravelled,N/A Aana,4 months ago,[],"Land On Sale : Land For Sale In Budhanilkantha,",Other,1369.0
"Colony House On Rent : House For Rent In Basbari, Kathmandu","Basbari, Basbari, Kathmandu",Kathmandu,150000,4,4,3.0,1,South,,157,6 Aana,16 Feet,16 Feet,,N/A Aana,4 months ago,"['Garage', 'Balcony', 'Garden', 'Modular Kitchen', 'Water Tank']","Colony House On Rent : House For Rent In Basbari,",House,2053.5
"Basundhara Bungalow For Sale : House For Sale In Basundhara, Kathmandu","Na, Basundhara, Kathmandu",Kathmandu,85000000,7,8,3.0,4,East,2067.0,672,14 Aana,14 Feet / Blacktopped,14 Feet , Blacktopped,N/A Aana,4 months ago,"['Garage', 'Air Condition', 'Balcony', 'Frontyard', 'Garden', 'Modular Kitchen', 'Washing Machine', 'Drainage', 'Wifi', 'Solar Water', 'Water Supply', 'Water Tank', 'Water Well', 'Parking', 'Store Room']","Basundhara Bungalow For Sale : House For Sale In Basundhara,",Bungalow,4791.5
"Land At Ramkot : Land For Sale In Ramkot, Kathmandu","green village, Ramkot, Kathmandu",Kathmandu,13000000,0,0,,0,South East,,171,0-10-0-0 Aana,13 Feet / Gravelled,13 Feet , Gravelled,N/A Aana,4 months ago,[],"Land At Ramkot : Land For Sale In Ramkot,",Other,3422.5
"Polting Land At Dahachowk : Land For Sale In Dahachowk, Khahare, Kathmandu","dahachowk, Dahachowk, khahare, Kathmandu",Kathmandu,1050000,0,0,,0,South,,438,0-4-0-0 Aana,13 Feet / Gravelled,13 Feet , Gravelled,N/A Aana,4 months ago,[],"Polting Land At Dahachowk : Land For Sale In Dahachowk, Khahare,",Other,1369.0
"House For Rent : Business For Rent In Gongabu, Kathmandu","Gongabu, Gongabu, Kathmandu",Kathmandu,80000,13,0,4.0,0,East,,160,4 Aana,13 Feet,13 Feet,,N/A Aana,4 months ago,[],"House For Rent : Business For Rent In Gongabu,",House,1369.0
"Beautiful House On Rent : Office Space For Rent In Khusibu, Kathmandu","medical chowk, Khusibu, Kathmandu",Kathmandu,370000,17,17,4.0,0,North East,2076.0,348,6 Aana,20 Feet / Blacktopped,20 Feet , Blacktopped,N/A Aana,4 months ago,"['Water Tank', 'Balcony']","Beautiful House On Rent : Office Space For Rent In Khusibu,",House,2053.5
"Plotting Land For Sale At Gumti Chowk : Land For Sale In Budhanilkantha, Kathmandu","gumti chowk, Budhanilkantha, Kathmandu",Kathmandu,2600000,0,0,,0,East,,460,4 Aana,22 Feet / Blacktopped,22 Feet , Blacktopped,N/A Aana,4 months ago,[],"Plotting Land For Sale At Gumti Chowk : Land For Sale In Budhanilkantha,",Other,1369.0
"Full Furnished House On Rent : House For Rent In Lazimpat, Kathmandu","uttar dokha, Lazimpat, Kathmandu",Kathmandu,150000,4,4,3.0,2,North East,,516,7 Aana,13 Feet,13 Feet,,N/A Aana,4 months ago,"['Garage', 'Air Condition', 'Garden', 'Frontyard', 'Balcony', 'Modular Kitchen', 'Solar Water', 'Water Well', 'Water Tank']","Full Furnished House On Rent : House For Rent In Lazimpat,",House,2395.75
"House On SALE!! : House For Sale In Kapan, Kathmandu","Kapan height, Kapan, Kathmandu",Kathmandu,17000000,8,3,10.0,2,North,,706,3.5 Aana,10 Feet / Soil Stabilized,10 Feet , Soil Stabilized,3 Aana,4 months ago,[],"House On Sale!! : House For Sale In Kapan,",House,1197.875
"2.5 Storey New : House For Sale In Gothatar, Kathmandu","Buddhachwok, Gothatar, Kathmandu",Kathmandu,18500000,3,3,2.5,1,East,2075.0,10.6K,0-3-0-0 Aana,14 Feet / Gravelled,14 Feet , Gravelled,1026 Aana,4 months ago,"['Lawn', 'Balcony', 'Fencing', 'Modular Kitchen', 'TV Cable', 'Wifi', 'Drainage', 'Water Supply', 'Water Tank', 'Water Well', 'Electricity Backup', 'Internet', 'Parking']","2.5 Storey New : House For Sale In Gothatar,",House,1026.75
"Land For Sale In Budhanilkantha, Kathmandu","deuba chowk, Budhanilkantha, Kathmandu",Kathmandu,3200000,0,0,,0,East,,421,7 Aana,13 Feet,13 Feet,,N/A Aana,4 months ago,[],"Land For Sale In Budhanilkantha,",Other,2395.75
"Akasedharama Naya Ghar : House For Sale In Kapan, Kathmandu","Na, Kapan, Kathmandu",Kathmandu,17000000,4,5,3.0,1,West,2076.0,1.2K,3 Aana,16 Feet / Gravelled,16 Feet , Gravelled,N/A Aana,4 months ago,['Garage'],"Akasedharama Naya Ghar : House For Sale In Kapan,",House,1026.75
"Budhanilkantha Mandikatar Height Home : House For Sale In Mandikatar, Kathmandu","Na, Mandikatar, Kathmandu",Kathmandu,32500000,8,6,3.0,1,South East,2076.0,862,4 Aana,20 Feet / Blacktopped,20 Feet , Blacktopped,N/A Aana,4 months ago,"['Drainage', 'Water Supply', 'Solar Water', 'Store Room']","Budhanilkantha Mandikatar Height Home : House For Sale In Mandikatar,",House,1369.0
"Budhanilkantha Family Bungalow : House For Sale In Budhanilkantha, Kathmandu","NA, Budhanilkantha, Kathmandu",Kathmandu,29800000,5,5,3.0,2,East,2076.0,641,4 Aana,15 Feet / Paved,15 Feet , Paved,N/A Aana,4 months ago,"['Balcony', 'Modular Kitchen', 'Water Supply', 'Drainage', 'Solar Water', 'Water Tank', 'Water Well', 'Store Room']","Budhanilkantha Family Bungalow : House For Sale In Budhanilkantha,",Bungalow,1369.0
"Beautiful Semi Bungalow For Sale : House For Sale In Hattigauda, Kathmandu","Na, Hattigauda, Kathmandu",Kathmandu,33500000,5,5,3.0,1,North West,2076.0,837,5.5 ana Aana,14 Feet / Gravelled,14 Feet , Gravelled,N/A Aana,4 months ago,"['Garage', 'Balcony', 'Drainage', 'Solar Water', 'Water Tank', 'Water Well']","Beautiful Semi Bungalow For Sale : House For Sale In Hattigauda,",Bungalow,1882.375
"House For Sale At Bhangal Budhanilkantha : House For Sale In Budhanilkantha, Kathmandu","Sundar Basti Bhangal, Budhanilkantha, Kathmandu",Kathmandu,29900000,7,6,3.0,2,South West,2019.0,472,5 Aana,20 Feet / Blacktopped,20 Feet , Blacktopped,2700 Sq. Feet,4 months ago,"['Balcony', 'Backyard', 'Garden', 'Modular Kitchen', 'Drainage', 'Water Supply', 'Solar Water', 'Water Well', 'Water Tank', 'Store Room']","House For Sale At Bhangal Budhanilkantha : House For Sale In Budhanilkantha,",House,1711.25
"New Homes At Basundhara Chauki : House For Sale In Basundhara, Kathmandu","Na, Basundhara, Kathmandu",Kathmandu,49000000,6,6,3.0,2,South,2074.0,498,5.3 Aana,14 Feet / Blacktopped,14 Feet , Blacktopped,N/A Aana,4 months ago,[],"New Homes At Basundhara Chauki : House For Sale In Basundhara,",House,1813.925
"Brand New : House For Sale In Buddhanagar, Kathmandu","buddhanagar, Buddhanagar, Kathmandu",Kathmandu,29900000,5,3,2.5,1,South,2076.0,4.6K,0-3-0-0 Aana,10 Feet / Concrete,10 Feet , Concrete,N/A Aana,4 months ago,"['Balcony', 'Fencing', 'Modular Kitchen', 'TV Cable', 'Wifi', 'Drainage', 'Water Supply', 'Water Tank', 'Water Well', 'Electricity Backup', 'Internet', 'Parking', 'Store Room']","Brand New : House For Sale In Buddhanagar,",House,1026.75
"Grandy Home : House For Sale In Tokha, Kathmandu","Na, Tokha, Kathmandu",Kathmandu,21000000,6,6,3.0,1,East,2074.0,550,3 Aana,13 Feet / Paved,13 Feet , Paved,N/A Aana,4 months ago,['Garage'],"Grandy Home : House For Sale In Tokha,",House,1026.75
"Golfutar Height Bungalow : House For Sale In Golfutar, Kathmandu","Na, Golfutar, Kathmandu",Kathmandu,100000000,6,6,3.0,5,East,2069.0,589,19 Aana,13 Feet / Blacktopped,13 Feet , Blacktopped,N/A Aana,4 months ago,"['Garage', 'Balcony', 'Backyard', 'Frontyard', 'Garden', 'Fencing', 'Microwave', 'Modular Kitchen', 'Washing Machine', 'Water Supply', 'Drainage', 'Solar Water', 'Water Tank', 'Store Room', 'Parking', 'Security Staff', 'Kids Playground']","Golfutar Height Bungalow : House For Sale In Golfutar,",Bungalow,6502.75
"Ganeschok Home : House For Sale In Hattigauda, Kathmandu","Na, Hattigauda, Kathmandu",Kathmandu,45000000,5,5,3.0,1,North,,179,6 ana Aana,13 Feet / Blacktopped,13 Feet , Blacktopped,N/A Aana,4 months ago,"['Drainage', 'Water Tank', 'Solar Water', 'Water Supply']","Ganeschok Home : House For Sale In Hattigauda,",House,2053.5
"Beautiful Shaped Land Italitar Hattigauda : Land For Sale In Hattigauda, Kathmandu","Na, Hattigauda, Kathmandu",Kathmandu,3500000,0,0,,0,East,,378,19 Aana,15 Feet / Blacktopped,15 Feet , Blacktopped,N/A Aana,4 months ago,[],"Beautiful Shaped Land Italitar Hattigauda : Land For Sale In Hattigauda,",Other,6502.75
"Grandy Tokhama Naya Ghar : House For Sale In Tokha, Kathmandu","Na, Tokha, Kathmandu",Kathmandu,33500000,6,6,3.0,1,South East,2076.0,87,4 Aana,14 Feet / Blacktopped,14 Feet , Blacktopped,N/A Aana,4 months ago,"['Balcony', 'Drainage', 'Solar Water', 'Water Tank']","Grandy Tokhama Naya Ghar : House For Sale In Tokha,",House,1369.0
"Hattigauda Brand New Semi Bungalow : House For Sale In Hattigauda, Kathmandu","Na, Hattigauda, Kathmandu",Kathmandu,28500000,5,5,3.0,1,North,2076.0,143,4 Aana,15 Feet / Gravelled,15 Feet , Gravelled,N/A Aana,4 months ago,"['Garage', 'Solar Water', 'Drainage', 'Water Tank', 'Water Well']","Hattigauda Brand New Semi Bungalow : House For Sale In Hattigauda,",Bungalow,1369.0
"Basundhara Indreni Colony Home : House For Sale In Basundhara, Kathmandu","Na, Basundhara, Kathmandu",Kathmandu,50000000,5,5,3.0,3,East,2071.0,551,11 Aana,16 Feet / Blacktopped,16 Feet , Blacktopped,N/A Aana,4 months ago,"['Frontyard', 'Garden', 'Garage', 'Store Room']","Basundhara Indreni Colony Home : House For Sale In Basundhara,",House,3764.75
"Nayabazar Home : House For Sale In Naya Bazar, Kathmandu","Na, Naya Bazar, Kathmandu",Kathmandu,35000000,5,5,3.0,2,East,2069.0,310,5 Aana,20 Feet / Blacktopped,20 Feet , Blacktopped,N/A Aana,4 months ago,"['Modular Kitchen', 'Drainage', 'Solar Water', 'Water Supply', 'Water Tank', 'Water Well']","Nayabazar Home : House For Sale In Naya Bazar,",House,1711.25
"Pasikot Bungalow : House For Sale In Budhanilkantha, Kathmandu","Na, Budhanilkantha, Kathmandu",Kathmandu,49000000,5,5,3.0,2,West,2076.0,490,8.5 Aana,13 Feet / Gravelled,13 Feet , Gravelled,N/A Aana,4 months ago,"['Garage', 'Air Condition', 'Balcony', 'Frontyard', 'Garden', 'Modular Kitchen', 'Washing Machine', 'Wifi', 'Drainage', 'Water Supply', 'Solar Water', 'Water Well', 'Internet', 'Store Room', 'Parking']","Pasikot Bungalow : House For Sale In Budhanilkantha,",Bungalow,2909.125
"7 Ana Bungalow Urgent For Sale : House For Sale In Thulo Bharyang, Kathmandu","Na, Thulo Bharyang, Kathmandu",Kathmandu,39000000,5,5,3.0,3,East,2070.0,151,7 Aana,15 Feet / Blacktopped,15 Feet , Blacktopped,N/A Aana,4 months ago,"['Garage', 'Frontyard', 'Garden', 'Modular Kitchen', 'Water Supply', 'Drainage', 'Solar Water', 'Water Well', 'Water Tank', 'Store Room']","7 Ana Bungalow Urgent For Sale : House For Sale In Thulo Bharyang,",Bungalow,2395.75
"Dhumbarahi 32 Ana Land : Land For Sale In Dhumbarahi, Kathmandu","Na, Dhumbarahi, Kathmandu",Kathmandu,6500000,0,0,,0,East,,146,32 Aana,20 Feet / Blacktopped,20 Feet , Blacktopped,N/A Aana,4 months ago,[],"Dhumbarahi 32 Ana Land : Land For Sale In Dhumbarahi,",Other,10952.0
"Grandy Home : House For Sale In Tokha, Kathmandu","Na, Tokha, Kathmandu",Kathmandu,29000000,6,6,3.0,1,East,2074.0,316,4 Aana,13 Feet / Blacktopped,13 Feet , Blacktopped,N/A Aana,4 months ago,"['Water Supply', 'Solar Water', 'Drainage', 'Water Tank', 'Water Well', 'Store Room']","Grandy Home : House For Sale In Tokha,",House,1369.0
"Hattigaudama Brand New Family Bungalows : House For Sale In Budhanilkantha, Kathmandu","Na, Budhanilkantha, Kathmandu",Kathmandu,44500000,5,5,3.0,1,South,2076.0,410,5 Aana,16 Feet / Blacktopped,16 Feet , Blacktopped,N/A Aana,4 months ago,"['Balcony', 'Water Supply', 'Drainage', 'Solar Water', 'Water Tank', 'Store Room', 'Parking']","Hattigaudama Brand New Family Bungalows : House For Sale In Budhanilkantha,",House,1711.25
"Maharajganj Lands : Land For Sale In Maharajgunj, Kathmandu","Na, Maharajgunj, Kathmandu",Kathmandu,5500000,0,0,,0,South,,487,5 Aana,15 Feet / Blacktopped,15 Feet , Blacktopped,N/A Aana,4 months ago,[],"Maharajganj Lands : Land For Sale In Maharajgunj,",Other,1711.25
"Golfutar 8 Ana For Sale : Land For Sale In Golfutar, Kathmandu","Na, Golfutar, Kathmandu",Kathmandu,3700000,0,0,,0,East,,359,8 Aana,16 Feet / Blacktopped,16 Feet , Blacktopped,N/A Aana,4 months ago,[],"Golfutar 8 Ana For Sale : Land For Sale In Golfutar,",Other,2738.0
"Basundhara Beautiful Bungalow : House For Sale In Basundhara, Kathmandu","Na, Basundhara, Kathmandu",Kathmandu,29800000,5,5,3.0,1,East,,581,4.1 Aana,16 Feet / Blacktopped,16 Feet , Blacktopped,N/A Aana,4 months ago,"['Balcony', 'Garage', 'Parking', 'Store Room', 'Solar Water', 'Water Supply', 'Water Well']","Basundhara Beautiful Bungalow : House For Sale In Basundhara,",Bungalow,1403.225
"Baluwatar 16 Ana Land : Land For Sale In Baluwatar, Kathmandu","Na, Baluwatar, Kathmandu",Kathmandu,5700000,0,0,,0,East,,371,16 Aana,12 Feet / Blacktopped,12 Feet , Blacktopped,N/A Aana,4 months ago,[],"Baluwatar 16 Ana Land : Land For Sale In Baluwatar,",Other,5476.0
"Jorpati Daachi Plotting Land : Land For Sale In Jorpati, Kathmandu","Na, Jorpati, Kathmandu",Kathmandu,1250000,0,0,,0,East,,179,5/5/6 Aana,20 Feet / Soil Stabilized,20 Feet , Soil Stabilized,N/A Aana,4 months ago,[],"Jorpati Daachi Plotting Land : Land For Sale In Jorpati,",Other,190291.0
"3.5 Ana Land On Sale In Kalanki : Land For Sale In Chandragiri, Kathmandu","Bishnudevi , Kalanki, Chandragiri, Kathmandu",Kathmandu,2000000,0,0,,0,South East,,509,0-3-1-3 Aana,12 Feet / Gravelled,12 Feet , Gravelled,N/A Aana,4 months ago,[],"3.5 Ana Land On Sale In Kalanki : Land For Sale In Chandragiri,",Other,1176.484375
"Sale-Imperial Apartment Sanepa : Apartment For Sale In Sanepa, Lalitpur","Sanepa, Sanepa, Lalitpur",Lalitpur,45000000,3,2,13.0,1,South,2015.0,1.7K,1800 Sq. Feet,20 Feet / Blacktopped,20 Feet , Blacktopped,1800 Sq. Feet,4 months ago,"['Jacuzzi', 'Lawn', 'Garage', 'Air Condition', 'Balcony', 'Microwave', 'Gym', 'Garden', 'Frontyard', 'Deck', 'Modular Kitchen', 'Swimming Pool', 'TV Cable', 'Washing Machine', 'Wifi', 'Drainage', 'Cafeteria', 'CCTV', 'Water Tank', 'Water Well', 'Solar Water', 'Water Supply', 'Electricity Backup', 'Intercom', 'Internet', 'Kids Playground', 'Lift', 'Maintenance']","Sale-Imperial Apartment Sanepa : Apartment For Sale In Sanepa,",Apartment,1800.0
"५ रोपनी, १८ लाख प्रति आना, चोभार/ : Land For Sale In Machhegaun, Kirtipur","Chobhar, Machhegaun, Kirtipur",Kathmandu,1800000,0,0,,0,South,,391,5-0-0-0 Ropani,20 Feet / Blacktopped,20 Feet , Blacktopped,N/A Aana,4 months ago,[],Satdobato,Other,27380.0
"टुक्रा जग्गा चोभार हाइट मा बिक्रीमा : Land For Sale In Machhegaun, Kirtipur","Chobhar Height, Machhegaun, Kirtipur",Kathmandu,2000000,0,0,,0,East,,389,"4,5,6,7,8 aana Aana",13 Feet / Blacktopped,13 Feet , Blacktopped,N/A Aana,4 months ago,[],Satdobato,Other,15633295.5
"Land For Sale In Bardibas, Mahottari","Sindhuli, Ratmata, Bardibas, Mahottari",Kathmandu,220000,0,0,0.0,0,East,,706,10935 Sq. Feet,6 Meter / Soil Stabilized,6 Meter , Soil Stabilized,10935 Sq. Feet,4 months ago,[],Satdobato,Other,10935.0
"Land At Simara Bazar : Land For Sale In Nijghadh, Bara","Simara Bazar, Nijghadh, Bara",Kathmandu,280000,0,0,,0,East,,369,0-3-0-0 Kattha,0 Feet / Soil Stabilized,0 Feet , Soil Stabilized,N/A Aana,4 months ago,[],Satdobato,Other,1026.75
"Flat For Rent In Imadol, Lalitpur","OCHHU height, Imadol, Lalitpur",Lalitpur,15000,2,1,3.0,0,South East,2075.0,657,700 Sq. Feet,14 Feet / Gravelled,14 Feet , Gravelled,700 Sq. Feet,4 months ago,"['Garden', 'Modular Kitchen', 'Water Supply', 'Water Tank']","Flat For Rent In Imadol,",Flat,700.0
"Brand New : House For Sale In Bhimsengola, Baneshwor, Kathmandu","Bhimsengola, Bhimsengola, Baneshwor, Kathmandu",Kathmandu,38700000,6,5,3.0,3,East,2076.0,3.8K,0-4-0-0 Aana,15 Feet / Blacktopped,15 Feet , Blacktopped,N/A Aana,4 months ago,"['Balcony', 'Fencing', 'Modular Kitchen', 'TV Cable', 'Wifi', 'Drainage', 'Water Supply', 'Solar Water', 'Water Tank', 'Water Well', 'Electricity Backup', 'Internet', 'Parking', 'Store Room']","Brand New : House For Sale In Bhimsengola, Baneshwor,",House,1369.0
"Brand New House On Sale At Bhimsengola : House For Sale In Old Baneshwor, Kathmandu","Bhimsengola, Old Baneshwor, Kathmandu",Kathmandu,39000000,6,5,3.0,3,East,2019.0,859,0-4-0-0 Aana,13 Feet / Blacktopped,13 Feet , Blacktopped,2300 Sq. Feet,4 months ago,[],"Brand New House On Sale At Bhimsengola : House For Sale In Old Baneshwor,",House,1369.0
"Dhapakhel : Land For Sale In Dhapakhel, Lalitpur","Dhapakhel, Dhapakhel, Lalitpur",Lalitpur,1200000,0,0,,0,South East,,2K,3.3 Aana,20 Feet / Soil Stabilized,20 Feet , Soil Stabilized,N/A Aana,4 months ago,[],"Dhapakhel : Land For Sale In Dhapakhel,",Other,1129.425
"House For Sale In Syuchatar, Kathmandu","Green Village Society, Syuchatar, Kathmandu",Kathmandu,15000000,4,2,1.5,1,South,2072.0,11.8K,0-4-3-0 Aana,18 Feet / Concrete,18 Feet , Concrete,151 Sq. Feet,4 months ago,"['Balcony', 'Fencing', 'Frontyard', 'Garden', 'Modular Kitchen', 'TV Cable', 'Wifi', 'Drainage', 'Water Supply', 'Water Tank', 'Water Well', 'Electricity Backup', 'Internet', 'Parking', 'Security Staff', 'Store Room']","House For Sale In Syuchatar,",House,1625.6875
"Commercial Building : House For Sale In Thulo Bharyang, Kathmandu","Nearby ekdhara chwok, Thulo Bharyang, Kathmandu",Kathmandu,155000000,9,6,5.5,31,North,2075.0,5.1K,0-14-2-0 Aana,20 Feet / Blacktopped,20 Feet , Blacktopped,24000 Aana,4 months ago,"['Balcony', 'Fencing', 'Gym', 'TV Cable', 'Wifi', 'Drainage', 'Water Supply', 'Solar Water', 'Water Tank', 'Water Well', 'CCTV', 'Electricity Backup', 'Intercom', 'Internet', 'Maintenance', 'Parking', 'Security Staff', 'Store Room']","Commercial Building : House For Sale In Thulo Bharyang,",House,4962.625
"2 Storey Beautiful House For Sale At Tinkune : House For Sale In Tinkune, Kathmandu","Subidhanagar,Tinkune, Tinkune, Kathmandu",Kathmandu,32500000,4,3,2.0,4,East,,393,5.75 Aana,11 Feet / Blacktopped,11 Feet , Blacktopped,N/A Aana,4 months ago,"['Lawn', 'Backyard', 'Frontyard', 'TV Cable', 'Wifi', 'Drainage', 'Water Supply', 'Water Tank', 'Internet', 'Parking', 'Store Room']","2 Storey Beautiful House For Sale At Tinkune : House For Sale In Tinkune,",House,1967.9375
"Luxurious Bungalow : House For Sale In Dhobighat, Lalitpur","Dhobighat, Dhobighat, Lalitpur",Lalitpur,90000000,4,2,2.5,3,South,,11.3K,0-20-0-0 Aana,16 Feet / Blacktopped,16 Feet , Blacktopped,N/A Aana,4 months ago,"['Lawn', 'Balcony', 'Fencing', 'Frontyard', 'Garden', 'Modular Kitchen', 'TV Cable', 'Washing Machine', 'Wifi', 'Drainage', 'Water Supply', 'Solar Water', 'Water Tank', 'Water Well', 'CCTV', 'Electricity Backup', 'Internet', 'Kids Playground', 'Maintenance', 'Parking', 'Store Room']","Luxurious Bungalow : House For Sale In Dhobighat,",Bungalow,6845.0
"2BHK FLAT ON RENT AT BALAJU BORATAR (NEAR BANASTHALI KHARIBOT) : House For Rent In Balaju, Kathmandu","Balaju, Kathmandu, Balaju, Kathmandu",Kathmandu,15000,2,1,,1,North,2019.0,868,3 Aana,13 Feet / Gravelled,13 Feet , Gravelled,2.75 Aana,4 months ago,"['Balcony', 'TV Cable', 'Wifi', 'Water Supply', 'Water Well', 'Water Tank', 'Internet', 'Kids Playground', 'Parking']","2Bhk Flat On Rent At Balaju Boratar (Near Banasthali Kharibot) : House For Rent In Balaju,",Flat,1026.75
"Hattiban Height : House For Rent In Hattiban, Lalitpur","Setipakha, Hattiban, Lalitpur",Lalitpur,150000,5,3,3.0,1,East,2012.0,572,10 Aana,17 Meter / Blacktopped,17 Meter , Blacktopped,4 Aana,4 months ago,"['Garage', 'Balcony', 'Garden', 'TV Cable', 'Water Supply', 'Water Well', 'Parking']","Hattiban Height : House For Rent In Hattiban,",House,3422.5
"Land In Chabahil For Sale : Land For Sale In Chabahil, Kathmandu","Ganeshthan Temple, Chabahil, Kathmandu",Kathmandu,4500000,0,0,,0,East,,649,0-6-0-0 Aana,15 Feet / Blacktopped,15 Feet , Blacktopped,N/A Aana,4 months ago,[],"Land In Chabahil For Sale : Land For Sale In Chabahil,",Other,2053.5
"2.5 Storey : House For Sale In Sitapaila, Kathmandu","near Aadeshwor Planning, Sitapaila, Kathmandu",Kathmandu,21000000,6,5,2.5,1,East,,8K,0-4-0-0 Aana,14 Feet / Concrete,14 Feet , Concrete,2200 Aana,4 months ago,"['Balcony', 'Fencing', 'Modular Kitchen', 'TV Cable', 'Wifi', 'Drainage', 'Water Supply', 'Solar Water', 'Water Tank', 'Water Well', 'Electricity Backup', 'Internet', 'Parking', 'Store Room']","2.5 Storey : House For Sale In Sitapaila,",House,1369.0
"House For Sale In Imadol, Lalitpur","Opposite of green hill city, Imadol, Lalitpur",Lalitpur,21500000,5,3,2.5,1,South,2076.0,1.2K,0-3-1-0 Aana,20 Feet / Blacktopped,20 Feet , Blacktopped,N/A Sq. Feet,4 months ago,"['Balcony', 'Fencing', 'Modular Kitchen', 'Swimming Pool', 'TV Cable', 'Wifi', 'Water Supply', 'Water Tank', 'Water Well', 'Electricity Backup', 'Internet', 'Parking', 'Store Room']","House For Sale In Imadol,",House,1112.3125
"House For Sale In Imadol, Lalitpur","Opposite of Green Hill city, Imadol, Lalitpur",Lalitpur,22500000,6,3,2.5,1,South,2076.0,903,0-3-2-0 Aana,20 Feet / Blacktopped,20 Feet , Blacktopped,N/A Sq. Feet,4 months ago,"['Balcony', 'Fencing', 'Modular Kitchen', 'TV Cable', 'Wifi', 'Water Supply', 'Solar Water', 'Water Tank', 'Electricity Backup', 'Internet', 'Parking', 'Store Room']","House For Sale In Imadol,",House,1197.875
"Royal Durbar Style Classical Bungalow At Golfutar, Budhanilkantha : House For Sale In Golfutar, Kathmandu","Golfutar, Budhanilkantha, Golfutar, Kathmandu",Kathmandu,35000000,4,4,2.0,2,East,,2.4K,0-7-0-0 Aana,20 Feet / Gravelled,20 Feet , Gravelled,N/A Aana,4 months ago,"['Lawn', 'Garage', 'Air Condition', 'Backyard', 'Balcony', 'Microwave', 'Gym', 'Garden', 'Frontyard', 'Fencing', 'Deck', 'Modular Kitchen', 'TV Cable', 'Washing Machine', 'Wifi', 'Drainage', 'CCTV', 'Water Tank', 'Water Well', 'Solar Water', 'Electricity Backup', 'Water Supply', 'Internet', 'Kids Playground']","Royal Durbar Style Classical Bungalow At Golfutar, Budhanilkantha : House For Sale In Golfutar,",Bungalow,2395.75
"14 Anna 5 Bhk Bungalow For Sale Mandikatar Height Near Hams Hospital : House For Sale In Mandikatar, Kathmandu","Mandikatar Height Near Hams Hospital, Mandikatar, Kathmandu",Kathmandu,60000000,5,4,2.0,2,East,,756,0-14-0-0 Aana,16 Feet / Blacktopped,16 Feet , Blacktopped,N/A Aana,4 months ago,"['Lawn', 'Garage', 'Air Condition', 'Backyard', 'Balcony', 'Microwave', 'Garden', 'Frontyard', 'Fencing', 'Deck', 'Modular Kitchen', 'TV Cable', 'Wifi', 'Drainage', 'Water Tank', 'Water Well', 'Solar Water', 'Water Supply', 'Electricity Backup', 'Internet', 'Kids Playground']","14 Anna 5 Bhk Bungalow For Sale Mandikatar Height Near Hams Hospital : House For Sale In Mandikatar,",Bungalow,4791.5
"Attractive 11 Anna House For Sale At Dhumbarahi, Inside Ring Road. : House For Sale In Dhumbarahi, Kathmandu","Dhumbarahi, Inside Ring Road, Dhumbarahi, Kathmandu",Kathmandu,75000000,0,4,2.0,0,East,,357,0-11-0-0 Aana,18 Feet / Blacktopped,18 Feet , Blacktopped,N/A Aana,4 months ago,"['Lawn', 'Garage', 'Air Condition', 'Backyard', 'Balcony', 'Microwave', 'Garden', 'Frontyard', 'Fencing', 'Deck', 'Modular Kitchen', 'TV Cable', 'Washing Machine', 'Wifi', 'Water Tank', 'Water Well', 'Solar Water', 'Electricity Backup', 'Water Supply', 'Internet']","Attractive 11 Anna House For Sale At Dhumbarahi, Inside Ring Road. : House For Sale In Dhumbarahi,",House,3764.75
"House For Sale In Basundhara, Kathmandu","Basundhara, Shree Tol, Basundhara, Kathmandu",Kathmandu,36500000,4,3,2.0,1,East,2076.0,359,0-5-0-0 Aana,15 Feet / Gravelled,15 Feet , Gravelled,N/A Aana,4 months ago,"['Lawn', 'Garage', 'Air Condition', 'Backyard', 'Balcony', 'Microwave', 'Garden', 'Frontyard', 'Fencing', 'Deck', 'Modular Kitchen', 'TV Cable', 'Wifi', 'Drainage', 'Water Tank', 'Water Well', 'Solar Water', 'Electricity Backup', 'Water Supply', 'Internet']","House For Sale In Basundhara,",House,1711.25
"5 Anna Fully Furnished Bungalow For Sale At Hattigauda, Very Near Highway. : House For Sale In Hattigauda, Kathmandu","Hattigauda, Near Highway, Hattigauda, Kathmandu",Kathmandu,37500000,4,3,2.0,1,South East,,1.6K,0-5-0-0 Aana,15 Feet / Blacktopped,15 Feet , Blacktopped,N/A Aana,4 months ago,"['Lawn', 'Garage', 'Air Condition', 'Backyard', 'Balcony', 'Microwave', 'Garden', 'Frontyard', 'Fencing', 'Deck', 'Modular Kitchen', 'TV Cable', 'Washing Machine', 'Wifi', 'Drainage', 'Water Tank', 'Internet', 'Water Well', 'Solar Water', 'Water Supply', 'Electricity Backup']","5 Anna Fully Furnished Bungalow For Sale At Hattigauda, Very Near Highway. : House For Sale In Hattigauda,",Bungalow,1711.25
"16 Anna Land For Sale At Baluwatar Near Alice Restaurant. : Land For Sale In Baluwatar, Kathmandu","Baluwatar Near Alice Restaurant, Baluwatar, Kathmandu",Kathmandu,5700000,0,0,,0,East,,261,1-0-0-0 Ropani,15 Feet / Blacktopped,15 Feet , Blacktopped,N/A Aana,4 months ago,[],"16 Anna Land For Sale At Baluwatar Near Alice Restaurant. : Land For Sale In Baluwatar,",Other,5476.0
"East Facing 6 Anna Land At Rudreshwor, Budhanilkantha, (Road - 20 Ft.) : Land For Sale In Budhanilkantha, Kathmandu","Rudreshwor, Budhanilkantha, (road - 20 Ft.), Budhanilkantha, Kathmandu",Kathmandu,3500000,0,0,,0,South East,,135,0-6-0-0 Aana,20 Feet / Blacktopped,20 Feet , Blacktopped,N/A Aana,4 months ago,[],"East Facing 6 Anna Land At Rudreshwor, Budhanilkantha, (Road - 20 Ft.) : Land For Sale In Budhanilkantha,",Other,2053.5
"Brand New House For Sale At Bhangal, Budhanilkantha In 20 Feet Road. : House For Sale In Budhanilkantha, Kathmandu","Bhangal sangyukta buspark , budhanilkantha, Budhanilkantha, Kathmandu",Kathmandu,24000000,4,3,2.0,1,East,2076.0,198,0-4-0-0 Aana,14 Feet / Blacktopped,14 Feet , Blacktopped,N/A Aana,4 months ago,"['Lawn', 'Garage', 'Air Condition', 'Backyard', 'Balcony', 'Microwave', 'Garden', 'Frontyard', 'Fencing', 'Deck', 'Modular Kitchen', 'Washing Machine', 'Wifi', 'Drainage', 'Water Tank', 'Water Well', 'Solar Water', 'Water Supply', 'Electricity Backup', 'Internet', 'Kids Playground']","Brand New House For Sale At Bhangal, Budhanilkantha In 20 Feet Road. : House For Sale In Budhanilkantha,",House,1369.0
"CLassical Durbar Style 1 Ropani Bungalow For Sale At Chapali : House For Sale In Chapali, Kathmandu","Chapali, Chapali, Kathmandu",Kathmandu,110000000,4,4,,0,East,,436,1-0-0-0 Ropani,16 Feet / Blacktopped,16 Feet , Blacktopped,N/A Aana,4 months ago,"['Lawn', 'Garage', 'Air Condition', 'Backyard', 'Balcony', 'Microwave', 'Gym', 'Washing Machine', 'Garden', 'Frontyard', 'Fencing', 'Deck', 'Modular Kitchen', 'TV Cable', 'Wifi', 'Drainage', 'Cafeteria', 'CCTV', 'Water Tank', 'Water Well', 'Solar Water', 'Water Supply', 'Electricity Backup', 'Internet', 'Kids Playground']","Classical Durbar Style 1 Ropani Bungalow For Sale At Chapali : House For Sale In Chapali,",Bungalow,5476.0
"5 Anna New House For Sale At Bishalnagar, (1 Floor Underground) : House For Sale In Hadigaun, Kathmandu","Bishalnagar, Hadigaun, Kathmandu",Kathmandu,55000000,4,3,,2,East,,125,0-5-0-0 Aana,15 Feet / Blacktopped,15 Feet , Blacktopped,N/A Aana,4 months ago,"['Lawn', 'Garage', 'Air Condition', 'Backyard', 'Balcony', 'Microwave', 'Garden', 'Frontyard', 'Fencing', 'Modular Kitchen', 'Deck', 'TV Cable', 'Washing Machine', 'Wifi', 'Drainage', 'CCTV', 'Water Tank', 'Water Well', 'Solar Water', 'Water Supply', 'Parking', 'Electricity Backup', 'Internet', 'Kids Playground']","5 Anna New House For Sale At Bishalnagar, (1 Floor Underground) : House For Sale In Hadigaun,",House,1711.25
"5 BHK Attractive Semi Bungalow For Sale At Baniyatar, Tokha : House For Sale In Tokha, Kathmandu","Baniyatar, Tokha, Tokha, Kathmandu",Kathmandu,29500000,4,3,2.0,1,East,2076.0,110,0-4-0-0 Aana,13 Feet / Blacktopped,13 Feet , Blacktopped,N/A Aana,4 months ago,"['Lawn', 'Garage', 'Air Condition', 'Backyard', 'Balcony', 'Microwave', 'Garden', 'Frontyard', 'Fencing', 'Deck', 'Modular Kitchen', 'TV Cable', 'Washing Machine', 'Wifi', 'Drainage', 'Water Tank', 'Water Well', 'Solar Water', 'Water Supply', 'Electricity Backup', 'Internet']","5 Bhk Attractive Semi Bungalow For Sale At Baniyatar, Tokha : House For Sale In Tokha,",Bungalow,1369.0
"7 Anna 4 BHK Bungalow For Sale In Siddhartha Colony, Budhanilkantha : House For Sale In Budhanilkantha, Kathmandu","Siddhartha Colony, Budhanilkantha, Budhanilkantha, Kathmandu",Kathmandu,45000000,4,4,,3,East,,151,0-7-0-0 Aana,16 Feet / Blacktopped,16 Feet , Blacktopped,N/A Aana,4 months ago,"['Lawn', 'Garage', 'Air Condition', 'Backyard', 'Balcony', 'Microwave', 'Garden', 'Frontyard', 'Fencing', 'Deck', 'Modular Kitchen', 'TV Cable', 'Washing Machine', 'Wifi', 'Drainage', 'Water Tank', 'Water Well', 'Solar Water', 'Water Supply', 'Electricity Backup', 'Internet', 'Kids Playground']","7 Anna 4 Bhk Bungalow For Sale In Siddhartha Colony, Budhanilkantha : House For Sale In Budhanilkantha,",Bungalow,2395.75
"Magnificent 21 Anna Bungalow For Sale Pasikot, 800 Meters From Main Highway : House For Sale In Pasikot, Kathmandu","Pasikot, 800 M From Main Highway, Pasikot, Kathmandu",Kathmandu,80000000,0,4,,0,East,,132,0-21-0-0 Aana,16 Feet / Blacktopped,16 Feet , Blacktopped,N/A Aana,4 months ago,"['Lawn', 'Garage', 'Backyard', 'Balcony', 'Microwave', 'Garden', 'Frontyard', 'Fencing', 'Deck', 'Modular Kitchen', 'TV Cable', 'Washing Machine', 'Wifi', 'Drainage', 'Water Tank', 'Water Well', 'Solar Water', 'Water Supply', 'Electricity Backup', 'Internet', 'Kids Playground']","Magnificent 21 Anna Bungalow For Sale Pasikot, 800 Meters From Main Highway : House For Sale In Pasikot,",Bungalow,7187.25
"5 BHK Beautiful Bungalow For Sale At Dhapasi Height : House For Sale In Dhapasi, Kathmandu","Dhapasi Height, Dhapasi, Kathmandu",Kathmandu,35000000,4,4,2.0,2,East,,305,0-5-0-0 Aana,15 Feet / Blacktopped,15 Feet , Blacktopped,2500 Sq. Feet,4 months ago,"['Lawn', 'Garage', 'Backyard', 'Balcony', 'Garden', 'Microwave', 'Frontyard', 'Fencing', 'Deck', 'Modular Kitchen', 'TV Cable', 'Washing Machine', 'Wifi', 'Drainage', 'Water Tank', 'Water Well', 'Solar Water', 'Water Supply', 'Electricity Backup', 'Internet', 'Kids Playground']","5 Bhk Beautiful Bungalow For Sale At Dhapasi Height : House For Sale In Dhapasi,",Bungalow,1711.25
"12 Anna 6 BHK Fully Furnished Bungalow On Sale At Chapali : House For Sale In Chapali, Kathmandu","Location: Kathmandu > Chapali (Budhanilkantha), Chapali, Kathmandu",Kathmandu,57500000,4,4,2.0,4,South East,,118,0-12-0-0 Aana,16 Feet / Blacktopped,16 Feet , Blacktopped,N/A Aana,4 months ago,"['Lawn', 'Garage', 'Air Condition', 'Backyard', 'Balcony', 'Microwave', 'Frontyard', 'Fencing', 'Deck', 'Modular Kitchen', 'TV Cable', 'Washing Machine', 'Wifi', 'Drainage', 'Water Tank', 'Water Well', 'Solar Water', 'Water Supply', 'Electricity Backup', 'Internet', 'Kids Playground']","12 Anna 6 Bhk Fully Furnished Bungalow On Sale At Chapali : House For Sale In Chapali,",Bungalow,4107.0
"52 Anna 5 BHK Bungalow For Sale/Rent At Dhumbarahi, Only 150 Meters From Ring Road. : House For Sale In Dhumbarahi, Kathmandu","Dhumbarahi, 150 Mtr From Ring Road., Dhumbarahi, Kathmandu",Kathmandu,300000000,4,4,,0,East,,737,0-52-0-0 Aana,20 Feet / Blacktopped,20 Feet , Blacktopped,N/A Aana,4 months ago,"['Lawn', 'Garage', 'Air Condition', 'Backyard', 'Balcony', 'Microwave', 'Gym', 'Garden', 'Frontyard', 'Fencing', 'Deck', 'Modular Kitchen', 'TV Cable', 'Washing Machine', 'Wifi', 'Drainage', 'Cafeteria', 'CCTV', 'Water Tank', 'Water Well', 'Solar Water', 'Water Supply', 'Electricity Backup', 'Internet', 'Kids Playground']","52 Anna 5 Bhk Bungalow For Sale/Rent At Dhumbarahi, Only 150 Meters From Ring Road. : House For Sale In Dhumbarahi,",Bungalow,17797.0
"Magnificent 4 BHK 9 Anna Bungalow For Sale At Hepali Height, Golfutar. : House For Sale In Golfutar, Kathmandu","Hepali Height, Golfutar., Golfutar, Kathmandu",Kathmandu,55000000,4,4,2.0,3,South East,,232,0-9-0-0 Aana,20 Feet / Blacktopped,20 Feet , Blacktopped,N/A Aana,4 months ago,"['Lawn', 'Garage', 'Air Condition', 'Backyard', 'Balcony', 'Microwave', 'Garden', 'Frontyard', 'Fencing', 'Deck', 'Modular Kitchen', 'TV Cable', 'Washing Machine', 'Wifi', 'Drainage', 'Water Tank', 'Water Well', 'Solar Water', 'Water Supply', 'Electricity Backup', 'Internet', 'Kids Playground']","Magnificent 4 Bhk 9 Anna Bungalow For Sale At Hepali Height, Golfutar. : House For Sale In Golfutar,",Bungalow,3080.25
"9 Anna Beautiful House For Sale At Maharajgunj In Above 20 Feet Road. : House For Sale In Maharajgunj, Kathmandu","Maharajgunj In Above 20 Feet Road., Maharajgunj, Kathmandu",Kathmandu,67500000,4,4,,4,South East,,247,0-9-0-0 Aana,20 Feet / Blacktopped,20 Feet , Blacktopped,N/A Aana,4 months ago,"['Lawn', 'Garage', 'Air Condition', 'Backyard', 'Balcony', 'Microwave', 'Garden', 'Frontyard', 'Fencing', 'Deck', 'Modular Kitchen', 'TV Cable', 'Washing Machine', 'Wifi', 'Drainage', 'Water Tank', 'Water Well', 'Solar Water', 'Water Supply', 'Electricity Backup', 'Internet', 'Kids Playground']","9 Anna Beautiful House For Sale At Maharajgunj In Above 20 Feet Road. : House For Sale In Maharajgunj,",House,3080.25
"8 Anna Bungalow For Sale At Maharajgunj Just Behind Australian Embassy : House For Sale In Maharajgunj, Kathmandu","Maharajgunj Just Behind Australian Embassy, Maharajgunj, Kathmandu",Kathmandu,55000000,4,3,2.0,3,South East,,253,0-8-0-0 Aana,14 Feet / Blacktopped,14 Feet , Blacktopped,N/A Aana,4 months ago,"['Lawn', 'Garage', 'Air Condition', 'Backyard', 'Balcony', 'Microwave', 'Garden', 'Frontyard', 'Fencing', 'Deck', 'Modular Kitchen', 'TV Cable', 'Washing Machine', 'Wifi', 'Drainage', 'Water Tank', 'Water Well', 'Solar Water', 'Water Supply', 'Electricity Backup', 'Internet', 'Kids Playground']","8 Anna Bungalow For Sale At Maharajgunj Just Behind Australian Embassy : House For Sale In Maharajgunj,",Bungalow,2738.0
"Brand New House For Sale At Samakhusi, Only 150 Meters From Ring Road. : House For Sale In Samakhusi, Kathmandu","Samakhusi, Only 150 Meters From Ring Road, Samakhusi, Kathmandu",Kathmandu,35000000,6,3,2.0,2,East,2076.0,210,0-5-0-0 Aana,15 Feet / Blacktopped,15 Feet , Blacktopped,N/A Aana,4 months ago,"['Lawn', 'Garage', 'Backyard', 'Balcony', 'Garden', 'Frontyard', 'Fencing', 'Deck', 'Modular Kitchen', 'Washing Machine', 'TV Cable', 'Wifi', 'Water Tank', 'Water Well', 'Solar Water', 'Water Supply', 'Electricity Backup', 'Internet', 'Kids Playground']","Brand New House For Sale At Samakhusi, Only 150 Meters From Ring Road. : House For Sale In Samakhusi,",House,1711.25
"6 Anna 5 Bhk House For Sale At Budhanilkantha, 100 Mtrs From Main Road : House For Sale In Budhanilkantha, Kathmandu","Budhanilkantha, 100 Mtrs From Main Road, Budhanilkantha, Kathmandu",Kathmandu,36000000,5,4,2.0,2,North East,,197,0-6-0-0 Aana,15 Feet / Blacktopped,15 Feet , Blacktopped,N/A Aana,4 months ago,"['Lawn', 'Garage', 'Air Condition', 'Backyard', 'Balcony', 'Microwave', 'Garden', 'Frontyard', 'Fencing', 'Deck', 'Modular Kitchen', 'TV Cable', 'Washing Machine', 'Drainage', 'Cafeteria', 'Water Tank', 'Water Well', 'Solar Water', 'Water Supply', 'Electricity Backup', 'Internet', 'Kids Playground']","6 Anna 5 Bhk House For Sale At Budhanilkantha, 100 Mtrs From Main Road : House For Sale In Budhanilkantha,",House,2053.5
"4 Anna Brand New House For Sale At Kapan Height : House For Sale In Kapan, Kathmandu","Kapan Height, Kapan, Kathmandu",Kathmandu,26000000,4,3,2.0,2,North East,2076.0,177,0-4-0-0 Aana,14 Feet / Blacktopped,14 Feet , Blacktopped,N/A Aana,4 months ago,"['Lawn', 'Garage', 'Backyard', 'Balcony', 'Garden', 'Frontyard', 'Fencing', 'Modular Kitchen', 'Drainage', 'Water Tank', 'Water Well', 'Solar Water', 'Water Supply', 'Internet', 'Kids Playground']","4 Anna Brand New House For Sale At Kapan Height : House For Sale In Kapan,",House,1369.0
"Marvelous 9 Anna Bungalow For Sale At Golfutar, Hepali Height. : House For Sale In Golfutar, Kathmandu","Golfutar, Hepali Height, Golfutar, Kathmandu",Kathmandu,47500000,5,4,2.0,3,South East,,1K,0-9-0-0 Aana,16 Feet / Blacktopped,16 Feet , Blacktopped,N/A Aana,4 months ago,"['Lawn', 'Garage', 'Air Condition', 'Backyard', 'Balcony', 'Garden', 'Frontyard', 'Fencing', 'Modular Kitchen', 'TV Cable', 'Washing Machine', 'Wifi', 'Drainage', 'Water Tank', 'Water Well', 'Solar Water', 'Water Supply', 'Electricity Backup', 'Internet', 'Kids Playground']","Marvelous 9 Anna Bungalow For Sale At Golfutar, Hepali Height. : House For Sale In Golfutar,",Bungalow,3080.25
"Kapan Height Small Home : House For Sale In Kapan, Kathmandu","Na, Kapan, Kathmandu",Kathmandu,18200000,5,5,3.0,1,East,2076.0,298,3.2 Aana,13 Feet / Blacktopped,13 Feet , Blacktopped,N/A Aana,4 months ago,"['Parking', 'Drainage', 'Water Supply', 'Water Tank']","Kapan Height Small Home : House For Sale In Kapan,",House,1095.2
"Beautiful : House For Rent In Bishal Nagar, Kathmandu","Bishal Basti, Bishal Nagar, Kathmandu",Kathmandu,200000,13,5,3.5,1,North,,1.6K,0-10-0-0 Aana,16 Feet / Paved,16 Feet , Paved,7000 Aana,4 months ago,"['Balcony', 'Modular Kitchen', 'TV Cable', 'Wifi', 'Drainage', 'Water Supply', 'Water Tank', 'Water Well', 'Electricity Backup', 'Internet', 'Parking', 'Store Room']","Beautiful : House For Rent In Bishal Nagar,",House,3422.5
"Kapan Height Home : House For Sale In Kapan, Kathmandu","Na, Kapan, Kathmandu",Kathmandu,26000000,6,5,3.0,1,East,2076.0,494,4 Aana,14 Feet / Blacktopped,14 Feet , Blacktopped,N/A Aana,4 months ago,"['Parking', 'Drainage', 'Water Supply', 'Solar Water', 'Water Tank']","Kapan Height Home : House For Sale In Kapan,",House,1369.0
"Swayambhu Thulobharyang Home : House For Sale In Swayambhu, Kathmandu","Na, Swayambhu, Kathmandu",Kathmandu,39000000,5,5,3.0,2,East,2070.0,495,7 Aana,14 Feet / Paved,14 Feet , Paved,N/A Aana,4 months ago,"['Garage', 'Garden', 'Water Supply', 'Drainage', 'Store Room', 'Parking']","Swayambhu Thulobharyang Home : House For Sale In Swayambhu,",House,2395.75
"Sitapaila Thapachwok Land On Sale : Land For Sale In Sitapaila, Kathmandu","thapachowk, Sitapaila, Kathmandu",Kathmandu,2300000,0,0,,0,East,,526,5.1 Aana,12 Feet / Soil Stabilized,12 Feet , Soil Stabilized,N/A Aana,4 months ago,[],"Sitapaila Thapachwok Land On Sale : Land For Sale In Sitapaila,",Other,1745.475
"Bungalow On Rent At Mandikatar, Dhumbharai : House For Rent In Mandikatar, Kathmandu","Mandikhatar, Mandikatar, Kathmandu",Kathmandu,120000,4,4,2.0,1,West,,605,8 Aana,14 Feet / Blacktopped,14 Feet , Blacktopped,6 Aana,4 months ago,"['Garage', 'Garden', 'Balcony', 'Store Room']","Bungalow On Rent At Mandikatar, Dhumbharai : House For Rent In Mandikatar,",Bungalow,2738.0
"Hattigauda New Bungalow : House For Sale In Hattigauda, Kathmandu","Na, Hattigauda, Kathmandu",Kathmandu,33500000,5,5,3.0,2,North West,2076.0,300,5.5 Aana,13 Feet / Gravelled,13 Feet , Gravelled,N/A Aana,4 months ago,"['Modular Kitchen', 'Water Supply', 'Solar Water', 'Drainage', 'Water Well', 'Water Tank', 'Parking', 'Internet']","Hattigauda New Bungalow : House For Sale In Hattigauda,",Bungalow,1882.375
"Basundhara Bungalow : House For Sale In Basundhara, Kathmandu","Na, Basundhara, Kathmandu",Kathmandu,39900000,5,6,3.0,2,East,2069.0,147,7 Aana,14 Feet / Blacktopped,14 Feet , Blacktopped,N/A Aana,4 months ago,"['Water Supply', 'Drainage', 'Solar Water', 'Water Tank']","Basundhara Bungalow : House For Sale In Basundhara,",Bungalow,2395.75
"3 BHK - Fully Furnished : Apartment For Sale In Balkumari, Lalitpur","Westar Apartment, Balkumari, Lalitpur",Lalitpur,18000000,3,2,4.0,1,East,,9.3K,1259 Sq. Feet,0 Feet,0 Feet,,1259 Sq. Feet,4 months ago,"['Lawn', 'Balcony', 'Garden', 'Gym', 'Modular Kitchen', 'Swimming Pool', 'TV Cable', 'Drainage', 'Water Supply', 'Solar Water', 'Water Well', 'CCTV', 'Cafeteria', 'Electricity Backup', 'Intercom', 'Internet', 'Kids Playground', 'Lift', 'Maintenance', 'Parking', 'Security Staff', 'Store Room', 'Jacuzzi']","3 Bhk - Fully Furnished : Apartment For Sale In Balkumari,",Apartment,1259.0
"Mandikatar Height New Home : House For Sale In Mandikatar, Kathmandu","Na, Mandikatar, Kathmandu",Kathmandu,32500000,8,7,4.0,1,South East,2076.0,190,4 Aana,20 Feet / Blacktopped,20 Feet , Blacktopped,N/A Aana,4 months ago,"['Water Supply', 'Drainage', 'Solar Water']","Mandikatar Height New Home : House For Sale In Mandikatar,",House,1369.0
"Pasikot Home : House For Sale In Budhanilkantha, Kathmandu","Na, Budhanilkantha, Kathmandu",Kathmandu,29000000,5,5,3.0,2,South,2075.0,180,5 Aana,14 Feet / Gravelled,14 Feet , Gravelled,N/A Aana,4 months ago,"['Garden', 'Water Supply', 'Solar Water', 'Drainage', 'Parking']","Pasikot Home : House For Sale In Budhanilkantha,",House,1711.25
"26 Per Anna- Grande Hospital Near : Land For Sale In Tokha, Kathmandu","Grande Hospital, Tokha, Kathmandu, Tokha, Kathmandu",Kathmandu,2600000,0,0,,0,North East,,216,4 Aana,15 Feet,15 Feet,,4 Aana,4 months ago,[],"26 Per Anna- Grande Hospital Near : Land For Sale In Tokha,",Other,1369.0
"Budhanilkantha 6 Ana Bungalow : House For Sale In Budhanilkantha, Kathmandu","Na, Budhanilkantha, Kathmandu",Kathmandu,36000000,5,5,3.0,1,East,2070.0,178,6 Aana,13 Feet / Blacktopped,13 Feet , Blacktopped,N/A Aana,4 months ago,"['Garden', 'Water Supply', 'Water Tank', 'Solar Water', 'Drainage']","Budhanilkantha 6 Ana Bungalow : House For Sale In Budhanilkantha,",Bungalow,2053.5
"Hepali Bungalow For Sale : House For Sale In Golfutar, Kathmandu","Na, Golfutar, Kathmandu",Kathmandu,47500000,4,5,3.0,3,East,2070.0,215,9 Aana,15 Feet / Soil Stabilized,15 Feet , Soil Stabilized,N/A Aana,4 months ago,"['Garage', 'Balcony', 'Air Condition', 'Garden', 'Frontyard', 'Parking', 'Store Room', 'Water Supply', 'Solar Water', 'Drainage']","Hepali Bungalow For Sale : House For Sale In Golfutar,",Bungalow,3080.25
"3.5 Talle| Semi-Commercial House : House For Sale In Tarkeshwor, Kathmandu","Manamaiju, Gongabu, Kathmandu, Tarkeshwor, Kathmandu",Kathmandu,28000000,0,0,,0,East,,140,4 Aana,12 Feet / Blacktopped,12 Feet , Blacktopped,4 Aana,4 months ago,"['Parking', 'Water Well', 'Water Tank', 'Water Supply', 'Drainage']","3.5 Talle| Semi-Commercial House : House For Sale In Tarkeshwor,",House,1369.0
"Land For Sale In Prime Location Bhadrakali, Budhanikantha ~ 28 Aana : Land For Sale In Budhanilkantha, Kathmandu","Khadka Bhadrakali, Ward #7, Budhanilkantha, Kathmandu",Kathmandu,4000000,0,0,,0,North,,448,1-12-0-0 Ropani,210 Feet / Blacktopped,210 Feet , Blacktopped,N/A Aana,4 months ago,[],"Land For Sale In Prime Location Bhadrakali, Budhanikantha ~ 28 Aana : Land For Sale In Budhanilkantha,",Other,9583.0
"House For Sale In Imadol, Lalitpur","sital height, Imadol, Lalitpur",Lalitpur,15000000,5,3,2.5,1,West,2076.0,6.9K,0-2-2-0 Aana,13 Feet / Gravelled,13 Feet , Gravelled,1400 Sq. Feet,4 months ago,"['Balcony', 'Fencing', 'Modular Kitchen', 'TV Cable', 'Wifi', 'Drainage', 'Water Supply', 'Solar Water', 'Water Tank', 'Water Well', 'Electricity Backup', 'Internet', 'Parking', 'Store Room']","House For Sale In Imadol,",House,855.625
"Full- Furnished : House For Sale In Imadol, Lalitpur","Sital height, Imadol, Lalitpur",Lalitpur,20000000,6,3,2.5,2,North,2076.0,4.6K,0-3-2-0 Aana,13 Feet / Gravelled,13 Feet , Gravelled,1900 Sq. Feet,4 months ago,"['Balcony', 'Fencing', 'Modular Kitchen', 'TV Cable', 'Drainage', 'Water Supply', 'Solar Water', 'Water Tank', 'Water Well', 'Electricity Backup', 'Internet', 'Parking', 'Store Room']","Full- Furnished : House For Sale In Imadol,",House,1197.875
"Samakhusi Homes : House For Sale In Samakhusi, Kathmandu","Na, Samakhusi, Kathmandu",Kathmandu,23000000,6,5,3.0,1,North West,2076.0,510,3.5 Aana,13 Feet / Gravelled,13 Feet , Gravelled,N/A Aana,4 months ago,"['Garage', 'Water Supply', 'Drainage']","Samakhusi Homes : House For Sale In Samakhusi,",House,1197.875
"New : House For Sale In Imadol, Lalitpur","Sital height, Imadol, Lalitpur",Lalitpur,18500000,5,2,2.5,1,West,2076.0,597,0-3-2-0 Aana,13 Feet / Gravelled,13 Feet , Gravelled,2000 Aana,4 months ago,"['Balcony', 'Fencing', 'Modular Kitchen', 'TV Cable', 'Drainage', 'Water Supply', 'Solar Water', 'Water Tank', 'Water Well', 'Electricity Backup', 'Internet', 'Parking', 'Store Room']","New : House For Sale In Imadol,",House,1197.875
"Hattigauda Semibungalow New Home : House For Sale In Hattigauda, Kathmandu","Na, Hattigauda, Kathmandu",Kathmandu,24500000,6,5,3.0,1,North East,2076.0,200,4 Aana,22 Feet / Gravelled,22 Feet , Gravelled,N/A Aana,4 months ago,"['Garage', 'Modular Kitchen', 'Water Supply', 'Drainage']","Hattigauda Semibungalow New Home : House For Sale In Hattigauda,",House,1369.0
"Bhangal Brand New Home : House For Sale In Bhangal, Kathmandu","Na, Bhangal, Kathmandu",Kathmandu,23800000,6,6,3.0,1,East,2076.0,332,4 Aana,18 Feet / Blacktopped,18 Feet , Blacktopped,N/A Aana,4 months ago,"['Garage', 'Parking', 'Drainage', 'Water Tank', 'Water Supply']","Bhangal Brand New Home : House For Sale In Bhangal,",House,1369.0
"Greenland Brand New Bungalow : House For Sale In Grande Villa, Kathmandu","Na, Grande Villa, Kathmandu",Kathmandu,39000000,6,6,3.0,2,South,2076.0,501,6.5 Aana,15 Feet / Soil Stabilized,15 Feet , Soil Stabilized,N/A Aana,4 months ago,"['Balcony', 'Frontyard', 'Modular Kitchen', 'Drainage', 'Solar Water', 'Water Supply', 'Water Tank', 'Store Room', 'Parking']","Greenland Brand New Bungalow : House For Sale In Grande Villa,",Bungalow,2224.625
"Brand New Bungalow , Budhanilkantha : House For Sale In Budhanilkantha, Kathmandu","Na, Budhanilkantha, Kathmandu",Kathmandu,31000000,5,5,3.0,1,South West,2076.0,603,4.5 Aana,14 Feet / Paved,14 Feet , Paved,N/A Aana,4 months ago,"['Balcony', 'Garage', 'Water Supply', 'Modular Kitchen', 'Drainage', 'Water Tank', 'Parking']","Brand New Bungalow , Budhanilkantha : House For Sale In Budhanilkantha,",Bungalow,1540.125
"Tokha Greenland New Home : House For Sale In Tokha, Kathmandu","Na, Tokha, Kathmandu",Kathmandu,29000000,6,5,3.0,1,South,2076.0,396,4 Aana,13 Feet / Gravelled,13 Feet , Gravelled,N/A Aana,4 months ago,"['Balcony', 'Garage', 'Parking']","Tokha Greenland New Home : House For Sale In Tokha,",House,1369.0
"Greenland New Home For Sale : House For Sale In Grande Villa, Kathmandu","Na, Grande Villa, Kathmandu",Kathmandu,25000000,6,5,3.0,1,South,2076.0,404,3.5 Aana,13 Feet / Gravelled,13 Feet , Gravelled,N/A Aana,4 months ago,"['Balcony', 'Garage', 'Drainage', 'Water Supply']","Greenland New Home For Sale : House For Sale In Grande Villa,",House,1197.875
"Maharajganj Bungalow For Sale : House For Sale In Maharajgunj, Kathmandu","Na, Maharajgunj, Kathmandu",Kathmandu,56000000,5,5,3.0,2,South,2071.0,526,8 Aana,15 Feet / Blacktopped,15 Feet , Blacktopped,N/A Aana,4 months ago,"['Garage', 'Air Condition', 'Balcony', 'Drainage', 'Washing Machine', 'Store Room', 'Parking']","Maharajganj Bungalow For Sale : House For Sale In Maharajgunj,",Bungalow,2738.0
"Mahanrajganj Bungalow For Sale : House For Sale In Maharajgunj, Kathmandu","Na, Maharajgunj, Kathmandu",Kathmandu,67500000,5,5,3.0,3,South East,2070.0,629,9 Aana,20 Feet / Blacktopped,20 Feet , Blacktopped,N/A Aana,4 months ago,"['Garage', 'Air Condition', 'Balcony', 'Frontyard', 'Garden', 'Modular Kitchen', 'Microwave', 'Water Supply', 'Solar Water', 'Drainage', 'Water Tank', 'Store Room', 'Parking', 'Security Staff']","Mahanrajganj Bungalow For Sale : House For Sale In Maharajgunj,",Bungalow,3080.25
"Hattigauda Land : Land For Sale In Hattigauda, Kathmandu","Na, Hattigauda, Kathmandu",Kathmandu,4000000,0,0,,0,East,,99,11 Aana,13 Feet / Blacktopped,13 Feet , Blacktopped,11 Aana,4 months ago,[],"Hattigauda Land : Land For Sale In Hattigauda,",Other,3764.75
"Beautiful 6 Ana At Budhanilkantha : Land For Sale In Budhanilkantha, Kathmandu","Na, Budhanilkantha, Kathmandu",Kathmandu,3500000,0,0,,0,East,,412,6 Aana,15 Feet / Soil Stabilized,15 Feet , Soil Stabilized,6 Aana,4 months ago,[],"Beautiful 6 Ana At Budhanilkantha : Land For Sale In Budhanilkantha,",Other,2053.5
"Samakhusi New Home : House For Sale In Samakhusi, Kathmandu","Na, Samakhusi, Kathmandu",Kathmandu,37500000,6,6,3.0,1,East,2076.0,119,3.75 Aana,13 Feet / Blacktopped,13 Feet , Blacktopped,N/A Aana,4 months ago,"['Garage', 'Balcony']","Samakhusi New Home : House For Sale In Samakhusi,",House,1283.4375
"Bansbari Bungalow For Rent : House For Rent In Golfutar, Kathmandu","Na, Golfutar, Kathmandu",Kathmandu,350000,6,6,3.0,4,East,2076.0,474,22 Aana,16 Feet / Gravelled,16 Feet , Gravelled,N/A Aana,4 months ago,"['Air Condition', 'Lawn', 'Balcony', 'Garden', 'Garage', 'Frontyard', 'Modular Kitchen', 'Washing Machine', 'Drainage', 'Water Supply', 'Solar Water', 'Kids Playground', 'Security Staff', 'Store Room', 'Parking']","Bansbari Bungalow For Rent : House For Rent In Golfutar,",Bungalow,7529.5
"Hattigauda 8 Ana Land : Land For Sale In Budhanilkantha, Kathmandu","Na, Budhanilkantha, Kathmandu",Kathmandu,4200000,0,0,,0,East,,93,8 Aana,13 Feet / Blacktopped,13 Feet , Blacktopped,N/A Aana,4 months ago,[],"Hattigauda 8 Ana Land : Land For Sale In Budhanilkantha,",Other,2738.0
"Samakhusi Flat Home : House For Sale In Samakhusi, Kathmandu","Na, Samakhusi, Kathmandu",Kathmandu,35000000,6,5,3.0,1,East,2076.0,585,4.75 Aana,13 Feet / Blacktopped,13 Feet , Blacktopped,N/A Aana,4 months ago,"['Balcony', 'Modular Kitchen', 'Store Room', 'Drainage', 'Garage']","Samakhusi Flat Home : House For Sale In Samakhusi,",Flat,1625.6875
"Neo-Classical : House For Sale In Imadol, Lalitpur","Sanagau height, Imadol, Lalitpur",Lalitpur,22000000,5,3,2.5,2,East,2076.0,6.2K,0-3-2-0 Aana,20 Feet / Gravelled,20 Feet , Gravelled,2200 Aana,4 months ago,"['Balcony', 'Fencing', 'Modular Kitchen', 'TV Cable', 'Wifi', 'Drainage', 'Water Supply', 'Solar Water', 'Water Tank', 'Water Well', 'Electricity Backup', 'Internet', 'Parking', 'Store Room']","Neo-Classical : House For Sale In Imadol,",House,1197.875
"Modern House : House For Sale In Imadol, Lalitpur","Tikathali, Buddha colony, Imadol, Lalitpur",Lalitpur,19500000,5,3,2.5,2,East,2076.0,2.3K,0-3-2-0 Aana,13 Feet / Gravelled,13 Feet , Gravelled,2000. Aana,4 months ago,"['Balcony', 'Fencing', 'Modular Kitchen', 'Swimming Pool', 'TV Cable', 'Wifi', 'Drainage', 'Water Supply', 'Solar Water', 'Water Tank', 'Water Well', 'Electricity Backup', 'Internet', 'Parking', 'Store Room']","Modern House : House For Sale In Imadol,",House,1197.875
"New : House For Sale In Lubhu, Lalitpur","Kantipur college, Lubhu, Lalitpur",Lalitpur,17000000,5,3,2.5,2,South,,740,0-3-2-0 Aana,20 Feet / Blacktopped,20 Feet , Blacktopped,N/A Sq. Feet,4 months ago,"['Drainage', 'Water Well', 'Electricity Backup', 'Parking']","New : House For Sale In Lubhu,",House,1197.875
"House For Sale In Imadol, Lalitpur","Sanagau height, Imadol, Lalitpur",Lalitpur,17500000,6,4,2.5,1,South,2076.0,5.7K,0-3-0-2 Aana,16 Feet / Gravelled,16 Feet , Gravelled,1700 Aana,4 months ago,"['Balcony', 'Fencing', 'Modular Kitchen', 'TV Cable', 'Drainage', 'Water Supply', 'Solar Water', 'Water Tank', 'Water Well', 'Electricity Backup', 'Internet', 'Parking', 'Store Room']","House For Sale In Imadol,",House,1069.53125
"Durbarmarg Office On Sale : Office Space For Sale In Durbar Marg, Kathmandu","Durbarmarg, Durbar Marg, Kathmandu",Kathmandu,850000,0,1,,1,East,2005.0,791,500sqft Sq. Feet,25 Meter / Blacktopped,25 Meter , Blacktopped,500 Sq. Feet,4 months ago,"['Air Condition', 'Balcony', 'Lawn', 'Wifi', 'Water Supply', 'CCTV', 'Internet', 'Security Staff', 'Cafeteria', 'Drainage']","Durbarmarg Office On Sale : Office Space For Sale In Durbar Marg,",Other,500.0
"Land On Sell For VIP Resident : Land For Sale In Mhepi, Kathmandu","Mhepi Jana marga, Mhepi, Kathmandu",Kathmandu,4500000,0,0,,0,North East,,525,12 Aana,15 Feet / Blacktopped,15 Feet , Blacktopped,12 Aana,4 months ago,[],"Land On Sell For Vip Resident : Land For Sale In Mhepi,",Other,4107.0
"House For Sale In Imadol, Lalitpur","Buddha Colony, Imadol, Lalitpur",Lalitpur,17500000,5,3,2.5,1,South East,2076.0,1.2K,0-3-0-2 Aana,13 Feet / Gravelled,13 Feet , Gravelled,1700 Aana,4 months ago,"['Balcony', 'Fencing', 'Modular Kitchen', 'TV Cable', 'Wifi', 'Drainage', 'Water Supply', 'Water Tank', 'Water Well', 'Electricity Backup', 'Internet', 'Parking']","House For Sale In Imadol,",House,1069.53125
"2 Storey : House For Sale In Dhading, Dhading","Nilkantha Nagarpalika -3, Dhading, Dhading",Kathmandu,10000000,4,3,2.0,0,East,,677,0-4-0-2 Aana,7 Feet / Gravelled,7 Feet , Gravelled,N/A Aana,4 months ago,[],Satdobato,House,1411.78125
"Commercial House : House For Sale In Manamaiju, Kathmandu","manamaiju, Manamaiju, Kathmandu",Kathmandu,22000000,0,0,,0,East,,713,0-3-1-0 Aana,20 Feet / Blacktopped,20 Feet , Blacktopped,N/A Sq. Feet,4 months ago,[],"Commercial House : House For Sale In Manamaiju,",House,1112.3125
"Flat For Rent : Flat For Rent In Budhanilkantha, Kathmandu","Fulbari, Budhanilkantha, Kathmandu",Kathmandu,25000,2,1,,1,East,,667,5 Aana,0 Feet,0 Feet,,N/A Aana,4 months ago,['Balcony'],"Flat For Rent : Flat For Rent In Budhanilkantha,",Flat,1711.25
"2.5 Storey : House For Sale In Naikap, Kathmandu","Naikap, Naikap, Kathmandu",Kathmandu,22000000,11,3,2.5,1,South,2073.0,982,0-6-0-0 Aana,11 Feet / Gravelled,11 Feet , Gravelled,185 Sq. Meter,4 months ago,"['Drainage', 'Water Well', 'Parking']","2.5 Storey : House For Sale In Naikap,",House,2053.5
"Imadol Ko Ghar Bikrima : House For Sale In Imadol, Lalitpur","imadol -4 lalitpur, Imadol, Lalitpur",Lalitpur,19000000,4,3,,1,North,2076.0,1.4K,3.5 Aana,0 Feet,0 Feet,,N/A Aana,4 months ago,[],"Imadol Ko Ghar Bikrima : House For Sale In Imadol,",House,1197.875
"Land Is Very Suitable For Residental Purpose : Land For Sale In Swayambhu, Kathmandu","Ichangu, Swayambhu, Kathmandu",Kathmandu,1950000,0,0,,2,North West,,629,3-1 Aana,12 Feet,12 Feet,,N/A Aana,5 months ago,['Parking'],"Land Is Very Suitable For Residental Purpose : Land For Sale In Swayambhu,",Other,16770.25
"Commercial House For Sale At Putalisadak : House For Sale In Putalisadak, Kathmandu","Putalisadak, Putalisadak, Kathmandu",Kathmandu,120000000,0,0,5.0,0,West,,812,0-3-2-1 Aana,30 Feet / Blacktopped,30 Feet , Blacktopped,0-3-2-1 Aana,4 months ago,"['Drainage', 'Water Supply']","Commercial House For Sale At Putalisadak : House For Sale In Putalisadak,",House,1219.265625
"Best For Warehouse : Land For Sale In Kalanki, Kathmandu","Bafal, Kalanki, Kathmandu",Kathmandu,5750000,0,0,,0,East,,520,1-5-2-0 Aana,16 Feet / Soil Stabilized,16 Feet , Soil Stabilized,1-0-0-0 Aana,5 months ago,[],"Best For Warehouse : Land For Sale In Kalanki,",Other,7358.375
"Land For Sale In Lubhu, Lalitpur","Mahalaxmi, Lubhu, Lalitpur",Lalitpur,1600000,0,0,,0,East,,833,0-5-1-1 Aana,16 Feet / Blacktopped,16 Feet , Blacktopped,N/A Aana,5 months ago,[],"Land For Sale In Lubhu,",Other,1818.203125
"2.5 Storey : House For Sale In Narephate, Kathmandu","Narepthat- 32, Jadibuti., Narephate, Kathmandu",Kathmandu,22000000,5,2,2.5,1,East,2076.0,13.1K,0-2-3-0 Aana,13 Feet / Paved,13 Feet , Paved,N/A Aana,5 months ago,"['TV Cable', 'Drainage', 'Water Supply', 'Water Well', 'Internet', 'Parking']","2.5 Storey : House For Sale In Narephate,",House,941.1875
"Land On Sale Near Baba Chowk Mulpani : Land For Sale In Mulpani, Kathmandu","Baba Chowk Mulpani, Mulpani, Kathmandu",Kathmandu,2500000,0,0,,0,East,,392,0-4-2-0 Aana,13 Feet / Soil Stabilized,13 Feet , Soil Stabilized,N/A Aana,5 months ago,[],"Land On Sale Near Baba Chowk Mulpani : Land For Sale In Mulpani,",Other,1540.125
"इमाडोल ओचुमा  Semi Commercial जग्गा बिक्रमा : Land For Sale In Imadol, Lalitpur","imadol -4 lalitpur, Imadol, Lalitpur",Lalitpur,3000000,0,0,,0,West,,156,0-3-3-1 Aana,13 Feet / Gravelled,13 Feet , Gravelled,N/A Aana,5 months ago,[],"इमाडोल ओचुमा  Semi Commercial जग्गा बिक्रमा : Land For Sale In Imadol,",Other,1304.828125
"House For Sale : House For Sale In Nagarjun, Kathmandu","Sitapaila harisiddhi, Nagarjun, Kathmandu",Kathmandu,17500000,5,4,3.0,1,North,,1.2K,3.1 Aana,15 Feet,15 Feet,,3.1 Aana,5 months ago,"['Backyard', 'Fencing', 'Modular Kitchen', 'TV Cable', 'Washing Machine', 'Wifi', 'Drainage', 'Water Supply', 'Solar Water', 'Water Tank', 'Electricity Backup', 'Internet', 'Parking', 'Security Staff', 'Store Room']","House For Sale : House For Sale In Nagarjun,",House,1060.9750000000001
"Commercial : House For Rent In Newroad, Kathmandu","Khichapokhari, Newroad, Kathmandu",Kathmandu,400000,0,0,,0,South,,700,1-0-0-0 Ropani,16 Feet / Blacktopped,16 Feet , Blacktopped,5500 Sq. Feet,5 months ago,"['Drainage', 'Solar Water', 'Water Tank', 'Water Well', 'Electricity Backup', 'Internet', 'Maintenance', 'Parking']","Commercial : House For Rent In Newroad,",House,5476.0
"Imadol Buddha Party Palace Najik Ko Ghar Bikrima : House For Sale In Imadol, Lalitpur","Imadol near buddha party palace, Imadol, Lalitpur",Lalitpur,18000000,4,3,2.0,1,South,2076.0,1.8K,0-3-0-2 Aana,0 Feet,0 Feet,,N/A Aana,5 months ago,[],"Imadol Buddha Party Palace Najik Ko Ghar Bikrima : House For Sale In Imadol,",House,1069.53125
"House For Sale : House For Sale In Pepsicola, Kathmandu","Khahare Chowk, Pepsicola, Kathmandu",Kathmandu,34000000,5,4,,1,South,,576,6 Aana,14 Feet,14 Feet,,N/A Aana,5 months ago,"['Balcony', 'Backyard', 'Modular Kitchen', 'Drainage', 'Water Supply', 'Water Tank', 'Parking', 'Store Room']","House For Sale : House For Sale In Pepsicola,",House,2053.5
"Near Grandy : House For Sale In Tokha, Kathmandu","Tokha, Kathmandu, Tokha, Kathmandu",Kathmandu,26300000,5,0,,1,East,,902,4 Aana,13 Feet,13 Feet,,3-4 Aana,5 months ago,"['Parking', 'Water Tank', 'Drainage']","Near Grandy : House For Sale In Tokha,",House,1369.0
"Total 11 Room : House For Sale In Basundhara, Kathmandu","Basundhara, Kathmandu, Basundhara, Kathmandu",Kathmandu,37000000,6,0,,1,East,2076.0,1.3K,4-5 Aana,13 Feet,13 Feet,,4-5 Aana,5 months ago,"['Parking', 'Drainage', 'Water Tank']","Total 11 Room : House For Sale In Basundhara,",House,23615.25
"2.5 Storey : House For Sale In Imadol, Lalitpur","Sital Height, Imadol, Lalitpur",Lalitpur,17000000,4,3,2.5,1,South,2076.0,1.8K,0-3-1-2 Aana,13 Feet / Gravelled,13 Feet , Gravelled,N/A Aana,5 months ago,"['Drainage', 'Solar Water', 'Water Tank', 'Water Well', 'Internet', 'Parking']","2.5 Storey : House For Sale In Imadol,",House,1155.09375
"Shop Sale At Masbar In Pokhara : Business For Sale In Dam Side, Pokhara","Masbar pokhara, Dam Side, Pokhara",Kathmandu,700000,0,0,,0,North,,989,2 Aana,0 Feet,0 Feet,,2 Aana,5 months ago,[],Satdobato,Other,684.5
"Land For Sale In Imadol, Lalitpur","sital height, planning, Imadol, Lalitpur",Lalitpur,2400000,0,0,,0,West,,4K,0-3-1-1 Aana,20 Feet / Gravelled,20 Feet , Gravelled,N/A Aana,5 months ago,"['Drainage', 'Water Well']","Land For Sale In Imadol,",Other,1133.703125
"Newly Built : House For Sale In Imadol, Lalitpur","Ochu height, Koreran college, Imadol, Lalitpur",Lalitpur,17000000,8,3,2.5,1,South,2076.0,2.8K,0-3-0-0 Aana,13 Feet / Gravelled,13 Feet , Gravelled,95 Aana,5 months ago,"['Electricity Backup', 'Internet', 'Parking']","Newly Built : House For Sale In Imadol,",House,1026.75
"Land For Sale In Imadol, Lalitpur","NayaBasti, Imadol, Lalitpur",Lalitpur,2800000,0,0,,0,South,,778,0-3-3-0 Aana,10 Feet / Blacktopped,10 Feet , Blacktopped,N/A Aana,5 months ago,['Water Well'],"Land For Sale In Imadol,",Other,1283.4375
"Naya Ghar : House For Sale In Tokha, Kathmandu","Suryadarsan Height, Tokha, Kathmandu, Tokha, Kathmandu",Kathmandu,16000000,4,3,,1,East,2076.0,998,3 Aana,12 Feet / Paved,12 Feet , Paved,3 Aana,5 months ago,"['Balcony', 'Water Tank', 'Water Supply', 'Drainage']","Naya Ghar : House For Sale In Tokha,",House,1026.75
"12 Th Floor B 1 Block : Apartment For Rent In Sanepa, Lalitpur","Imperial Court, Sanepa, Lalitpur",Lalitpur,150000,3,3,0.0,1,South,2072.0,814,2000 Sq. Feet,26 Feet / Blacktopped,26 Feet , Blacktopped,1800 Sq. Feet,5 months ago,"['Water Supply', 'Garden', 'Maintenance', 'Balcony', 'Wifi', 'Electricity Backup', 'Air Condition', 'Gym', 'Lift', 'Parking', 'Garage', 'TV Cable', 'Microwave', 'Intercom', 'Washing Machine', 'Kids Playground', 'Swimming Pool', 'Drainage', 'Internet', 'Security Staff', 'Modular Kitchen']","12 Th Floor B 1 Block : Apartment For Rent In Sanepa,",Apartment,2000.0
"House For Sale In Imadol, Lalitpur","Gumba, Imadol, Lalitpur",Lalitpur,22000000,10,3,3.0,1,South,,2K,0-3-3-0 Aana,13 Feet / Blacktopped,13 Feet , Blacktopped,N/A Aana,5 months ago,"['TV Cable', 'Drainage', 'Water Well', 'Parking']","House For Sale In Imadol,",House,1283.4375
"Office Sapce @ Imadol : Office Space For Rent In Imadol, Lalitpur","Imadol 1, Imadol, Lalitpur",Lalitpur,65000,0,0,4.0,0,North East,,446,0-6-1-2 Aana,22 Meter / Blacktopped,22 Meter , Blacktopped,1530 Sq. Feet,5 months ago,[],"Office Sapce @ Imadol : Office Space For Rent In Imadol,",Other,2181.84375
"1 Floor House On Sale In Sychataar Kalanki : House For Sale In Tarakeshwar, Kathmandu","Sychataar, Tarakeshwar, Kathmandu",Kathmandu,11500000,2,1,1.0,1,North East,2073.0,651,0-4-0-0 Aana,13 Feet / Blacktopped,13 Feet , Blacktopped,N/A Aana,5 months ago,"['TV Cable', 'Solar Water', 'Water Tank', 'Water Well', 'Washing Machine']","1 Floor House On Sale In Sychataar Kalanki : House For Sale In Tarakeshwar,",House,1369.0
"5 Ana Land On Sale In Panga Kritipur Near Fast Track Bus Park : Land For Sale In Machhegaun, Kirtipur","Panga, Machhegaun, Kirtipur",Kathmandu,2100000,0,0,,0,South West,,720,0-5-0-0 Aana,13 Feet / Gravelled,13 Feet , Gravelled,N/A Aana,5 months ago,[],Satdobato,Other,1711.25
"Imadol Ko Ghar Bikrima : House For Sale In Imadol, Lalitpur","imadol -4 lalitpur, Imadol, Lalitpur",Lalitpur,19700000,4,4,3.0,2,South,2076.0,1.2K,3.5 Aana,13 Feet,13 Feet,,N/A Aana,5 months ago,"['Garage', 'Backyard', 'Balcony']","Imadol Ko Ghar Bikrima : House For Sale In Imadol,",House,1197.875
"Baniyatar Tokha Home : House For Sale In Baniyatar, Kathmandu","Na, Baniyatar, Kathmandu",Kathmandu,29000000,6,5,3.0,1,East,2076.0,323,4 Aana,20 Feet / Gravelled,20 Feet , Gravelled,N/A Aana,5 months ago,"['Water Tank', 'Garage']","Baniyatar Tokha Home : House For Sale In Baniyatar,",House,1369.0
"Most Premium Bungalow At Mandikatar : House For Sale In Mandikatar, Kathmandu","Na, Mandikatar, Kathmandu",Kathmandu,290000000,6,5,2.0,20,East,2068.0,571,55 Anand Aana,15 Feet / Blacktopped,15 Feet , Blacktopped,N/A Aana,5 months ago,"['Lawn', 'Garage', 'Backyard', 'Balcony', 'Fencing', 'Deck', 'Frontyard', 'Garden', 'Modular Kitchen', 'TV Cable', 'Washing Machine', 'Drainage', 'Wifi', 'Water Supply', 'Solar Water', 'Water Tank', 'Water Well', 'Internet', 'Kids Playground', 'Maintenance', 'Parking', 'Security Staff', 'Store Room']","Most Premium Bungalow At Mandikatar : House For Sale In Mandikatar,",Bungalow,18823.75
"Hattigauda 8.5 Ana Bungalow : House For Sale In Hattigauda, Kathmandu","Na, Hattigauda, Kathmandu",Kathmandu,45000000,6,6,3.0,3,East,2075.0,490,8.5 Aana,13 Feet / Gravelled,13 Feet , Gravelled,N/A Aana,5 months ago,"['Garage', 'Balcony', 'Modular Kitchen', 'Solar Water', 'Water Tank', 'Store Room', 'Parking']","Hattigauda 8.5 Ana Bungalow : House For Sale In Hattigauda,",Bungalow,2909.125
"Especial Chok Family Bungalow : House For Sale In Golfutar, Kathmandu","Na, Golfutar, Kathmandu",Kathmandu,36000000,4,5,3.0,3,West,2075.0,448,7 Aana,30 Feet / Soil Stabilized,30 Feet , Soil Stabilized,N/A Aana,5 months ago,"['Garage', 'Garden', 'Balcony', 'Drainage', 'Water Tank', 'Solar Water', 'Water Supply', 'Store Room', 'Parking']","Especial Chok Family Bungalow : House For Sale In Golfutar,",Bungalow,2395.75
"Hattigauda Bungalow : House For Sale In Hattigauda, Kathmandu","Na, Hattigauda, Kathmandu",Kathmandu,35500000,5,5,3.0,2,North West,2075.0,449,5.5 Aana,13 Feet / Gravelled,13 Feet , Gravelled,N/A Aana,5 months ago,"['Balcony', 'Garden', 'Modular Kitchen', 'TV Cable', 'Washing Machine', 'Drainage', 'Parking', 'Store Room']","Hattigauda Bungalow : House For Sale In Hattigauda,",Bungalow,1882.375
"House And Land Sell At Lainchaur : House For Sale In Lainchaur, Kathmandu","Hanuman chowk marga, Lainchaur, Kathmandu",Kathmandu,6100000,0,0,3.0,0,North,,627,0-3-0-1 Aana,16 Feet / Blacktopped,16 Feet , Blacktopped,N/A Aana,5 months ago,[],"House And Land Sell At Lainchaur : House For Sale In Lainchaur,",House,1048.140625
"House For Sale In Thulo Bharyang, Kathmandu","Thulobharang,Ekdhara, Thulo Bharyang, Kathmandu",Kathmandu,24100000,3,3,3.0,0,South West,2068.0,509,2.75 Aana,13 Feet / Paved,13 Feet , Paved,2.75 Aana,5 months ago,"['Water Supply', 'Solar Water', 'Water Well', 'Wifi', 'Water Tank', 'TV Cable']","House For Sale In Thulo Bharyang,",House,941.1875
"House : House For Sale In Balkot, Bhaktapur","124, Balkot, Bhaktapur",Bhaktapur,15500000,4,2,,1,East,2073.0,971,3 Aana,13 Feet / Gravelled,13 Feet , Gravelled,N/A Aana,5 months ago,"['Water Supply', 'Wifi', 'Balcony', 'Store Room']","House : House For Sale In Balkot,",House,1026.75
"Gorgeous Bungalow For Family : House For Sale In Budhanilkantha, Kathmandu","Na, Budhanilkantha, Kathmandu",Kathmandu,40000000,5,5,3.0,3,East,2076.0,544,7.5 Aana,20 Feet / Paved,20 Feet , Paved,2700 Sq. Feet,5 months ago,"['Balcony', 'Frontyard', 'Water Supply', 'Drainage', 'Solar Water']","Gorgeous Bungalow For Family : House For Sale In Budhanilkantha,",Bungalow,2566.875
"Newly Built House On Sale : House For Sale In Ason, Kathmandu","Goshiphal Marg, Ason, Kathmandu",Kathmandu,17500000,5,3,7.0,0,West,2075.0,552,0-0-2 Paisa,26 Feet / Blacktopped,26 Feet , Blacktopped,0-0-2 Paisa,5 months ago,"['TV Cable', 'Drainage', 'Water Supply', 'Water Well', 'Water Tank']","Newly Built House On Sale : House For Sale In Ason,",House,171.125
"House For Sale In Thaiba, ( Comfort Housing,) : House For Sale In Thaiba, Lalitpur","Comfort Housing, Thaiba, Lalitpur",Lalitpur,20000000,3,2,3.0,1,South,2070.0,1.6K,3 Aana,20 Feet / Blacktopped,20 Feet , Blacktopped,N/A Aana,5 months ago,"['Balcony', 'Garden', 'Gym', 'Modular Kitchen', 'Swimming Pool', 'TV Cable', 'Wifi', 'Drainage', 'Water Supply', 'Solar Water', 'Water Well', 'CCTV', 'Electricity Backup', 'Internet', 'Kids Playground', 'Maintenance', 'Parking', 'Security Staff', 'Jacuzzi']","House For Sale In Thaiba, ( Comfort Housing,) : House For Sale In Thaiba,",House,1026.75
"House : House For Sale In Imadol, Lalitpur","Hattiban, Lalitpur, Imadol, Lalitpur",Lalitpur,18000000,5,3,3.0,1,West,2019.0,871,3.1 Aana,13 Feet / Blacktopped,13 Feet , Blacktopped,N/A Aana,5 months ago,"['Balcony', 'Garden', 'Garage', 'Parking', 'Drainage', 'Water Tank', 'Store Room', 'Modular Kitchen']","House : House For Sale In Imadol,",House,1060.9750000000001
"House For Sale In Harisiddhi, Lalitpur","Nepal Cancer Hospital, Harisiddhi, Lalitpur",Lalitpur,35000000,18,16,3.0,1,East,2076.0,8.1K,0-6-2-0 Aana,12 Feet / Gravelled,12 Feet , Gravelled,4800 Sq. Feet,5 months ago,"['Garden', 'TV Cable', 'Wifi', 'Drainage', 'Solar Water', 'Water Well', 'Parking', 'Store Room']","House For Sale In Harisiddhi,",House,2224.625
"Total 10 Room : House For Sale In Manamaiju, Kathmandu","Gongabu, Manamaiju, Kathmandu",Kathmandu,17000000,0,0,,0,East,,794,3 Aana,12 Feet,12 Feet,,3 Aana,5 months ago,"['Drainage', 'Water Supply', 'Parking']","Total 10 Room : House For Sale In Manamaiju,",House,1026.75
"G.M. Complex : Office Space For Rent In Lagankhel, Lalitpur","Lagankhel-5, Lagankhel, Lalitpur",Lalitpur,100,0,15,6.0,20,West,2019.0,258,0-14-0-0 Aana,9 Meter / Blacktopped,9 Meter , Blacktopped,3000 Sq. Feet,5 months ago,"['Balcony', 'Drainage', 'Water Supply', 'Microwave', 'Air Condition', 'Frontyard']","G.M. Complex : Office Space For Rent In Lagankhel,",Other,4791.5
"Brand New : House For Sale In Gongabu, Kathmandu","Dhaneshwor Temple, Gongabu, Kathmandu",Kathmandu,26000000,4,3,2.5,0,North,2076.0,1.4K,0-3-2-0 Aana,13 Feet / Blacktopped,13 Feet , Blacktopped,N/A Aana,5 months ago,"['Water Well', 'Electricity Backup', 'Parking']","Brand New : House For Sale In Gongabu,",House,1197.875
"South Faced 5.5 Anna Land On Sale In Koteshwor : Land For Sale In Koteshwor, Kathmandu","Dharmasthali Marga, Koteshwor, Kathmandu",Kathmandu,4500000,0,0,,0,South,,783,0-5-2-0 Aana,12 Feet / Blacktopped,12 Feet , Blacktopped,N/A Aana,5 months ago,[],"South Faced 5.5 Anna Land On Sale In Koteshwor : Land For Sale In Koteshwor,",Other,1882.375
"Plotted Land For Sale At Prime Location In Kantipur Colony, Nakhipot : Land For Sale In Nakhipot, Lalitpur","Kantipur Colony, Nakhipot, Lalitpur",Lalitpur,3100000,0,0,,0,East,,1K,0-3-2-0 Aana,7 Feet / Blacktopped,7 Feet , Blacktopped,N/A Aana,5 months ago,[],"Plotted Land For Sale At Prime Location In Kantipur Colony, Nakhipot : Land For Sale In Nakhipot,",Other,1197.875
"Surya Danda Home : House For Sale In Dhapasi, Kathmandu","Na, Dhapasi, Kathmandu",Kathmandu,25500000,5,6,3.0,1,East,2076.0,485,3.5 Aana,13 Feet / Blacktopped,13 Feet , Blacktopped,N/A Aana,5 months ago,['Garage'],"Surya Danda Home : House For Sale In Dhapasi,",House,1197.875
"Land For Sale : Land For Sale In Lele, Lalitpur","Godawari 6, Lele, Lalitpur",Lalitpur,350000,0,0,,0,East,,899,27 Aana,24 Feet / Gravelled,24 Feet , Gravelled,27 Aana,5 months ago,[],"Land For Sale : Land For Sale In Lele,",Other,9240.75
"Gorgeous Bungalow : House For Sale In Chapali, Kathmandu","Na, Chapali, Kathmandu",Kathmandu,68000000,5,5,3.0,4,East,2076.0,475,12 Aana,15 Feet / Blacktopped,15 Feet , Blacktopped,N/A Aana,5 months ago,"['Garage', 'Air Condition', 'Lawn', 'Balcony', 'Frontyard', 'Garden', 'Modular Kitchen', 'Wifi', 'Drainage', 'Water Supply', 'Solar Water', 'Water Tank', 'Store Room', 'Parking']","Gorgeous Bungalow : House For Sale In Chapali,",Bungalow,4107.0
"Sundarbasti Beautiful Home : House For Sale In Bhangal, Kathmandu","Na, Bhangal, Kathmandu",Kathmandu,21500000,6,5,3.0,1,North East,2076.0,456,3.5 Aana,20 Feet / Gravelled,20 Feet , Gravelled,N/A Aana,5 months ago,"['Garage', 'Drainage', 'Solar Water']","Sundarbasti Beautiful Home : House For Sale In Bhangal,",House,1197.875
"Small Family Home Bhngal Mandikatar : House For Sale In Mandikatar, Kathmandu","Na, Mandikatar, Kathmandu",Kathmandu,18200000,6,0,3.0,5,West,2076.0,464,3 Aana,13 Feet / Gravelled,13 Feet , Gravelled,N/A Aana,5 months ago,['Garage'],"Small Family Home Bhngal Mandikatar : House For Sale In Mandikatar,",House,1026.75
"Bungalow For Sale : House For Sale In Pasikot, Kathmandu","Na, Pasikot, Kathmandu",Kathmandu,80000000,4,4,3.0,4,East,2072.0,415,21 Aana,14 Feet / Blacktopped,14 Feet , Blacktopped,N/A Aana,5 months ago,"['Air Condition', 'Lawn', 'Balcony', 'Frontyard', 'Garden', 'Modular Kitchen', 'Water Supply', 'Solar Water', 'Drainage', 'Water Well', 'Water Tank', 'Parking', 'Store Room']","Bungalow For Sale : House For Sale In Pasikot,",Bungalow,7187.25
"Sundarbasti Bhangal Small Home : House For Sale In Bhangal, Kathmandu","Man, Bhangal, Kathmandu",Kathmandu,19900000,6,5,3.0,1,South West,2076.0,361,3.1 Aana,12 Feet / Paved,12 Feet , Paved,N/A Aana,5 months ago,"['Garage', 'Balcony']","Sundarbasti Bhangal Small Home : House For Sale In Bhangal,",House,1060.9750000000001
"Dhapasi Big Bungalow : House For Sale In Dhapasi, Kathmandu","Man, Dhapasi, Kathmandu",Kathmandu,72000000,5,5,3.0,0,South West,2070.0,356,17 Aana,15 Feet / Blacktopped,15 Feet , Blacktopped,N/A Aana,5 months ago,[],"Dhapasi Big Bungalow : House For Sale In Dhapasi,",Bungalow,5818.25
"Baluwatar Family Bungalow : House For Sale In Baluwatar, Kathmandu","NA, Baluwatar, Kathmandu",Kathmandu,60000000,5,5,3.0,0,North East,2076.0,339,6 Aana,13 Feet / Blacktopped,13 Feet , Blacktopped,N/A Aana,5 months ago,"['Garage', 'Parking', 'Water Supply', 'Solar Water', 'Water Tank', 'Modular Kitchen', 'Garden', 'Balcony', 'Air Condition']","Baluwatar Family Bungalow : House For Sale In Baluwatar,",Bungalow,2053.5
"5 Bhk Bungalow Budhanilkantha Chapali : House For Sale In Budhanilkantha, Kathmandu","NA, Budhanilkantha, Kathmandu",Kathmandu,57500000,6,5,3.0,6,North West,2075.0,286,12 Aana,15 Feet / Blacktopped,15 Feet , Blacktopped,N/A Aana,5 months ago,"['Garage', 'Lawn', 'Balcony', 'Frontyard', 'Garden', 'Microwave', 'Modular Kitchen', 'TV Cable', 'Washing Machine', 'Drainage', 'Water Supply', 'Solar Water', 'Water Tank', 'Internet', 'Parking', 'Store Room']","5 Bhk Bungalow Budhanilkantha Chapali : House For Sale In Budhanilkantha,",Bungalow,4107.0
"Dhapasi Sweet Bungalow : House For Sale In Dhapasi, Kathmandu","NA, Dhapasi, Kathmandu",Kathmandu,66000000,5,5,3.0,4,South East,2071.0,428,14 Aana,20 Feet / Blacktopped,20 Feet , Blacktopped,N/A Aana,5 months ago,"['Garage', 'Air Condition', 'Lawn', 'Balcony', 'Backyard', 'Frontyard', 'Fencing', 'Garden', 'Microwave', 'Modular Kitchen', 'TV Cable', 'Drainage', 'Wifi', 'Solar Water', 'Water Supply', 'Water Tank', 'Water Well', 'Internet', 'Parking', 'Store Room', 'Security Staff']","Dhapasi Sweet Bungalow : House For Sale In Dhapasi,",Bungalow,4791.5
"Family Home Ekatabasti : House For Sale In Ekatabasti, Kathmandu","NA, Ekatabasti, Kathmandu",Kathmandu,29900000,7,5,3.0,1,South West,2076.0,181,4 Aana,13 Feet / Blacktopped,13 Feet , Blacktopped,N/A Aana,5 months ago,"['Balcony', 'Garage', 'TV Cable', 'Solar Water', 'Drainage', 'Water Supply', 'Water Well', 'Internet']","Family Home Ekatabasti : House For Sale In Ekatabasti,",House,1369.0
"Jyotinagar Family Home : House For Sale In Ekatabasti, Kathmandu","Man, Ekatabasti, Kathmandu",Kathmandu,29900000,7,7,3.0,1,South East,2076.0,128,4 Aana,13 Feet / Blacktopped,13 Feet , Blacktopped,N/A Aana,5 months ago,"['Garage', 'Water Well', 'Internet', 'Store Room', 'Water Tank', 'Solar Water', 'Drainage', 'Wifi', 'Water Supply', 'TV Cable']","Jyotinagar Family Home : House For Sale In Ekatabasti,",House,1369.0
"Dhapasi Bungalow : House For Sale In Dhapasi, Kathmandu","Na, Dhapasi, Kathmandu",Kathmandu,33500000,4,4,3.0,1,North East,2072.0,375,5 Aana,20 Feet / Blacktopped,20 Feet , Blacktopped,N/A Aana,5 months ago,"['Garage', 'Air Condition', 'Balcony', 'TV Cable', 'Modular Kitchen', 'Drainage', 'Water Supply', 'Water Tank', 'Parking']","Dhapasi Bungalow : House For Sale In Dhapasi,",Bungalow,1711.25
"New Modern : House For Sale In Hattiban, Lalitpur","i.j pioneer school, Hattiban, Lalitpur",Lalitpur,37500000,5,4,,1,East,2075.0,14.2K,0-4-3-0 Aana,16 Feet / Gravelled,16 Feet , Gravelled,1138 Sq. Feet,5 months ago,"['Balcony', 'Garden', 'Modular Kitchen', 'TV Cable', 'Drainage', 'Water Supply', 'Solar Water', 'Water Well', 'Electricity Backup', 'Internet', 'Parking', 'Store Room']","New Modern : House For Sale In Hattiban,",House,1625.6875
"Land For Sale In Swayambhu, Kathmandu","Dallu, Swayambhu, Kathmandu",Kathmandu,2300000,0,0,,0,East,,1.1K,0-3-3-0 Aana,12 Feet,12 Feet,,N/A Aana,5 months ago,[],"Land For Sale In Swayambhu,",Other,1283.4375
"Land For Sale In Gurujudhara, Kathmandu","Gurjudhara, Gurujudhara, Kathmandu",Kathmandu,2250000,0,0,,0,East,,476,0-4-0-0 Aana,20 Feet / Concrete,20 Feet , Concrete,N/A Sq. Feet,5 months ago,[],"Land For Sale In Gurujudhara,",Other,1369.0
"House For Sale At Civil Homes : House For Sale In Balkhu, Kathmandu","Tinthana, Balkhu, Kathmandu",Kathmandu,23000000,3,2,3.0,3,East,,580,0-4-5-0 Aana,20 Feet,20 Feet,,4 Aana,5 months ago,"['Lawn', 'Garage', 'Air Condition', 'Backyard', 'Balcony', 'Fencing', 'Frontyard', 'Garden', 'Modular Kitchen', 'Water Tank', 'Internet', 'Parking', 'Store Room']","House For Sale At Civil Homes : House For Sale In Balkhu,",House,1796.8125
"Sanobharyang Family Home : House For Sale In Swayambhu, Kathmandu","Na, Swayambhu, Kathmandu",Kathmandu,20600000,5,3,3.0,1,North East,2076.0,992,3.1 Aana,13 Feet / Soil Stabilized,13 Feet , Soil Stabilized,N/A Aana,5 months ago,"['Garage', 'Water Supply', 'Drainage']","Sanobharyang Family Home : House For Sale In Swayambhu,",House,1060.9750000000001
"House For Sale : House For Sale In Kageshwari-Manohara, Kathmandu","Khahare-Gothatar near mahantar chowk, Kageshwari-Manohara, Kathmandu",Kathmandu,26000000,5,3,3.0,1,West,2015.0,396,4 Aana,26 Feet / Blacktopped,26 Feet , Blacktopped,4 Aana,5 months ago,"['Wifi', 'Water Tank', 'Water Supply', 'Balcony', 'Water Well', 'TV Cable']","House For Sale : House For Sale In Kageshwari-Manohara,",House,1369.0
"Bungalow With Limitless View : House For Sale In Dhapasi, Kathmandu","NA, Dhapasi, Kathmandu",Kathmandu,65000000,5,5,,3,South,2076.0,144,8 Aana,20 Feet / Blacktopped,20 Feet , Blacktopped,N/A Aana,5 months ago,"['Garage', 'Air Condition', 'Backyard', 'Balcony', 'Frontyard', 'Garden', 'Microwave', 'Modular Kitchen', 'TV Cable', 'Washing Machine', 'Drainage', 'Wifi', 'Water Supply', 'Solar Water', 'Water Well', 'Water Tank', 'CCTV', 'Internet', 'Parking', 'Security Staff', 'Maintenance']","Bungalow With Limitless View : House For Sale In Dhapasi,",Bungalow,2738.0
"Siddarthcolony 7 Ana Home : House For Sale In Budhanilkantha, Kathmandu","na, Budhanilkantha, Kathmandu",Kathmandu,45000000,4,5,3.0,3,South East,2075.0,303,7 Aana,15 Feet / Blacktopped,15 Feet , Blacktopped,N/A Aana,5 months ago,"['Garden', 'Drainage', 'Water Supply', 'Solar Water', 'TV Cable']","Siddarthcolony 7 Ana Home : House For Sale In Budhanilkantha,",House,2395.75
"Italitar 4.5 Ana Land : Land For Sale In Hattigauda, Kathmandu","na, Hattigauda, Kathmandu",Kathmandu,3500000,0,0,,0,South West,,284,4.5 Aana,13 Feet / Gravelled,13 Feet , Gravelled,N/A Aana,5 months ago,[],"Italitar 4.5 Ana Land : Land For Sale In Hattigauda,",Other,1540.125
"Bhadrabas Plotting Lands : Land For Sale In Thali, Kathmandu","na, Thali, Kathmandu",Kathmandu,1350000,0,0,,0,East,,373,4/4/5/5/6 Aana,20 Feet / Gravelled,20 Feet , Gravelled,N/A Aana,5 months ago,[],"Bhadrabas Plotting Lands : Land For Sale In Thali,",Other,15249291.0
"Highway Touched Land : Land For Sale In Nagdhunga, Kathmandu","27.7154959, 85.1985274, Nagdhunga, Kathmandu",Kathmandu,600000,0,0,,0,South East,,219,58 Aana,18 Feet / Blacktopped,18 Feet , Blacktopped,N/A Aana,5 months ago,[],"Highway Touched Land : Land For Sale In Nagdhunga,",Other,19850.5
"Newly Built House For Sale At Guheshwori : House For Sale In Guheshwori, Kathmandu","Nayabasti, planing, Guheshwori, Kathmandu",Kathmandu,28500000,8,3,3.0,1,North East,2073.0,684,0-4-0-0 Aana,16 Feet / Blacktopped,16 Feet , Blacktopped,N/A Aana,5 months ago,"['Balcony', 'Garden', 'Drainage', 'Water Supply', 'Water Well', 'Electricity Backup', 'Parking']","Newly Built House For Sale At Guheshwori : House For Sale In Guheshwori,",House,1369.0
"Colony House For Rent : House For Rent In Godawari, Lalitpur","24, Godawari, Lalitpur",Lalitpur,35000,4,3,2.0,1,East,2019.0,1K,4 Aana,5 Meter / Paved,5 Meter , Paved,5 Aana,5 months ago,"['Lawn', 'Backyard', 'Balcony', 'Microwave', 'Modular Kitchen', 'TV Cable', 'Solar Water', 'Electricity Backup', 'Water Tank', 'Water Supply']","Colony House For Rent : House For Rent In Godawari,",House,1369.0
"Brand New Bungalow. : House For Sale In Sanobharyang, Kathmandu","army medical college, Sanobharyang, Kathmandu",Kathmandu,40000000,0,0,2.5,1,North,2076.0,1.9K,0-5-0-0 Aana,13 Feet / Blacktopped,13 Feet , Blacktopped,N/A Aana,5 months ago,"['Modular Kitchen', 'TV Cable', 'Drainage', 'Water Supply', 'Water Well', 'Internet', 'Parking', 'Store Room']","Brand New Bungalow. : House For Sale In Sanobharyang,",Bungalow,1711.25
"3 Individual Apartment With A Penthouse In A Private Building : House For Rent In Thamel, Kathmandu","Jogin Pakha Marg, Thamel, Kathmandu",Kathmandu,400000,11,8,6.0,5,East,2016.0,716,8 Aana,12 Feet,12 Feet,,5 Aana,5 months ago,"['Lawn', 'Air Condition', 'Backyard', 'Balcony', 'Fencing', 'Frontyard', 'Garden', 'Modular Kitchen', 'TV Cable', 'Washing Machine', 'Wifi', 'Drainage', 'Water Supply', 'Water Well', 'Water Tank', 'Electricity Backup', 'Internet', 'Parking', 'Security Staff', 'Store Room']","3 Individual Apartment With A Penthouse In A Private Building : House For Rent In Thamel,",Apartment,2738.0
"Road Ko Najik : House For Sale In Imadol, Lalitpur","Imadol, Lalitpur, Imadol, Lalitpur",Lalitpur,19000000,0,0,,1,North East,2076.0,784,3-4 Aana,0 Feet,0 Feet,,3-4 Aana,5 months ago,"['Parking', 'Water Tank', 'Drainage']","Road Ko Najik : House For Sale In Imadol,",House,17797.0
"2BHK PRIVATE APARTMENT : Apartment For Rent In Paknajol, Kathmandu","Jogin Pakha Marg, Paknajol, Kathmandu",Kathmandu,70000,2,1,6.0,5,East,2016.0,453,8 Aana,12 Feet / Paved,12 Feet , Paved,5 Aana,5 months ago,"['Lawn', 'Air Condition', 'Backyard', 'Balcony', 'Fencing', 'Frontyard', 'Garden', 'Modular Kitchen', 'TV Cable', 'Wifi', 'Drainage', 'Water Supply', 'Water Well', 'Water Tank', 'Electricity Backup', 'Internet', 'Security Staff', 'Parking']","2Bhk Private Apartment : Apartment For Rent In Paknajol,",Apartment,2738.0
"1 Talle New House : House For Sale In Imadol, Lalitpur","Imadol, Lalitpur, Imadol, Lalitpur",Lalitpur,11000000,2,1,1.0,1,East,,1.1K,2-3 Aana,13 Feet,13 Feet,,2-3 Aana,5 months ago,"['Parking', 'Water Tank', 'Water Well', 'Drainage']","1 Talle New House : House For Sale In Imadol,",House,11978.75
"New House On Sale In Imadol Height : House For Sale In Imadol, Lalitpur","Imadol, Imadol, Lalitpur",Lalitpur,19200000,4,5,3.0,1,East,2018.0,5.5K,0-3-0-1 Aana,20 Feet / Blacktopped,20 Feet , Blacktopped,3 Aana,5 months ago,"['Backyard', 'Balcony', 'Frontyard', 'Gym', 'Microwave', 'Modular Kitchen', 'TV Cable', 'Washing Machine', 'Solar Water', 'Water Well', 'Cafeteria']","New House On Sale In Imadol Height : House For Sale In Imadol,",House,1048.140625
"4 Aana Home At Ekatabasti : House For Sale In Ekatabasti, Kathmandu","na, Ekatabasti, Kathmandu",Kathmandu,36000000,5,5,3.0,2,East,2074.0,107,5.5 Aana,13 Feet / Blacktopped,13 Feet , Blacktopped,N/A Aana,5 months ago,"['Garage', 'Balcony', 'Wifi', 'Drainage', 'Water Supply', 'Solar Water']","4 Aana Home At Ekatabasti : House For Sale In Ekatabasti,",House,1882.375
"4 Aana Home At Sitapaila : House For Sale In Sitapaila, Kathmandu","na, Sitapaila, Kathmandu",Kathmandu,20500000,4,4,,1,South,2074.0,318,4 Aana,15 Feet / Gravelled,15 Feet , Gravelled,N/A Aana,5 months ago,"['Garage', 'Drainage']","4 Aana Home At Sitapaila : House For Sale In Sitapaila,",House,1369.0
"Land For Sale In Bharatpur, Chitwan","milanchok, Bharatpur, Chitwan",Kathmandu,900000,0,0,,0,East,,497,9 Dhur,10 Feet / Blacktopped,10 Feet , Blacktopped,N/A Sq. Feet,5 months ago,[],Satdobato,Other,656100.0
"Brand New : Flat For Rent In Bishal Nagar, Kathmandu","Bishalnagar, Bishal Nagar, Kathmandu",Kathmandu,45000,2,2,,1,South East,,1.3K,1044 Sq. Feet,10 Feet / Blacktopped,10 Feet , Blacktopped,N/A Sq. Feet,5 months ago,"['Garden', 'Drainage', 'Solar Water', 'Water Well']","Brand New : Flat For Rent In Bishal Nagar,",Flat,1044.0
"House For Rent In Jhamsikhel, Lalitpur","Thadodhunga, Jhamsikhel, Lalitpur",Lalitpur,150000,3,4,,2,East,,779,0-5-2-0 Aana,8 Meter / Blacktopped,8 Meter , Blacktopped,N/A Aana,5 months ago,[],"House For Rent In Jhamsikhel,",House,1882.375
"Sitapaila Home 180 : House For Sale In Sitapaila, Kathmandu","Sitapaila, Sitapaila, Kathmandu",Kathmandu,18000000,4,4,3.0,1,North,2075.0,646,3.1 Aana,13 Feet / Gravelled,13 Feet , Gravelled,N/A Aana,5 months ago,['Drainage'],"Sitapaila Home 180 : House For Sale In Sitapaila,",House,1060.9750000000001
"Beautiful Bungalow Budhanilkantha : House For Sale In Budhanilkantha, Kathmandu","Budhanilkantha, Budhanilkantha, Kathmandu",Kathmandu,72000000,5,5,3.0,4,East,2075.0,332,13 Aana,15 Feet / Blacktopped,15 Feet , Blacktopped,N/A Aana,5 months ago,"['Garage', 'Lawn', 'Balcony', 'Frontyard', 'Garden', 'TV Cable', 'Drainage', 'Water Supply', 'Solar Water']","Beautiful Bungalow Budhanilkantha : House For Sale In Budhanilkantha,",Bungalow,4449.25
"Surya Darshan Height Home : House For Sale In Tokha, Kathmandu","Surya Darshan Height, Tokha, Kathmandu",Kathmandu,23000000,6,5,3.0,1,East,2075.0,589,4 Aana,13 Feet / Blacktopped,13 Feet , Blacktopped,N/A Aana,5 months ago,"['Garage', 'Drainage', 'TV Cable', 'Water Supply']","Surya Darshan Height Home : House For Sale In Tokha,",House,1369.0
"Small Family Home Mandikatar : House For Sale In Mandikatar, Kathmandu","Mandikatar, Mandikatar, Kathmandu",Kathmandu,19900000,6,4,3.0,1,South East,2073.0,2.7K,3.1 Aana,13 Feet / Blacktopped,13 Feet , Blacktopped,N/A Aana,5 months ago,['Garage'],"Small Family Home Mandikatar : House For Sale In Mandikatar,",House,1060.9750000000001
"Samakhusi Flat Home : House For Sale In Samakhusi, Kathmandu","Samakhusi, Samakhusi, Kathmandu",Kathmandu,40000000,7,8,4.0,2,East,2075.0,157,4 Aana,14 Feet / Paved,14 Feet , Paved,N/A Aana,5 months ago,['Garage'],"Samakhusi Flat Home : House For Sale In Samakhusi,",Flat,1369.0
"Sundarbasti New Home : House For Sale In Bhangal, Kathmandu","Sundarbasti, Bhangal, Kathmandu",Kathmandu,21500000,5,5,3.0,1,South,2076.0,217,3.5 Aana,13 Feet / Gravelled,13 Feet , Gravelled,N/A Aana,5 months ago,['Garage'],"Sundarbasti New Home : House For Sale In Bhangal,",House,1197.875
"Property At New Baneshwor : House For Sale In Baneshwor, Kathmandu","66/51, Janasahayog Marga, Baneshwor, Kathmandu",Kathmandu,34500000,6,3,2.0,2,North East,2000.0,1.1K,4 Aana,0 Feet,0 Feet,,3 1/2 Aana,5 months ago,[],"Property At New Baneshwor : House For Sale In Baneshwor,",House,1369.0
"Dhapasi Bungalow : House For Sale In Basundhara, Kathmandu","Dhapasi, Basundhara, Kathmandu",Kathmandu,70000000,4,4,2.0,4,West,2064.0,316,16 Aana,14 Feet / Blacktopped,14 Feet , Blacktopped,N/A Aana,5 months ago,"['Garage', 'Garden', 'Solar Water', 'Drainage']","Dhapasi Bungalow : House For Sale In Basundhara,",Bungalow,5476.0
"Land With A House In Paknajol On Sale : House For Sale In Paknajol, Kathmandu","Fireflies Hostel, Paknajol, Kathmandu",Kathmandu,55000000,0,0,,0,East,,594,6.2 Aana,10 Meter / Gravelled,10 Meter , Gravelled,N/A Aana,5 months ago,[],"Land With A House In Paknajol On Sale : House For Sale In Paknajol,",House,2121.9500000000003
"15 Ana Bungalow Budhanilkantha : House For Sale In Budhanilkantha, Kathmandu","na, Budhanilkantha, Kathmandu",Kathmandu,65000000,5,5,3.0,4,South,2069.0,183,15 Aana,14 Feet / Blacktopped,14 Feet , Blacktopped,5 Aana,5 months ago,"['Air Condition', 'Lawn', 'Garden']","15 Ana Bungalow Budhanilkantha : House For Sale In Budhanilkantha,",Bungalow,5133.75
"Dhubarahi 8 Ana Home : House For Sale In Dhumbarahi, Kathmandu","Dhumbarahi, Dhumbarahi, Kathmandu",Kathmandu,62000000,7,7,3.0,3,East,2074.0,165,8 Aana,13 Feet / Blacktopped,13 Feet , Blacktopped,N/A Aana,5 months ago,"['Garden', 'Balcony', 'Garage', 'Frontyard', 'Drainage']","Dhubarahi 8 Ana Home : House For Sale In Dhumbarahi,",House,2738.0
"Bunglow At Chabahil : House For Sale In Chabahil, Kathmandu","Lampokhari Chowk, Chabahil, Kathmandu",Kathmandu,5800000,0,2,2.0,2,North,2060.0,1.1K,10 Aana,18 Feet / Paved,18 Feet , Paved,4 Aana,5 months ago,"['Lawn', 'Garage', 'Backyard', 'Garden', 'Frontyard', 'TV Cable', 'Solar Water', 'Water Supply', 'Drainage', 'Water Well', 'Water Tank']","Bunglow At Chabahil : House For Sale In Chabahil,",House,3422.5
"HOUSE IN PRIME COLONY : House For Rent In Jhamsikhel, Lalitpur","THADODHUNGA, Jhamsikhel, Lalitpur",Lalitpur,150000,3,4,3.0,2,East,2019.0,633,0-5-2-0 Aana,14 Feet / Paved,14 Feet , Paved,0-4-0-0 Aana,5 months ago,"['Garage', 'Balcony', 'Fencing', 'Drainage', 'Water Supply', 'Solar Water', 'Water Well', 'Water Tank', 'Electricity Backup']","House In Prime Colony : House For Rent In Jhamsikhel,",House,1882.375
"Single : Flat For Rent In Gokarneshwor, Kathmandu","Jorpati opposite to Makalbari, Gokarneshwor, Kathmandu",Kathmandu,35000,4,3,,2,East,,651,4/2/2 Aana,12 Feet / Paved,12 Feet , Paved,N/A Aana,6 months ago,"['Balcony', 'TV Cable', 'Wifi', 'Water Supply', 'Solar Water', 'Electricity Backup', 'Water Tank']","Single : Flat For Rent In Gokarneshwor,",Flat,144429.5
"House For Sale In Bafal, Kathmandu","sitapaila, Bafal, Kathmandu",Kathmandu,25500000,0,0,3.5,0,North,2070.0,5.1K,0-4-2-0 Aana,13 Feet / Blacktopped,13 Feet , Blacktopped,N/A Aana,6 months ago,"['Swimming Pool', 'TV Cable', 'Drainage', 'Water Supply', 'Water Tank', 'Water Well', 'Electricity Backup', 'Internet', 'Parking']","House For Sale In Bafal,",House,1540.125
"House For Sale In Dharmasthali, Kathmandu","jharankhu, Dharmasthali, Kathmandu",Kathmandu,13500000,0,0,,1,South East,,1.2K,0-2-2-0 Aana,12 Feet / Blacktopped,12 Feet , Blacktopped,N/A Aana,6 months ago,[],"House For Sale In Dharmasthali,",House,855.625
"House For Sale In Harisiddhi, Lalitpur","Harisiddhi, Harisiddhi, Lalitpur",Lalitpur,28000000,0,0,,0,South,,1K,0-5-3-0 Aana,20 Feet,20 Feet,,N/A Sq. Feet,6 months ago,[],"House For Sale In Harisiddhi,",House,1967.9375
"Newly Built 🏠 House : House For Sale In Gongabu, Kathmandu","Ganesthan, Gongabu, Kathmandu",Kathmandu,20000000,0,0,0.0,2,East,2076.0,934,3 Aana,14 Feet / Gravelled,14 Feet , Gravelled,3 Aana,6 months ago,"['Water Supply', 'Parking', 'Balcony']","Newly Built 🏠 House : House For Sale In Gongabu,",House,1026.75
"5 Bhk 14 Anna Modern Bungalow For Sale At Budhanilkantha : House For Sale In Budhanilkantha, Kathmandu","Buddha Colony, Budhanilkantha, Kathmandu",Kathmandu,67500000,4,4,2.0,2,East,,651,0-14-0-0 Aana,15 Feet / Blacktopped,15 Feet , Blacktopped,N/A Aana,6 months ago,"['Lawn', 'Garage', 'Air Condition', 'Backyard', 'Garden', 'Frontyard', 'Fencing', 'Deck', 'Balcony', 'Microwave', 'Modular Kitchen', 'TV Cable', 'Solar Water', 'Water Supply', 'Drainage', 'Wifi', 'Washing Machine', 'Water Well', 'Water Tank', 'Electricity Backup']","5 Bhk 14 Anna Modern Bungalow For Sale At Budhanilkantha : House For Sale In Budhanilkantha,",Bungalow,4791.5
"Royal Neo Classical Bungalow For Sale At Golfutar, Budhanilkantha : House For Sale In Golfutar, Kathmandu","SundarBasti, Golfutar, Kathmandu",Kathmandu,35000000,4,4,2.0,2,East,2073.0,775,0-7-0-0 Aana,15 Feet / Gravelled,15 Feet , Gravelled,N/A Aana,6 months ago,"['Lawn', 'Garage', 'Air Condition', 'Backyard', 'Garden', 'Frontyard', 'Fencing', 'Deck', 'Balcony', 'Microwave', 'Modular Kitchen', 'TV Cable', 'Solar Water', 'Water Supply', 'Drainage', 'Wifi', 'Washing Machine', 'Water Tank']","Royal Neo Classical Bungalow For Sale At Golfutar, Budhanilkantha : House For Sale In Golfutar,",Bungalow,2395.75
"4 Anna Modern Semi Bungalow For Sale At Golfutar 30 Feet Main Road. : House For Sale In Golfutar, Kathmandu","Golfutar, Golfutar, Kathmandu",Kathmandu,32500000,4,3,3.0,1,East,,466,0-4-0-0 Aana,30 Feet / Blacktopped,30 Feet , Blacktopped,N/A Aana,6 months ago,"['Lawn', 'Garage', 'Backyard', 'Garden', 'Frontyard', 'Fencing', 'Balcony', 'Modular Kitchen', 'TV Cable', 'Solar Water', 'Water Supply', 'Drainage', 'Wifi', 'Water Tank']","4 Anna Modern Semi Bungalow For Sale At Golfutar 30 Feet Main Road. : House For Sale In Golfutar,",Bungalow,1369.0
"House For Sale In Budhanilkantha, Kathmandu","Budhanilkantha, Budhanilkantha, Kathmandu",Kathmandu,22000000,10,0,3.0,0,North,,871,5 Aana,15 Feet / Blacktopped,15 Feet , Blacktopped,N/A Sq. Feet,6 months ago,[],"House For Sale In Budhanilkantha,",House,1711.25
"6 Anna Brand New Semi Bungalow At Rudreshwor In 33 Feet Road : House For Sale In Budhanilkantha, Kathmandu","Rudreshwor, Budhanilkantha, Kathmandu",Kathmandu,35000000,4,4,3.0,2,East,2076.0,255,0-6-0-0 Aana,33 Feet / Blacktopped,33 Feet , Blacktopped,N/A Aana,6 months ago,"['Garage', 'Backyard', 'Garden', 'Frontyard', 'Fencing', 'Balcony', 'Wifi', 'Drainage', 'Water Supply', 'Electricity Backup']","6 Anna Brand New Semi Bungalow At Rudreshwor In 33 Feet Road : House For Sale In Budhanilkantha,",Bungalow,2053.5
"K Yo Ghar Tapaiko Lagi Ho? : House For Sale In Tokha, Kathmandu","Tokha, Kathmandu, Tokha, Kathmandu",Kathmandu,26000000,0,0,3.0,1,East,2076.0,1.6K,4 Aana,12 Feet / Gravelled,12 Feet , Gravelled,3-4 Aana,6 months ago,"['Water Supply', 'Water Tank', 'Drainage', 'Solar Water', 'Parking', 'Garden']","K Yo Ghar Tapaiko Lagi Ho? : House For Sale In Tokha,",House,1369.0
"Just Built Semi - Commercial House : House For Sale In Baniyatar, Kathmandu","Dhaneshwore, Baniyatar, Kathmandu",Kathmandu,26500000,0,0,3.0,1,South East,,252,4 Aana,14 Feet / Blacktopped,14 Feet , Blacktopped,3-4 Aana,6 months ago,"['Garden', 'Parking', 'Water Tank', 'Parking', 'Drainage', 'Drainage', 'Water Supply', 'Water Supply', 'Water Tank', 'Solar Water']","Just Built Semi - Commercial House : House For Sale In Baniyatar,",House,1369.0
"House For Sale In Thankot, Kathmandu","dauradipo haiway, Thankot, Kathmandu",Kathmandu,11500000,0,0,,0,East,,596,0-3-2-0 Aana,13 Feet / Blacktopped,13 Feet , Blacktopped,N/A Aana,6 months ago,[],"House For Sale In Thankot,",House,1197.875
"House For Sale In Balkhu, Kathmandu","Trishakti Petrol Pump, Balkhu, Kathmandu",Kathmandu,60000000,0,0,4.0,0,South,,575,5.1 Aana,0 Feet,0 Feet,,N/A Sq. Feet,6 months ago,[],"House For Sale In Balkhu,",House,1745.475
"House For Sale In Banasthali, Kathmandu","Banasthali, Banasthali, Kathmandu",Kathmandu,37000000,7,6,4.0,1,South,2016.0,609,0-5-0-0 Aana,16 Feet / Blacktopped,16 Feet , Blacktopped,3525 Sq. Feet,6 months ago,"['Washing Machine', 'Solar Water', 'Water Tank', 'Internet', 'Microwave', 'Parking', 'Water Well', 'Water Supply', 'Drainage', 'TV Cable']","House For Sale In Banasthali,",House,1711.25
"1.5 Talle Ghar Near Grande Tower : House For Sale In Tokha, Kathmandu","Tokha, Kathmandu, Tokha, Kathmandu",Kathmandu,13200000,4,2,0.0,1,East,2074.0,938,3-5 Sq. Feet,13 Feet / Gravelled,13 Feet , Gravelled,3-5 Sq. Feet,6 months ago,"['Water Supply', 'Drainage', 'Parking', 'Water Tank', 'Garden']","1.5 Talle Ghar Near Grande Tower : House For Sale In Tokha,",House,18139.25
"8 Anna Land On Sale At Ramkot -7 , Nagarjun : Land For Sale In Ramkot, Kathmandu","ramkot, Ramkot, Kathmandu",Kathmandu,1200000,0,0,,0,North,,802,8 Aana,20 Feet / Gravelled,20 Feet , Gravelled,N/A Aana,6 months ago,[],"8 Anna Land On Sale At Ramkot -7 , Nagarjun : Land For Sale In Ramkot,",Other,2738.0
"House For Sale In Hetauda, Makwanpur","Rai Tol, Hetauda, Makwanpur",Kathmandu,16000000,0,0,,0,North,,513,8 Dhur,15 Feet,15 Feet,,N/A Sq. Feet,6 months ago,[],Satdobato,House,583200.0
"Land For Sale In Balaju, Kathmandu","Lolang, Balaju, Kathmandu",Kathmandu,900000,0,0,,0,South,,508,3 Aana,10 Feet / Paved,10 Feet , Paved,N/A Sq. Feet,6 months ago,[],"Land For Sale In Balaju,",Other,1026.75
"Land For Sale In Biratnagar, Morang","Jhorahat Bazar, Biratnagar, Morang",Kathmandu,200000,0,0,,0,North,,386,12 Dhur,15 Feet,15 Feet,,N/A Sq. Feet,6 months ago,[],Satdobato,Other,874800.0
"House For Sale In Lokanthali, Bhaktapur","Lokanthali, Lokanthali, Bhaktapur",Bhaktapur,27000000,16,3,3.0,0,North,,867,6 Aana,13 Feet / Blacktopped,13 Feet , Blacktopped,N/A Aana,6 months ago,[],"House For Sale In Lokanthali,",House,2053.5
"Land For Sale In Bijauri, Dang","Ghorai, Bijauri, Dang",Kathmandu,250000,0,0,,0,South East,,674,6-17-0-0 Bigha,0 Feet,0 Feet,,N/A Sq. Feet,6 months ago,[],Satdobato,Other,38674.25
"Land For Sale In Suryabinayak, Bhaktapur","Sirutar, Suryabinayak, Bhaktapur",Bhaktapur,1800000,0,0,,0,North,,614,0-3-3-0 Aana,10 Feet / Gravelled,10 Feet , Gravelled,N/A Sq. Feet,6 months ago,[],"Land For Sale In Suryabinayak,",Other,1283.4375
"Land For Sale In Imadol, Lalitpur","Ochu Height, Imadol, Lalitpur",Lalitpur,3700000,0,0,,0,South West,,8.1K,5 Aana,40 Feet / Gravelled,40 Feet , Gravelled,N/A Aana,6 months ago,[],"Land For Sale In Imadol,",Other,1711.25
"House And Land Sale In Kirtipur, Kathmandu : House For Sale In Machhegaun, Kirtipur","Kirtipur, Bhatkyapati, Machhegaun, Kirtipur",Kathmandu,15000000,0,2,3.0,0,South,,874,5.5 aana Aana,12 Feet,12 Feet,,2.5 Aana,6 months ago,"['Balcony', 'Garden', 'Frontyard', 'TV Cable', 'Wifi', 'Water Supply', 'Electricity Backup', 'Internet', 'Water Tank', 'Modular Kitchen']","House And Land Sale In Kirtipur,",House,1882.375
"House For Sale In Imadol, Lalitpur","Changathali, Imadol, Lalitpur",Lalitpur,6500000,2,1,2.0,0,West,,1K,3 Aana,5 Feet / Gravelled,5 Feet , Gravelled,N/A Sq. Feet,6 months ago,[],"House For Sale In Imadol,",House,1026.75
"Sukedhra Ektabasti House In Sell : House For Sale In Ekatabasti, Kathmandu","House, Ekatabasti, Kathmandu",Kathmandu,27500000,7,0,3.0,2,East,2019.0,2.1K,4.5 Aana,13 Feet / Blacktopped,13 Feet , Blacktopped,3.5 Aana,6 months ago,['Air Condition'],"Sukedhra Ektabasti House In Sell : House For Sale In Ekatabasti,",House,1540.125
"House For Sale In Golfutar, Kathmandu","Golfutar, Golfutar, Kathmandu",Kathmandu,18000000,6,4,3.0,2,East,2019.0,1.6K,3 Aana,13 Feet / Gravelled,13 Feet , Gravelled,2 Aana,6 months ago,['Air Condition'],"House For Sale In Golfutar,",House,1026.75
"House For Sale In Naya Bazar, Kathmandu","Rayamajhi, Naya Bazar, Kathmandu",Kathmandu,32000000,8,4,,1,North,,820,0-3-1-0 Aana,0 Feet,0 Feet,,N/A Aana,6 months ago,"['Balcony', 'Backyard', 'Frontyard', 'Fencing', 'Modular Kitchen', 'Water Supply', 'Water Well', 'Solar Water', 'Drainage', 'Electricity Backup', 'Parking', 'Store Room', 'Water Tank']","House For Sale In Naya Bazar,",House,1112.3125
"Land For Sale In Harisiddhi, Lalitpur","Satdobato Godawari highway, Harisiddhi, Lalitpur",Lalitpur,3000000,0,0,0.0,0,North East,,177,5 Sq. Feet,12 Feet / Gravelled,12 Feet , Gravelled,N/A Sq. Feet,6 months ago,[],"Land For Sale In Harisiddhi,",Other,5.0
"Modern Bungalow : House For Sale In Kusunti, Lalitpur","kusunti, Kusunti, Lalitpur",Lalitpur,38500000,4,4,3.0,3,North West,2019.0,34.5K,0-5-2-2 Aana,13 Feet / Blacktopped,13 Feet , Blacktopped,2200 Sq. Feet,6 months ago,"['Lawn', 'Balcony', 'Frontyard', 'Garden', 'Modular Kitchen', 'TV Cable', 'Water Supply', 'Water Tank', 'Water Well']","Modern Bungalow : House For Sale In Kusunti,",Bungalow,1925.15625
"House For Sale In Greenhill City, Mulpani, Kathmandu","638, Greenhill city, Mulpani, Kathmandu",Kathmandu,35000000,4,4,4.0,1,East,2019.0,861,4 Aana,22 Feet / Blacktopped,22 Feet , Blacktopped,3 Aana,6 months ago,"['Balcony', 'Fencing', 'Garden', 'Modular Kitchen', 'TV Cable', 'Wifi', 'Drainage', 'Water Supply', 'Solar Water', 'Water Tank', 'Water Well', 'Electricity Backup', 'Internet', 'Maintenance']","House For Sale In Greenhill City, Mulpani,",House,1369.0
"Apartment For Rent In Sanepa, Lalitpur","Sanepa, Sanepa, Lalitpur",Lalitpur,235000,3,3,10.0,2,South,,6.7K,1788 Sq. Feet,20 Feet / Blacktopped,20 Feet , Blacktopped,N/A Sq. Feet,6 months ago,"['Air Condition', 'Balcony', 'Garden', 'Modular Kitchen', 'Swimming Pool', 'TV Cable', 'Wifi', 'Drainage', 'Water Supply', 'Solar Water', 'Water Tank', 'Water Well', 'Internet', 'Kids Playground', 'Lift', 'Maintenance', 'Parking']","Apartment For Rent In Sanepa,",Apartment,1788.0
"House For Sale In Kapan, Kathmandu","akatabasti, Kapan, Kathmandu",Kathmandu,18200000,0,0,,0,East,,1.6K,0-3-0-0 Aana,13 Feet / Blacktopped,13 Feet , Blacktopped,N/A Sq. Feet,6 months ago,[],"House For Sale In Kapan,",House,1026.75
"Urgent House On Sale : House For Sale In Pepsicola, Kathmandu","Harharmahadev, Pepsicola, Kathmandu",Kathmandu,13500000,4,3,3.0,1,South East,2019.0,5.5K,2.5 Aana,13 Feet / Gravelled,13 Feet , Gravelled,2.5 Aana,6 months ago,"['Water Tank', 'Water Well', 'Parking']","Urgent House On Sale : House For Sale In Pepsicola,",House,855.625
"Land For Sale In Itahari, Sunsari","Itahari, Itahari, Sunsari",Kathmandu,600000,0,0,,0,North,,666,18 Dhur,20 Feet / Blacktopped,20 Feet , Blacktopped,N/A Sq. Feet,6 months ago,[],Satdobato,Other,1312200.0
"Flat For Rent In Dhapakhel, Lalitpur","Kantipur Engineering College, Dhapakhel, Lalitpur",Lalitpur,18000,2,1,,0,North,,843,900 Sq. Feet,15 Feet / Gravelled,15 Feet , Gravelled,N/A Sq. Feet,6 months ago,[],"Flat For Rent In Dhapakhel,",Flat,900.0
"House For Sale In DDC Chowk, Biratnagar","Tintoliya, DDC Chowk, Biratnagar",Kathmandu,8000000,3,1,2.0,1,North East,,644,9 Dhur,13 Feet / Blacktopped,13 Feet , Blacktopped,9 Dhur,6 months ago,[],Satdobato,House,656100.0
"House For Rent In Hattiban, Lalitpur","Nirankari mandala, Hattiban, Lalitpur",Lalitpur,60000,3,3,,0,South,,610,0-3-2-0 Aana,13 Feet / Gravelled,13 Feet , Gravelled,N/A Sq. Feet,6 months ago,[],"House For Rent In Hattiban,",House,1197.875
"House For Sale In Bharatpur, Chitwan","Bhojad, Bharatpur, Chitwan",Kathmandu,7500000,2,1,1.0,2,East,2072.0,731,6 Dhur,6 Meter / Blacktopped,6 Meter , Blacktopped,N/A Sq. Feet,6 months ago,"['Lawn', 'Garden', 'TV Cable', 'Water Well', 'Electricity Backup', 'Internet', 'Parking']",Satdobato,House,437400.0
"Land For Sale In Dhumbarahi, Kathmandu","Dhumbarahi, Dhumbarahi, Kathmandu",Kathmandu,5700000,0,0,,0,West,,193,0-6-3-0 Aana,24 Feet / Gravelled,24 Feet , Gravelled,N/A Sq. Feet,6 months ago,[],"Land For Sale In Dhumbarahi,",Other,2310.1875
"Land For Sale In Goldhunga, Kathmandu","Goldhunga, Goldhunga, Kathmandu",Kathmandu,2000000,0,0,,0,West,,267,3 Aana,13 Feet / Soil Stabilized,13 Feet , Soil Stabilized,N/A Sq. Feet,6 months ago,[],"Land For Sale In Goldhunga,",Other,1026.75
"Office Space For Rent In Durbar Marg, Kathmandu","Lal Durbar marg, Durbar Marg, Kathmandu",Kathmandu,50000,0,0,,0,North,,547,0-2-2-0 Aana,11 Feet / Paved,11 Feet , Paved,616 Sq. Feet,6 months ago,[],"Office Space For Rent In Durbar Marg,",Other,855.625
"Land For Sale In Thankot, Kathmandu","Chandragiri Cable Car, Thankot, Kathmandu",Kathmandu,1150000,0,0,,0,East,,581,0-8-0-0 Aana,13 Feet / Soil Stabilized,13 Feet , Soil Stabilized,N/A Aana,6 months ago,[],"Land For Sale In Thankot,",Other,2738.0
"House For Sale In Kapan, Kathmandu","Adhikari mod, Aakase dhara, Kapan, Kathmandu",Kathmandu,32500000,6,5,3.0,5,East,2076.0,736,0-7-0-0 Sq. Feet,12 Feet / Blacktopped,12 Feet , Blacktopped,0-4-5-0 Sq. Feet,6 months ago,"['Garage', 'Balcony', 'Garden', 'Water Supply', 'Solar Water', 'Water Tank', 'Water Well', 'Parking', 'Store Room']","House For Sale In Kapan,",House,2395.75
"Balkot House For Rent : House For Rent In Balkot, Bhaktapur","27.6845464, Balkot, Bhaktapur",Bhaktapur,85000,0,0,3.0,0,East,2019.0,521,12 Aana,12 Feet / Soil Stabilized,12 Feet , Soil Stabilized,8 Aana,6 months ago,[],"Balkot House For Rent : House For Rent In Balkot,",House,4107.0
"Land For Sale In Thankot, Kathmandu","Chandragiri Cable Car, Thankot, Kathmandu",Kathmandu,1050000,0,0,,0,South,,681,0-7-2-0 Aana,13 Feet / Blacktopped,13 Feet , Blacktopped,N/A Sq. Feet,6 months ago,[],"Land For Sale In Thankot,",Other,2566.875
"House On Sale In Bhimsengola, Old Baneswor Saypatri Tole : House For Sale In Battisputali, Kathmandu","House No 21 Satapatri Tole, Battisputali, Kathmandu",Kathmandu,18000000,0,3,3.0,1,East,,784,0-3-1-1 Aana,9 Feet / Paved,9 Feet , Paved,2.2 Aana,6 months ago,"['Backyard', 'TV Cable', 'Drainage', 'Water Supply', 'Balcony']","House On Sale In Bhimsengola, Old Baneswor Saypatri Tole : House For Sale In Battisputali,",House,1133.703125
"Land For Sale In Kirtipur, Kathmandu","chalnakhel 1 kha, Kirtipur, Kathmandu",Kathmandu,3000000,0,0,0.0,0,North,,715,0-15-1-1 Sq. Feet,10 Feet / Soil Stabilized,10 Feet , Soil Stabilized,N/A Sq. Feet,6 months ago,[],"Land For Sale In Kirtipur,",Other,5240.703125
"Land With Houses : Land For Sale In Teku, Kathmandu","Teku, Kathmandu, Teku, Kathmandu",Kathmandu,20000000,0,0,0.0,0,South West,,638,0-10-2-0 Sq. Feet,30 Feet / Blacktopped,30 Feet , Blacktopped,N/A Sq. Feet,6 months ago,[],"Land With Houses : Land For Sale In Teku,",Other,3593.625
"House For Sale In Sano Gaun, Lalitpur","Sanogaun, Sano Gaun, Lalitpur",Lalitpur,14500000,0,0,,0,West,,823,3 Aana,13 Feet / Gravelled,13 Feet , Gravelled,N/A Sq. Feet,6 months ago,[],"House For Sale In Sano Gaun,",House,1026.75
"Land For Sale In Kirtipur, Kathmandu","Rarahil Memorial School, Kirtipur, Kathmandu",Kathmandu,1900000,0,0,,0,West,,309,5 Aana,12 Feet / Soil Stabilized,12 Feet , Soil Stabilized,N/A Aana,6 months ago,[],"Land For Sale In Kirtipur,",Other,1711.25
"House For Sale In Budhanilkantha, Kathmandu","Rudreshwor Chowk Bus Stop, Budhanilkantha, Kathmandu",Kathmandu,45000000,0,0,,0,South,,2.2K,8 Aana,15 Feet / Soil Stabilized,15 Feet , Soil Stabilized,N/A Sq. Feet,7 months ago,[],"House For Sale In Budhanilkantha,",House,2738.0
"House For Sale In Budhanilkantha, Kathmandu","Rudreshwor Chowk Bus Stop, Budhanilkantha, Kathmandu",Kathmandu,49500000,0,0,,0,South,,3.3K,9 Aana,15 Feet / Blacktopped,15 Feet , Blacktopped,N/A Sq. Feet,7 months ago,"['Balcony', 'Frontyard', 'Modular Kitchen', 'TV Cable', 'Wifi', 'Drainage', 'Water Supply', 'Solar Water', 'Water Tank', 'Water Well', 'Parking', 'Store Room']","House For Sale In Budhanilkantha,",House,3080.25
"House For Sale Satdobato Only Land Cost! : House For Sale In Satdobato, Lalitpur","Khumaltar Height, Satdobato, Lalitpur",Lalitpur,70000000,3,3,2.0,4,East,2050.0,896,0-10-0-0 Aana,20 Feet / Blacktopped,20 Feet , Blacktopped,2000 Sq. Feet,7 months ago,[],"House For Sale Satdobato Only Land Cost! : House For Sale In Satdobato,",House,3422.5
"House For Sale On Only Land Cost @ Shantinagar Kathmandu! : House For Sale In Shantinagar, Kathmandu","Shantingar Gate, Shantinagar, Kathmandu",Kathmandu,70000000,4,3,3.0,4,East,2049.0,989,0-9-2-0 Aana,20 Feet / Blacktopped,20 Feet , Blacktopped,2500 Sq. Feet,7 months ago,[],House For Sale On Only Land Cost @ Shantinagar,House,3251.375
"9 Aana Chaauni Land On Dashain Tihar Offer Urgent Sale : Land For Sale In Chhauni, Kathmandu","31, Chhauni, Kathmandu",Kathmandu,4300000,0,0,,0,North,,435,9 Aana,9 Feet / Paved,9 Feet , Paved,N/A Aana,7 months ago,[],"9 Aana Chaauni Land On Dashain Tihar Offer Urgent Sale : Land For Sale In Chhauni,",Other,3080.25
"House Sale At Sanepa, Land Cost Only : House For Sale In Sanepa, Lalitpur","Lower Sanepa, Sanepa, Lalitpur",Lalitpur,25000000,3,5,,1,East,,1.7K,0-4-0-0 Aana,20 Feet / Blacktopped,20 Feet , Blacktopped,2300 Sq. Feet,7 months ago,[],"House Sale At Sanepa, Land Cost Only : House For Sale In Sanepa,",House,1369.0
"Akarsak Thau Ko Ghar Bikri Ma!! : House For Sale In Imadol, Lalitpur","imadol 2, Lalitpur, Imadol, Lalitpur",Lalitpur,16000000,16,4,4.0,1,East,2063.0,645,4 Aana,10 Feet / Concrete,10 Feet , Concrete,4 Sq. Feet,7 months ago,[],"Akarsak Thau Ko Ghar Bikri Ma!! : House For Sale In Imadol,",House,1369.0
"House For Sale In Imadol, Lalitpur","Sanogaun, Imadol, Lalitpur",Lalitpur,13500000,3,9,3.0,0,North East,2076.0,1.5K,0-2-3-0 Aana,10 Feet / Soil Stabilized,10 Feet , Soil Stabilized,N/A Sq. Feet,7 months ago,"['Modular Kitchen', 'Wifi', 'Drainage', 'Water Supply', 'Water Tank', 'Water Well', 'Parking']","House For Sale In Imadol,",House,941.1875
"House For Sale In Imadol, Lalitpur","Sana Gaun, Imadol, Lalitpur",Lalitpur,12000000,2,1,1.0,0,North East,,4.4K,0-3-0-1 Aana,12 Feet / Soil Stabilized,12 Feet , Soil Stabilized,N/A Sq. Feet,7 months ago,[],"House For Sale In Imadol,",House,1048.140625
"Land For Sale In Bhaisepati, Lalitpur","sainbu sital colony, Bhaisepati, Lalitpur",Lalitpur,2700000,0,0,,0,North East,,10K,0-6-2-0 Aana,16 Feet / Blacktopped,16 Feet , Blacktopped,N/A Aana,7 months ago,"['Drainage', 'Water Well', 'Electricity Backup']","Land For Sale In Bhaisepati,",Other,2224.625
"Mandikatar House In Sell : House For Sale In Mandikatar, Kathmandu","House, Mandikatar, Kathmandu",Kathmandu,27800000,6,3,3.0,2,East,2019.0,3.9K,5 Aana,13 Feet / Gravelled,13 Feet , Gravelled,4 Aana,7 months ago,['Air Condition'],"Mandikatar House In Sell : House For Sale In Mandikatar,",House,1711.25
"House For Sale At Civil Homes, Dhapakhel : House For Sale In Dhapakhel, Lalitpur","Civil Homes, Dhapakhel, Lalitpur",Lalitpur,36000000,3,3,,2,East,2065.0,1.2K,0-6-2-0 Aana,20 Feet / Blacktopped,20 Feet , Blacktopped,2000 Sq. Feet,7 months ago,[],"House For Sale At Civil Homes, Dhapakhel : House For Sale In Dhapakhel,",House,2224.625
"5 Ropani Land For Sale At Golfutar! : Land For Sale In Golfutar, Kathmandu","Golfutar basketball ground, Golfutar, Kathmandu",Kathmandu,3800000,0,0,,0,West,,433,5-0-0-0 Ropani,20 Feet / Blacktopped,20 Feet , Blacktopped,N/A Ropani,7 months ago,[],"5 Ropani Land For Sale At Golfutar! : Land For Sale In Golfutar,",Other,27380.0
"House For Rent : House For Rent In Bakhundol, Lalitpur","maitry marg Bakhundole, Bakhundol, Lalitpur",Lalitpur,180000,5,0,,2,East,,552,0-5-0 Aana,14 Feet / Blacktopped,14 Feet , Blacktopped,0-3-9 Aana,7 months ago,"['Lawn', 'Balcony', 'Backyard']","House For Rent : House For Rent In Bakhundol,",House,1711.25
"Flat System House For Sale At Ghattekulo Kathmandu. : House For Sale In Ghattekulo, Kathmandu","Ghattekulo, Ghattekulo, Kathmandu",Kathmandu,100000000,8,9,4.0,4,South,2065.0,1.5K,0-13-2-0 Aana,13 Feet / Blacktopped,13 Feet , Blacktopped,4500 Sq. Feet,7 months ago,[],Flat System House For Sale At Ghattekulo,Flat,4620.375
"House For Sale At Only Land Cost @ Baneshwor! : House For Sale In Old Baneshwor, Kathmandu","Bhimsengola, Old Baneshwor, Kathmandu",Kathmandu,60000000,6,3,,4,South,2050.0,1.7K,0-8-5-0 Aana,20 Feet / Blacktopped,20 Feet , Blacktopped,2500 Sq. Feet,7 months ago,[],"House For Sale At Only Land Cost @ Baneshwor! : House For Sale In Old Baneshwor,",House,3165.8125
"Urgent Sale Land 5 Aana : Land For Sale In Raniban, Kathmandu","Raniban, Raniban, Kathmandu",Kathmandu,4000000,0,0,,0,North East,,566,0-4-3-2 Aana,20 Feet / Blacktopped,20 Feet , Blacktopped,N/A Aana,7 months ago,[],"Urgent Sale Land 5 Aana : Land For Sale In Raniban,",Other,1668.46875
"BUDHANILKANTHA BUNGALOW : House For Sale In Budhanilkantha, Kathmandu","NA, Budhanilkantha, Kathmandu",Kathmandu,65000000,5,5,3.0,3,South East,2075.0,951,15 Aana,13 Feet / Soil Stabilized,13 Feet , Soil Stabilized,N/A Aana,7 months ago,"['Modular Kitchen', 'Drainage', 'Wifi', 'Water Supply', 'Solar Water', 'Balcony', 'Backyard', 'Garden', 'Frontyard']","Budhanilkantha Bungalow : House For Sale In Budhanilkantha,",Bungalow,5133.75
"HEPALI GOLFUTAR HOME : House For Sale In Golfutar, Kathmandu","NA, Golfutar, Kathmandu",Kathmandu,56000000,6,6,3.0,3,East,2074.0,1.4K,10 Aana,20 Feet / Soil Stabilized,20 Feet , Soil Stabilized,3600 Sq. Feet,7 months ago,"['Drainage', 'Water Supply', 'Solar Water', 'Wifi', 'Modular Kitchen', 'TV Cable', 'Washing Machine', 'Air Condition']","Hepali Golfutar Home : House For Sale In Golfutar,",House,3422.5
"CHAPALI , BUDHANILKANTHA BUNGALOW : House For Sale In Budhanilkantha, Kathmandu","NA, Budhanilkantha, Kathmandu",Kathmandu,44500000,6,5,3.0,3,South East,2076.0,933,8.1 Aana,15 Feet / Blacktopped,15 Feet , Blacktopped,N/A Aana,7 months ago,"['Garden', 'Modular Kitchen', 'TV Cable', 'Water Supply', 'Solar Water', 'Drainage', 'Wifi', 'Balcony']","Chapali , Budhanilkantha Bungalow : House For Sale In Budhanilkantha,",Bungalow,2772.225
"HATTIGAUDA BUNGALOW : House For Sale In Hattigauda, Kathmandu","NA, Hattigauda, Kathmandu",Kathmandu,85000000,5,5,,3,East,,351,17 Aana,13 Feet / Soil Stabilized,13 Feet , Soil Stabilized,N/A Aana,7 months ago,"['Frontyard', 'Garden', 'Drainage', 'Water Supply', 'Solar Water', 'Washing Machine', 'TV Cable', 'Microwave', 'Air Condition']","Hattigauda Bungalow : House For Sale In Hattigauda,",Bungalow,5818.25
"House For Sale In Balaju, Kathmandu","Machha Pokhari, Balaju, Kathmandu",Kathmandu,38000000,0,0,,0,East,,811,0-8-0-0 Aana,13 Feet / Blacktopped,13 Feet , Blacktopped,N/A Sq. Feet,7 months ago,[],"House For Sale In Balaju,",House,2738.0
"Land For Sale In Kalanki, Kathmandu","thapagaun, Kalanki, Kathmandu",Kathmandu,2000000,0,0,,0,West,,795,0-7-0-0 Aana,16 Feet / Paved,16 Feet , Paved,N/A Sq. Feet,7 months ago,[],"Land For Sale In Kalanki,",Other,2395.75
"Land For Sale In Chandragiri, Kathmandu","Chandragiri Cable Car, Chandragiri, Kathmandu",Kathmandu,1375000,0,0,,0,West,,442,0-4-0-0 Aana,13 Feet / Gravelled,13 Feet , Gravelled,N/A Aana,7 months ago,[],"Land For Sale In Chandragiri,",Other,1369.0
"Land For Sale In Thankot, Kathmandu","chekpost thankot, Thankot, Kathmandu",Kathmandu,1450000,0,0,,0,East,,550,0-4-0-0 Aana,13 Feet / Blacktopped,13 Feet , Blacktopped,N/A Sq. Feet,7 months ago,[],"Land For Sale In Thankot,",Other,1369.0
"House For Sale In Banasthali, Kathmandu","Dhunge Dhara, Radha Krisna Mandir, Banasthali, Kathmandu",Kathmandu,19000000,8,0,3.0,0,South,,2.6K,0-3-0-2 Aana,10 Feet / Blacktopped,10 Feet , Blacktopped,N/A Sq. Feet,7 months ago,"['Balcony', 'Modular Kitchen', 'Wifi', 'Drainage', 'Water Supply', 'Solar Water', 'Water Tank', 'Water Well', 'Parking', 'Store Room']","House For Sale In Banasthali,",House,1069.53125
"Flat For Rent In Jorpati, Kathmandu","Chamunda Road Besigaun, Jorpati, Kathmandu",Kathmandu,50000,6,3,2.0,3,East,2018.0,4.7K,0-6-2-0 Aana,10 Feet / Paved,10 Feet , Paved,0-3-0-0 Aana,7 months ago,"['Garage', 'Balcony', 'Fencing', 'Frontyard', 'Washing Machine', 'Wifi', 'Water Supply', 'Solar Water', 'Water Tank', 'Electricity Backup']","Flat For Rent In Jorpati,",Flat,2224.625
"Land For Sale In Thankot, Kathmandu","Trivuban Park, Thankot, Kathmandu",Kathmandu,1700000,0,0,,0,West,,420,0-6-2-0 Aana,14 Feet / Concrete,14 Feet , Concrete,N/A Sq. Feet,7 months ago,[],"Land For Sale In Thankot,",Other,2224.625
"House For Sale In Kadaghari, Kathmandu","Kadaghari, Kadaghari, Kathmandu",Kathmandu,7500000,3,1,1.0,0,North,,605,0-2-2-0 Aana,4 Feet / Soil Stabilized,4 Feet , Soil Stabilized,N/A Sq. Feet,7 months ago,[],"House For Sale In Kadaghari,",House,855.625
"House For Sale At Hepali, Near Golfutar Kathmandu. : House For Sale In Budhanilkantha, Kathmandu","Hepali Near Golfutar, Budhanilkantha, Kathmandu",Kathmandu,47500000,5,4,,2,East,2070.0,925,0-8-0-0 Aana,20 Feet / Blacktopped,20 Feet , Blacktopped,2500 Sq. Feet,7 months ago,[],"House For Sale At Hepali, Near Golfutar",House,2738.0
"Urgent Sale A House In Grende Villa Housing, Dhapasi : House For Sale In Dhapasi, Kathmandu","Grende Villa, Dhapasi, Kathmandu",Kathmandu,25000000,3,3,,1,South,,1.2K,0-4-0-0 Aana,20 Feet / Blacktopped,20 Feet , Blacktopped,2300 Sq. Feet,7 months ago,[],"Urgent Sale A House In Grende Villa Housing, Dhapasi : House For Sale In Dhapasi,",House,1369.0
"House For Sale In Imadol, Lalitpur","Krishna Mandir, Imadol, Lalitpur",Lalitpur,22500000,7,2,3.0,0,South,,684,0-3-3-2 Aana,13 Feet / Gravelled,13 Feet , Gravelled,N/A Sq. Feet,7 months ago,[],"House For Sale In Imadol,",House,1326.21875
"House For Sale At Southern Heights Housing, Thaiba LLalitpur : House For Sale In Thaiba, Lalitpur","Southern Heights Housing, Thaiba, Lalitpur",Lalitpur,35000000,5,4,,2,West,2069.0,477,0-6-0-0 Aana,20 Feet / Blacktopped,20 Feet , Blacktopped,2500 Sq. Feet,7 months ago,[],"House For Sale At Southern Heights Housing, Thaiba Llalitpur : House For Sale In Thaiba,",House,2053.5
"Business For Sale In Swayambhu, Kathmandu","Pachdhara, Swayambhu, Kathmandu",Kathmandu,1300000,0,0,,0,West,,620,400 Sq. Feet,15 Feet / Blacktopped,15 Feet , Blacktopped,N/A Sq. Feet,7 months ago,[],"Business For Sale In Swayambhu,",Other,400.0
"House For Sale In Mid Baneshwor, Kathmandu","Katyayani Temple, Mid Baneshwor, Kathmandu",Kathmandu,50000000,7,4,2.0,1,South East,2076.0,1.5K,0-7-0-0 Aana,10 Feet / Concrete,10 Feet , Concrete,1000 Sq. Feet,7 months ago,"['Lawn', 'Balcony', 'Garden', 'Modular Kitchen', 'Swimming Pool', 'TV Cable', 'Wifi', 'Drainage', 'Solar Water', 'Water Well', 'Electricity Backup', 'Parking', 'Store Room']","House For Sale In Mid Baneshwor,",House,2395.75
"Land For Sale In Chakupat, Lalitpur","Chakupat, Chakupat, Lalitpur",Lalitpur,4000000,0,0,,0,North,,1.1K,0-5-2-0 Aana,12 Feet / Gravelled,12 Feet , Gravelled,N/A Aana,7 months ago,[],"Land For Sale In Chakupat,",Other,1882.375
"Modern Newly Residential Home At Balaju, Boharatar, Kathmandu : House For Sale In Balaju, Kathmandu","Boharatar, Balaju, Kathmandu",Kathmandu,25000000,7,5,4.0,1,North,2019.0,1.1K,3 Aana,13 Feet / Gravelled,13 Feet , Gravelled,2.75 Aana,7 months ago,"['Garage', 'Balcony', 'Garden', 'TV Cable', 'Wifi', 'Drainage', 'Water Supply', 'Water Tank', 'Water Well', 'Internet', 'Parking']","Modern Newly Residential Home At Balaju, Boharatar,",House,1026.75
"House For Sale In Syuchatar, Kathmandu","Syuchatar, Syuchatar, Kathmandu",Kathmandu,16500000,0,0,2.0,0,South East,2076.0,935,0-3-0-1 Aana,14 Feet / Blacktopped,14 Feet , Blacktopped,N/A Aana,7 months ago,"['Balcony', 'Drainage', 'Water Supply', 'Water Tank', 'Water Well', 'Electricity Backup', 'Internet', 'Parking']","House For Sale In Syuchatar,",House,1048.140625
"House For Sale At Chhauni Kathmandu : House For Sale In Chhauni, Kathmandu","Museum Marga, Chhauni, Kathmandu",Kathmandu,46000000,5,4,,2,South West,2074.0,369,0-7-0-0 Aana,13 Feet / Blacktopped,13 Feet , Blacktopped,3000 Sq. Feet,7 months ago,"['Water Supply', 'Solar Water', 'Water Tank', 'Frontyard', 'Garage']",House For Sale At Chhauni,House,2395.75
"House For Sale In Kausaltar, Bhaktapur","Kausaltar, Kausaltar, Bhaktapur",Bhaktapur,30000000,5,4,3.0,0,East,,474,0-7-2-0 Aana,15 Feet / Blacktopped,15 Feet , Blacktopped,N/A Sq. Feet,7 months ago,[],"House For Sale In Kausaltar,",House,2566.875
"Housing Land : Land For Sale In Bhaktapur, Bhaktapur","Sirutar, Bhaktapur, Bhaktapur",Bhaktapur,1700000,0,0,,0,East,,282,0-4-3-1 Aana,20 Feet / Gravelled,20 Feet , Gravelled,N/A Aana,7 months ago,[],Housing Land : Land For Sale In,Other,1647.078125
"Land For Sale In Mulpani, Kathmandu","Green Hill City, Mulpani, Kathmandu",Kathmandu,3300000,0,0,,0,North,,185,0-5-2-0 Aana,8 Meter,8 Meter,,N/A Sq. Feet,7 months ago,[],"Land For Sale In Mulpani,",Other,1882.375
"Land For Sale In Damak, Jhapa","Damak, Damak, Jhapa",Kathmandu,330000,0,0,,0,North,,598,10 Dhur,13 Feet / Gravelled,13 Feet , Gravelled,N/A Sq. Feet,7 months ago,[],Satdobato,Other,729000.0
"Land For Sale In Gongabu, Kathmandu","Gongabu, Gongabu, Kathmandu",Kathmandu,7000000,0,0,,0,North,,188,4 Aana,20 Feet / Blacktopped,20 Feet , Blacktopped,N/A Sq. Feet,7 months ago,[],"Land For Sale In Gongabu,",Other,1369.0
"House For Sale In Basbari, Kathmandu","Neuro Hospital, Basbari, Kathmandu",Kathmandu,28000000,2,4,3.0,3,South,,514,5 Aana,13 Feet / Gravelled,13 Feet , Gravelled,N/A Aana,7 months ago,[],"House For Sale In Basbari,",House,1711.25
"House For Sale In Mid Baneshwor, Kathmandu","MId Baneshwor, Mid Baneshwor, Kathmandu",Kathmandu,35000000,0,0,,0,North,,314,0-3-5-0 Aana,13 Feet / Blacktopped,13 Feet , Blacktopped,N/A Sq. Feet,7 months ago,[],"House For Sale In Mid Baneshwor,",House,1454.5625
"House For Sale In Thapagaun, Kathmandu","Thapagaun, Thapagaun, Kathmandu",Kathmandu,49000000,0,0,,0,South,,185,0-4-2-0 Aana,12 Feet / Blacktopped,12 Feet , Blacktopped,N/A Sq. Feet,7 months ago,[],"House For Sale In Thapagaun,",House,1540.125
"Land For Sale In Samakhusi, Kathmandu","Maipi, Samakhusi, Kathmandu",Kathmandu,4000000,0,0,,0,South,,326,4/4/5/5/6 Aana,20 Feet / Gravelled,20 Feet , Gravelled,N/A Aana,7 months ago,[],"Land For Sale In Samakhusi,",Other,15249291.0
"Flat On Rent : Flat For Rent In Pasikot, Kathmandu","Shree ram chowk,, Pasikot, Kathmandu",Kathmandu,20000,2,1,3.0,2,South,2018.0,854,0-6-0-0 Aana,13 Feet / Soil Stabilized,13 Feet , Soil Stabilized,0-3-0-0 Aana,7 months ago,"['Garden', 'Modular Kitchen', 'TV Cable', 'Wifi', 'Water Tank', 'Water Well', 'Parking']","Flat On Rent : Flat For Rent In Pasikot,",Flat,2053.5
"Urgent Sale : Land For Sale In Birgunj, Parsa","Medical College Road, Birgunj, Parsa",Kathmandu,350000,0,0,,0,East,,531,26 Dhur,26 Feet / Gravelled,26 Feet , Gravelled,N/A Dhur,7 months ago,[],Satdobato,Other,1895400.0
"SUNDARBASTI HOME : House For Sale In Bhangal, Kathmandu","Sundarbasti, Bhangal, Kathmandu",Kathmandu,21500000,5,5,3.0,1,East,2076.0,814,3.5 Aana,13 Feet / Gravelled,13 Feet , Gravelled,N/A Aana,7 months ago,[],"Sundarbasti Home : House For Sale In Bhangal,",House,1197.875
"Land For Sale In Tokha, Kathmandu","Greenland Chok, Tokha, Kathmandu",Kathmandu,3900000,0,0,,0,East,,185,8 Aana,15 Feet / Blacktopped,15 Feet , Blacktopped,N/A Aana,7 months ago,[],"Land For Sale In Tokha,",Other,2738.0
"GOLFUTAR 4 ANA : Land For Sale In Golfutar, Kathmandu","NA, Golfutar, Kathmandu",Kathmandu,6700000,0,0,,0,West,,246,4 Aana,33 Feet,33 Feet,,N/A Aana,7 months ago,[],"Golfutar 4 Ana : Land For Sale In Golfutar,",Other,1369.0
"House For Sale In Budhanilkantha, Kathmandu","Srijana Tole, Budhanilkantha, Kathmandu",Kathmandu,25500000,7,5,3.0,1,East,2076.0,365,5 Aana,20 Feet / Gravelled,20 Feet , Gravelled,2600 Sq. Feet,7 months ago,"['Water Supply', 'Drainage', 'Garage']","House For Sale In Budhanilkantha,",House,1711.25
"Perfect 8 Anna Residential Land For Sale Inside Budhanilkantha Villa : Land For Sale In Budhanilkantha, Kathmandu","Budhanilkantha Villa, Budhanilkantha, Kathmandu",Kathmandu,4200000,0,0,,0,East,,1.4K,0-8-0-0 Aana,15 Feet / Blacktopped,15 Feet , Blacktopped,N/A Aana,7 months ago,[],"Perfect 8 Anna Residential Land For Sale Inside Budhanilkantha Villa : Land For Sale In Budhanilkantha,",Villa,2738.0
"House For Sale In Gothatar, Kathmandu","Gothatar, Gothatar, Kathmandu",Kathmandu,16500000,8,0,,0,North,,511,0-3-0-1 Aana,13 Feet / Gravelled,13 Feet , Gravelled,N/A Sq. Feet,7 months ago,[],"House For Sale In Gothatar,",House,1048.140625
"House For Sale In Bhangal, Kathmandu","Sundara Basti, Bhangal, Kathmandu",Kathmandu,22000000,11,0,,0,West,,747,0-3-5-0 Aana,13 Feet / Gravelled,13 Feet , Gravelled,N/A Sq. Feet,7 months ago,[],"House For Sale In Bhangal,",House,1454.5625
"House For Sale In Changunarayan, Bhaktapur","Thathali, Changunarayan, Bhaktapur",Bhaktapur,10500000,0,0,,0,South,,673,4 Aana,10 Feet / Blacktopped,10 Feet , Blacktopped,N/A Sq. Feet,7 months ago,[],"House For Sale In Changunarayan,",House,1369.0
"Land For Sale In Budhanilkantha, Kathmandu","Budhanilkantha, Budhanilkantha, Kathmandu",Kathmandu,2200000,0,0,,0,West,,370,0-9-2-0 Aana,18 Feet / Blacktopped,18 Feet , Blacktopped,N/A Sq. Feet,7 months ago,[],"Land For Sale In Budhanilkantha,",Other,3251.375
"Land For Sale In Lagankhel, Lalitpur","Lagankhel, Lagankhel, Lalitpur",Lalitpur,5000000,0,0,,0,North,,250,10 Sq. Feet,11 Feet / Blacktopped,11 Feet , Blacktopped,N/A Sq. Feet,7 months ago,[],"Land For Sale In Lagankhel,",Other,10.0
"Land For Sale In Lubhu, Lalitpur","Jagate, Lubhu, Lalitpur",Lalitpur,1250000,0,0,,0,West,,513,0-4-1-0 Aana,20 Feet / Soil Stabilized,20 Feet , Soil Stabilized,N/A Sq. Feet,7 months ago,[],"Land For Sale In Lubhu,",Other,1454.5625
"12 Anna Fully Furnished Bungalow For Sale At Dhumbarahi, Pragati Tole : House For Sale In Dhumbarahi, Kathmandu","Pragati Tole, Dhumbarahi, Kathmandu",Kathmandu,70000000,5,7,2.0,3,East,,702,0-12-0-0 Aana,14 Feet / Blacktopped,14 Feet , Blacktopped,N/A Aana,7 months ago,"['Lawn', 'Garage', 'Air Condition', 'Backyard', 'Balcony', 'Garden', 'Frontyard', 'Fencing', 'Modular Kitchen', 'Wifi', 'Drainage', 'CCTV', 'Water Well', 'Solar Water', 'Water Supply', 'Electricity Backup', 'Internet']","12 Anna Fully Furnished Bungalow For Sale At Dhumbarahi, Pragati Tole : House For Sale In Dhumbarahi,",Bungalow,4107.0
"Land For Sale Near Itahari Chowk : Land For Sale In Birtamod Road, Itahari","Nearby Sangeet Chowk, Birtamod Road, Itahari",Kathmandu,1250000,0,0,,0,North,,244,10 Dhur,20 Feet / Blacktopped,20 Feet , Blacktopped,N/A Aana,7 months ago,[],Satdobato,Other,729000.0
"House For Sale In Banasthali, Kathmandu","Prakritik Chowk, Banasthali, Kathmandu",Kathmandu,39500000,5,6,3.0,5,North,2074.0,11.4K,0-5-3-0 Aana,20 Feet / Blacktopped,20 Feet , Blacktopped,N/A Aana,7 months ago,"['Air Condition', 'Backyard', 'Balcony', 'Modular Kitchen', 'TV Cable', 'Wifi', 'Drainage', 'Water Supply', 'Solar Water', 'Water Tank', 'Water Well', 'Parking', 'Store Room']","House For Sale In Banasthali,",House,1967.9375
"Land For Sale In Dahachowk, Khahare, Kathmandu","Khahare chowk dahachowk, Dahachowk, khahare, Kathmandu",Kathmandu,1450000,0,0,,0,North East,,803,10-0-0-0 Ropani,6 Meter / Gravelled,6 Meter , Gravelled,N/A Ropani,7 months ago,"['Garden', 'Drainage', 'Water Well', 'Electricity Backup', 'Internet', 'Parking']","Land For Sale In Dahachowk, Khahare,",Other,54760.0
"One Storied House For Sale Near Pashupati, Guheswori, Boudha : House For Sale In Chabahil, Kathmandu","Guheshwori, Chabahil, Kathmandu",Kathmandu,18000000,2,1,1.0,0,South,,655,5-1 Aana,12 Feet / Blacktopped,12 Feet , Blacktopped,2.6 Aana,7 months ago,['Garden'],"One Storied House For Sale Near Pashupati, Guheswori, Boudha : House For Sale In Chabahil,",House,27722.25
"60 Feet Faced Land On Main Road : Land For Sale In Mahalaxmisthan, Lalitpur","Shovahiti, Mahalaxmisthan, Lalitpur",Lalitpur,4300000,0,0,0.0,0,East,,324,0-6-3-0 Sq. Feet,26 Feet / Blacktopped,26 Feet , Blacktopped,N/A Sq. Feet,7 months ago,[],"60 Feet Faced Land On Main Road : Land For Sale In Mahalaxmisthan,",Other,2310.1875
"Bungalow For Sale At Sitapaila, Sita Homes : House For Sale In Sitapaila, Kathmandu","25 Gha, Sitapaila, Kathmandu",Kathmandu,22000000,3,4,3.0,1,East,2018.0,627,3 Aana,14 Feet,14 Feet,,1800 Aana,7 months ago,"['TV Cable', 'Drainage', 'Solar Water', 'Water Supply', 'Water Well']","Bungalow For Sale At Sitapaila, Sita Homes : House For Sale In Sitapaila,",Bungalow,1026.75
"Land For Lease In DDC Chowk, Biratnagar","ddc chowk, DDC Chowk, Biratnagar",Kathmandu,30000,0,0,,0,East,,134,1-0-0-0 Ropani,0 Feet,0 Feet,,N/A Ropani,7 months ago,[],Satdobato,Other,5476.0
"House For Rent In Tarkeshwor, Kathmandu","Malpot office Manamaiju, Tarkeshwor, Kathmandu",Kathmandu,110000,0,6,3.0,1,East,,1.8K,6 Aana,22 Feet / Blacktopped,22 Feet , Blacktopped,N/A Aana,7 months ago,"['Balcony', 'Drainage', 'Water Well', 'Electricity Backup', 'Internet', 'Parking']","House For Rent In Tarkeshwor,",House,2053.5
"Apartment For Rent In Jhamsikhel, Lalitpur","Jhamsikhel, Jhamsikhel, Lalitpur",Lalitpur,40000,2,1,12.0,1,South,,912,683 Sq. Feet,0 Feet,0 Feet,,N/A Sq. Feet,7 months ago,"['Lawn', 'Balcony', 'Garden', 'Gym', 'Swimming Pool', 'TV Cable', 'Drainage', 'Water Well', 'Internet', 'Parking', 'Security Staff', 'Store Room']","Apartment For Rent In Jhamsikhel,",Apartment,683.0
"9 Anna Land For Sale At Baluwatar Infront Of Himani Trust : Land For Sale In Baluwatar, Kathmandu","Infront Of Himani Trust, Baluwatar, Kathmandu",Kathmandu,5500000,0,0,,0,South East,,386,0-9-0-0 Aana,16 Feet / Blacktopped,16 Feet , Blacktopped,N/A Aana,7 months ago,[],"9 Anna Land For Sale At Baluwatar Infront Of Himani Trust : Land For Sale In Baluwatar,",Other,3080.25
"7 Anna Attractive Land At Narayan Chaur, Naxal Near Star Venue Party Palace : Land For Sale In Naxal, Kathmandu","Near Star Venue Party Palace, Naxal, Kathmandu",Kathmandu,8500000,0,0,,0,South East,,402,0-7-0-0 Aana,16 Feet / Blacktopped,16 Feet , Blacktopped,N/A Aana,7 months ago,[],"7 Anna Attractive Land At Narayan Chaur, Naxal Near Star Venue Party Palace : Land For Sale In Naxal,",Other,2395.75
"Ichangu Narayan Jagga : Land For Sale In Nagarjun, Kathmandu","Ichangunarayan, Nagarjun, Kathmandu",Kathmandu,32500000,0,0,,0,South,,251,2-0-2-0 Ropani,16 Feet / Blacktopped,16 Feet , Blacktopped,.5 Ropani,7 months ago,[],"Ichangu Narayan Jagga : Land For Sale In Nagarjun,",Other,11123.125
"House For Sale In Sukedhara, Kathmandu","Yatayat Office sukedhara, Sukedhara, Kathmandu",Kathmandu,47000000,18,6,,6,South,,2.8K,6 Aana,13 Feet / Blacktopped,13 Feet , Blacktopped,N/A Aana,7 months ago,"['Balcony', 'Modular Kitchen', 'TV Cable', 'Wifi', 'Drainage', 'Water Supply', 'Water Tank', 'Water Well', 'Internet', 'Parking', 'Store Room']","House For Sale In Sukedhara,",House,2053.5
"Office Space For Rent In Baluwatar, Kathmandu","Russian Embassy Nepal, Baluwatar, Kathmandu",Kathmandu,175000,0,0,4.0,0,North,,2.9K,1800 Sq. Feet,42 Feet / Blacktopped,42 Feet , Blacktopped,N/A Sq. Feet,7 months ago,[],"Office Space For Rent In Baluwatar,",Other,1800.0
"1 Ropani Attractive Commercial Land For Sale At Gahana Pokhari, Naxal : Land For Sale In Naxal, Kathmandu","Gahana Pokhari Main Road, Naxal, Kathmandu",Kathmandu,11000000,0,0,,0,North East,,351,1-0-0-0 Aana,20 Feet / Blacktopped,20 Feet , Blacktopped,N/A Aana,7 months ago,[],"1 Ropani Attractive Commercial Land For Sale At Gahana Pokhari, Naxal : Land For Sale In Naxal,",Other,5476.0
"3.5 Storied House On Sale : House For Sale In Boudha, Kathmandu","Bhrikutichowk, Kathmandu Nepal, Boudha, Kathmandu",Kathmandu,22500000,0,4,,4,North,2009.0,945,0-3-0-0 Aana,12 Feet / Gravelled,12 Feet , Gravelled,N/A Aana,7 months ago,"['TV Cable', 'Water Supply', 'Water Well', 'Internet']","3.5 Storied House On Sale : House For Sale In Boudha,",House,1026.75
"26 Anna Main Road Commercial Land, Mid Baneshwor Beside Venus Hospital : Land For Sale In Mid Baneshwor, Kathmandu","Mid baneshwor Beside Venus Hospital, Mid Baneshwor, Kathmandu",Kathmandu,11000000,0,0,,0,South East,,285,1-10-0-0 Aana,40 Feet / Blacktopped,40 Feet , Blacktopped,N/A Aana,7 months ago,[],"26 Anna Main Road Commercial Land, Mid Baneshwor Beside Venus Hospital : Land For Sale In Mid Baneshwor,",Other,8898.5
"31 Anna Commercial Land For Sale Prime Location, Baluwatar Main Road : Land For Sale In Baluwatar, Kathmandu","Baluwatar Main Road, Baluwatar, Kathmandu",Kathmandu,13000000,0,0,,0,East,,298,1-15-0-0 Aana,50 Feet / Blacktopped,50 Feet , Blacktopped,N/A Aana,7 months ago,[],"31 Anna Commercial Land For Sale Prime Location, Baluwatar Main Road : Land For Sale In Baluwatar,",Other,10609.75
"8 Anna Modern House For Sale In Basundhara In Sherchan Colony Height : House For Sale In Dhapasi, Kathmandu","Sherchan Colony, Dhapasi, Dhapasi, Kathmandu",Kathmandu,45000000,6,6,3.0,2,South West,,501,0-8-0-0 Aana,20 Feet / Blacktopped,20 Feet , Blacktopped,N/A Aana,7 months ago,"['Lawn', 'Garage', 'Air Condition', 'Backyard', 'Balcony', 'Garden', 'Frontyard', 'Fencing', 'Modular Kitchen', 'TV Cable', 'Washing Machine', 'Wifi', 'Drainage', 'CCTV', 'Water Well', 'Water Supply', 'Electricity Backup', 'Internet']","8 Anna Modern House For Sale In Basundhara In Sherchan Colony Height : House For Sale In Dhapasi,",House,2738.0
"Magnificent New Bungalow For Sale At Budhanilkantha, Kathmandu : House For Sale In Budhanilkantha, Kathmandu","Park Village, Budhanilkantha, Kathmandu",Kathmandu,130000000,6,7,2.0,10,North,2017.0,1.5K,1-10-0-0 Aana,20 Feet / Blacktopped,20 Feet , Blacktopped,N/A Aana,7 months ago,"['Lawn', 'Garage', 'Air Condition', 'Backyard', 'Balcony', 'Gym', 'Garden', 'Frontyard', 'Modular Kitchen', 'Swimming Pool', 'Wifi', 'Drainage', 'CCTV', 'Water Tank', 'Electricity Backup', 'Water Supply', 'Internet', 'Kids Playground']","Magnificent New Bungalow For Sale At Budhanilkantha,",Bungalow,8898.5
"9 Anna Commercial Main Road Land On Sale Opposite To Big Mart Lazimpat : Land For Sale In Lazimpat, Kathmandu","Lazimpat Main Road, Lazimpat, Kathmandu",Kathmandu,15000000,0,0,,0,East,,331,0-9-0-0 Aana,60 Feet / Blacktopped,60 Feet , Blacktopped,N/A Aana,7 months ago,[],"9 Anna Commercial Main Road Land On Sale Opposite To Big Mart Lazimpat : Land For Sale In Lazimpat,",Other,3080.25
"Land With Old House On Sale, Dhumbarahi Main Road Near Investment Bank : Land For Sale In Dhumbarahi, Kathmandu","Dhumbarahi Main Road, Dhumbarahi, Kathmandu",Kathmandu,7500000,0,0,,0,West,,294,0-9-1-0 Aana,45 Feet / Blacktopped,45 Feet , Blacktopped,N/A Aana,7 months ago,[],"Land With Old House On Sale, Dhumbarahi Main Road Near Investment Bank : Land For Sale In Dhumbarahi,",House,3165.8125
"6.5 Anna Land For Sale At Basundhara Chauki, Shayanshah Height : Land For Sale In Dhapasi, Kathmandu","Shayansha Height Near Ram Mandir, Dhapasi, Kathmandu",Kathmandu,4000000,0,0,,0,East,,280,0-6-2-0 Aana,12 Feet / Blacktopped,12 Feet , Blacktopped,N/A Aana,7 months ago,[],"6.5 Anna Land For Sale At Basundhara Chauki, Shayanshah Height : Land For Sale In Dhapasi,",Other,2224.625
"Bungalow At Mid Baneshwor, 100 Meters From Venus Hospital : House For Sale In Mid Baneshwor, Kathmandu","Mid Baneshwor Near Venus Hospital, Mid Baneshwor, Kathmandu",Kathmandu,120000000,4,5,2.0,2,South East,,926,0-12-0-2 Aana,20 Feet / Blacktopped,20 Feet , Blacktopped,N/A Aana,7 months ago,"['Garage', 'Air Condition', 'Balcony', 'Garden', 'Frontyard', 'Modular Kitchen', 'TV Cable', 'Drainage', 'Wifi', 'Water Supply', 'Water Tank', 'Electricity Backup', 'Internet']","Bungalow At Mid Baneshwor, 100 Meters From Venus Hospital : House For Sale In Mid Baneshwor,",Bungalow,4149.78125
"Apartment For Rent In Bishal Nagar, Kathmandu","Bishal Nagar, Bishal Nagar, Kathmandu",Kathmandu,100000,2,2,9.0,1,West,,719,1371 Sq. Feet,0 Feet,0 Feet,,N/A Sq. Feet,7 months ago,"['Lawn', 'Balcony', 'Garden', 'Gym', 'Modular Kitchen', 'Swimming Pool', 'TV Cable', 'Wifi', 'Water Supply', 'Water Well', 'Electricity Backup', 'Internet', 'Kids Playground', 'Lift', 'Maintenance', 'Parking', 'Security Staff', 'Jacuzzi']","Apartment For Rent In Bishal Nagar,",Apartment,1371.0
"Bhelpa House On Rent : House For Rent In Gwarko, Lalitpur","Balfal Bhelpa., Gwarko, Lalitpur",Lalitpur,45000,3,3,3.0,1,East,2076.0,410,0-2-2-0 Aana,16 Feet / Gravelled,16 Feet , Gravelled,0-2-2-0 Aana,7 months ago,"['Garage', 'Fencing', 'Drainage', 'Water Supply', 'Water Well']","Bhelpa House On Rent : House For Rent In Gwarko,",House,855.625
"Office Space For Rent In Baneshwor, Kathmandu","New Baneshwor Chowk, Baneshwor, Kathmandu",Kathmandu,350000,0,0,8.0,0,South,,986,2200 Sq. Feet,30 Meter / Blacktopped,30 Meter , Blacktopped,N/A Sq. Feet,7 months ago,"['Balcony', 'Wifi', 'Water Supply', 'Water Tank', 'Water Well', 'Electricity Backup', 'Internet', 'Lift', 'Parking', 'Store Room']","Office Space For Rent In Baneshwor,",Other,2200.0
"Residential : House For Sale In Kapan, Kathmandu","Payutar, Kapan, Kathmandu",Kathmandu,22000000,6,5,3.0,1,East,2016.0,359,5 Aana,14 Feet / Gravelled,14 Feet , Gravelled,4 Aana,7 months ago,"['Balcony', 'TV Cable', 'Wifi', 'Internet', 'Water Well', 'Water Tank', 'Electricity Backup', 'Drainage', 'Garage']","Residential : House For Sale In Kapan,",House,1711.25
"House For Sale In Tikathali, Lalitpur","Tikathali, Tikathali, Lalitpur",Lalitpur,17000000,3,2,2.0,3,West,2019.0,309,0-4-0-0 Aana,13 Feet / Gravelled,13 Feet , Gravelled,127.18 Sq. Feet,7 months ago,['Water Supply'],"House For Sale In Tikathali,",House,1369.0
"Budhanilkantha Bungalow : House For Rent In Budhanilkantha, Kathmandu","Budhanilkantha, Budhanilkantha, Kathmandu",Kathmandu,550000,24,0,4.0,15,East,2076.0,1.1K,48 Aana,22 Feet / Blacktopped,22 Feet , Blacktopped,16 Aana,7 months ago,"['Drainage', 'Water Supply', 'Solar Water', 'Wifi', 'Washing Machine', 'TV Cable', 'Modular Kitchen', 'Frontyard', 'Garden', 'Microwave', 'Fencing', 'Garage', 'Air Condition', 'Lawn', 'Backyard', 'Balcony']","Budhanilkantha Bungalow : House For Rent In Budhanilkantha,",Bungalow,16428.0
"Budanilkantha Golfutar Home : House For Sale In Budhanilkantha, Kathmandu","Golfutar, Budhanilkantha, Kathmandu",Kathmandu,30000000,10,8,4.0,2,South,2068.0,691,4 Aana,30 Feet / Blacktopped,30 Feet , Blacktopped,N/A Aana,7 months ago,"['TV Cable', 'Wifi', 'Drainage', 'Water Supply', 'Solar Water']","Budanilkantha Golfutar Home : House For Sale In Budhanilkantha,",House,1369.0
"House For Sale In Kavresthali, Kathmandu","Vadigoth, Kavresthali, Kathmandu",Kathmandu,7000000,0,0,,0,West,,627,3 Aana,10 Feet / Soil Stabilized,10 Feet , Soil Stabilized,N/A Sq. Feet,7 months ago,[],"House For Sale In Kavresthali,",House,1026.75
"New Modern And Beautiful House : House For Sale In Thaiba, Lalitpur","Wasa hiti, Thaiba, Lalitpur",Lalitpur,19000000,4,4,3.0,2,East,2075.0,608,0-4-0-1 Aana,13 Feet / Gravelled,13 Feet , Gravelled,2500 Sq. Feet,7 months ago,"['Lawn', 'Garage', 'Fencing', 'Frontyard', 'Modular Kitchen', 'TV Cable', 'Solar Water', 'Water Supply', 'Water Well', 'Water Tank', 'Internet']","New Modern And Beautiful House : House For Sale In Thaiba,",House,1390.390625
"House Near Kist Hospital Imadole : House For Sale In Imadol, Lalitpur","timalshina chowk, Imadol, Lalitpur",Lalitpur,18000000,0,4,4.0,0,South,2016.0,664,11 Dhur,0 Feet,0 Feet,,11 Dhur,7 months ago,"['Drainage', 'Water Well', 'Water Tank', 'Solar Water', 'TV Cable', 'Balcony', 'Modular Kitchen']","House Near Kist Hospital Imadole : House For Sale In Imadol,",House,801900.0
"Land For Sale In Birgunj, Parsa","Birganj Inner Bypass Rd, Birgunj, Parsa",Kathmandu,1550000,0,0,0.0,0,North,,852,45 Dhur,66 Feet / Blacktopped,66 Feet , Blacktopped,N/A Sq. Meter,7 months ago,[],Satdobato,Other,3280500.0
"One Floor Home : House For Sale In Tarakeshwar, Kathmandu","Kavresthali, Tarakeshwar, Kathmandu",Kathmandu,12000000,1,1,1.0,1,North West,2076.0,490,0-2-2-3 Aana,10 Feet / Gravelled,10 Feet , Gravelled,0-2-2-3 Aana,7 months ago,"['Garage', 'Fencing', 'Frontyard', 'Wifi', 'Water Supply', 'Water Tank', 'Internet', 'Parking']","One Floor Home : House For Sale In Tarakeshwar,",House,919.796875
"House For Sale In Newroad, Kathmandu","New Road, Newroad, Kathmandu",Kathmandu,122500000,23,10,,0,West,,430,0-2-2-0 Aana,15 Feet / Blacktopped,15 Feet , Blacktopped,N/A Sq. Feet,7 months ago,[],"House For Sale In Newroad,",House,855.625
"House For Rent In Boudha, Kathmandu","Boudha - Jorpati Road, Boudha, Kathmandu",Kathmandu,55000,4,4,,0,West,,788,2100 Sq. Feet,15 Feet / Gravelled,15 Feet , Gravelled,N/A Sq. Feet,7 months ago,[],"House For Rent In Boudha,",House,2100.0
"Land For Sale In Thali, Kathmandu","Thali, Thali, Kathmandu",Kathmandu,1500000,0,0,,0,North,,239,0-3-2-0 Aana,12 Feet / Gravelled,12 Feet , Gravelled,N/A Sq. Feet,7 months ago,[],"Land For Sale In Thali,",Other,1197.875
"Land For Sale In Thali, Kathmandu","Thali, Thali, Kathmandu",Kathmandu,1300000,0,0,,0,West,,314,4 Aana,4 Feet / Soil Stabilized,4 Feet , Soil Stabilized,N/A Sq. Feet,7 months ago,[],"Land For Sale In Thali,",Other,1369.0
"Land For SALE In Banepa : Land For Sale In Banepa, Kavre","Karuna Marg, Banepa, Kavre",Kathmandu,815000,0,0,,0,North,,230,10.3 Aana,20 Feet / Gravelled,20 Feet , Gravelled,N/A Aana,7 months ago,[],Satdobato,Other,3525.175
"Land For Sale In Thali, Kathmandu","Thali, Thali, Kathmandu",Kathmandu,1350000,0,0,,0,North,,251,6 Aana,12 Feet / Gravelled,12 Feet , Gravelled,N/A Sq. Feet,7 months ago,[],"Land For Sale In Thali,",Other,2053.5
"House For Rent In Minbhawan, Kathmandu","New Baneshwor, Minbhawan, Kathmandu",Kathmandu,80000,6,2,3.0,0,South,2062.0,298,0-5-3-0 Ropani,20 Feet / Blacktopped,20 Feet , Blacktopped,2500 Ropani,7 months ago,[],"House For Rent In Minbhawan,",House,1967.9375
"House For Sale In Jorpati, Kathmandu","Shiva Chowk, Dashindhoka Jorpati, Jorpati, Kathmandu",Kathmandu,20000000,0,0,,0,South,,398,4 Aana,15 Feet,15 Feet,,N/A Sq. Feet,7 months ago,[],"House For Sale In Jorpati,",House,1369.0
"House For Sale In Tikathali, Lalitpur","Tikathali-1, Tikathali, Lalitpur",Lalitpur,17000000,8,3,,0,South,,860,0-3-0-0 Aana,13 Feet / Blacktopped,13 Feet , Blacktopped,N/A Sq. Feet,7 months ago,[],"House For Sale In Tikathali,",House,1026.75
"House For Sale In Tarkeshwor, Kathmandu","lolang hariyali basti, Tarkeshwor, Kathmandu",Kathmandu,17000000,0,0,,0,East,,157,0-3-0-0 Aana,10 Feet / Gravelled,10 Feet , Gravelled,N/A Sq. Feet,7 months ago,[],"House For Sale In Tarkeshwor,",House,1026.75
"House For Sale In Tarkeshwor, Kathmandu","Lolang, Tarkeshwor, Kathmandu",Kathmandu,8500000,4,0,,0,South,,343,2.5 Aana,10 Feet,10 Feet,,N/A Sq. Feet,7 months ago,[],"House For Sale In Tarkeshwor,",House,855.625
"Land For Sale In Godawari, Lalitpur","Badikhel, Godawari, Lalitpur",Lalitpur,1100000,0,0,,0,South,,407,5 Aana,20 Feet / Gravelled,20 Feet , Gravelled,N/A Sq. Feet,7 months ago,[],"Land For Sale In Godawari,",Other,1711.25
"House For Sale In Harisiddhi, Lalitpur","Harisiddhi, Harisiddhi, Lalitpur",Lalitpur,15500000,8,0,3.0,0,North,,449,3 Aana,20 Feet / Gravelled,20 Feet , Gravelled,N/A Sq. Feet,7 months ago,[],"House For Sale In Harisiddhi,",House,1026.75
"Land For Sale In Naikap, Kathmandu","Naikap Naya Bhanjyang, Naikap, Kathmandu",Kathmandu,2600000,0,0,,0,East,,848,0-7-0-0 Aana,20 Feet / Blacktopped,20 Feet , Blacktopped,N/A Aana,7 months ago,[],"Land For Sale In Naikap,",Other,2395.75
"3 Ropani Land For Sale At Pumdikot Pokhara : Land For Sale In Pokhara, Pokhara","Pumdikot, Pokhara, Pokhara",Kathmandu,60000000,0,0,,0,East,,374,3-0-0-03 Aana,20 Feet / Blacktopped,20 Feet , Blacktopped,N/A Aana,7 months ago,[],Satdobato,Other,16492.171875
"Shutters For Rent : Office Space For Rent In Koteshwor, Kathmandu","338/6, Koteshwor, Kathmandu",Kathmandu,24000,0,3,2.0,1,West,2052.0,719,13 Aana,0 Meter / Paved,0 Meter , Paved,6 Aana,7 months ago,"['Garage', 'Balcony', 'Water Well', 'Wifi', 'CCTV', 'Water Supply', 'TV Cable']","Shutters For Rent : Office Space For Rent In Koteshwor,",Other,4449.25
"Land For Sale In Birtamod Road, Itahari","Rajbiraj saptari, Birtamod Road, Itahari",Kathmandu,230000,0,0,,0,East,,175,16 Dhur,0 Feet,0 Feet,,N/A Aana,7 months ago,[],Satdobato,Other,1166400.0
"Land For Sale In Suryabinayak, Bhaktapur","sanga fun park, Suryabinayak, Bhaktapur",Bhaktapur,1200000,0,0,0.0,0,South West,,182,39 Aana,20 Feet / Soil Stabilized,20 Feet , Soil Stabilized,N/A Sq. Feet,7 months ago,[],"Land For Sale In Suryabinayak,",Other,13347.75
"Tinkune Prime Location Land On Sale : Land For Sale In Tinkune, Kathmandu","Gairigaon, Tinkune, Kathmandu",Kathmandu,5600000,0,0,,0,East,,198,5 Aana,15 Feet / Blacktopped,15 Feet , Blacktopped,2 Paisa,7 months ago,[],"Tinkune Prime Location Land On Sale : Land For Sale In Tinkune,",Other,1711.25
"SAMAKHUSI HOME : House For Sale In Samakhusi, Kathmandu","Samakhusi, Samakhusi, Kathmandu",Kathmandu,44000000,5,6,3.0,1,East,2076.0,390,4 Aana,15 Feet / Blacktopped,15 Feet , Blacktopped,N/A Aana,7 months ago,"['Water Tank', 'Water Supply', 'Solar Water', 'Drainage', 'Wifi', 'TV Cable']","Samakhusi Home : House For Sale In Samakhusi,",House,1369.0
"BUDHANILKANTHA 20 ANA VILLA : House For Sale In Budhanilkantha, Kathmandu","Near by Deubaniwas, Budhanilkantha, Kathmandu",Kathmandu,100000000,6,6,3.0,10,North West,2071.0,895,20 Aana,20 Feet / Blacktopped,20 Feet , Blacktopped,N/A Aana,7 months ago,"['Fencing', 'Frontyard', 'Garden', 'Backyard', 'Air Condition', 'Garage', 'Microwave', 'Modular Kitchen', 'Washing Machine', 'Wifi', 'Drainage', 'Water Supply', 'Solar Water', 'Water Tank', 'Water Well']","Budhanilkantha 20 Ana Villa : House For Sale In Budhanilkantha,",Villa,6845.0
"BUDANILKANTHA VILLA : House For Sale In Budhanilkantha, Kathmandu","Near by Deubaniwas, Budhanilkantha, Kathmandu",Kathmandu,96000000,5,7,3.0,0,South East,2074.0,436,18 Aana,20 Feet / Blacktopped,20 Feet , Blacktopped,N/A Aana,7 months ago,"['Garden', 'Frontyard', 'Air Condition', 'Garage', 'Backyard', 'Deck', 'Fencing', 'Lawn', 'Balcony', 'Microwave', 'Modular Kitchen', 'Wifi', 'Drainage', 'Water Supply', 'Solar Water', 'Washing Machine', 'Water Well', 'Water Tank']","Budanilkantha Villa : House For Sale In Budhanilkantha,",Villa,6160.5
"BHANGAL HEIGHT NEW HOME : House For Sale In Bhangal, Kathmandu","Bhangal, Bhangal, Kathmandu",Kathmandu,28500000,6,6,3.0,2,East,2076.0,428,4.5 Aana,20 Feet / Blacktopped,20 Feet , Blacktopped,N/A Aana,7 months ago,"['Garage', 'Water Tank', 'Solar Water', 'Water Supply', 'Drainage', 'Wifi']","Bhangal Height New Home : House For Sale In Bhangal,",House,1540.125
"House For Sale In Kadaghari, Kathmandu","Birendra Chowk, Kadaghari, Kathmandu",Kathmandu,22500000,0,0,,0,North,,432,4 Aana,16 Feet / Blacktopped,16 Feet , Blacktopped,N/A Sq. Feet,7 months ago,[],"House For Sale In Kadaghari,",House,1369.0
"Swayambhu Buddhachok 4 Floors Home : House For Sale In Swayambhu, Kathmandu","Swayambhu, Swayambhu, Kathmandu",Kathmandu,41000000,17,10,,2,East,,407,8.1 Aana,15 Feet / Blacktopped,15 Feet , Blacktopped,N/A Aana,7 months ago,"['Frontyard', 'Garage', 'Wifi', 'Washing Machine', 'Water Tank', 'Drainage', 'Water Supply', 'Solar Water']","Swayambhu Buddhachok 4 Floors Home : House For Sale In Swayambhu,",House,2772.225
"House For Sale In Samakhusi, Kathmandu","Near Ranibari, Samakhusi, Kathmandu",Kathmandu,30000000,11,0,4.0,2,North,2001.0,252,5 ana Aana,13 Feet / Blacktopped,13 Feet , Blacktopped,4ana Aana,7 months ago,"['Lawn', 'Garage', 'Balcony', 'TV Cable', 'Wifi', 'Drainage', 'Water Supply']","House For Sale In Samakhusi,",House,1711.25
"5 Ana Land On Sale In Vibor Planning, Chunikhel Bhaiseapti : Land For Sale In Bhaisepati, Lalitpur","Chunikhel, Bhaisepati, Lalitpur",Lalitpur,2500000,0,0,,0,East,,668,0-5-0-0 Aana,0 Feet,0 Feet,,N/A Aana,7 months ago,[],"5 Ana Land On Sale In Vibor Planning, Chunikhel Bhaiseapti : Land For Sale In Bhaisepati,",Other,1711.25
"Office Space For Sale In Jamal, Kathmandu","Kanti Path, Jamal, Kathmandu",Kathmandu,1200000,0,0,,0,North,,272,1850 Sq. Feet,40 Feet / Blacktopped,40 Feet , Blacktopped,N/A Sq. Feet,7 months ago,[],"Office Space For Sale In Jamal,",Other,1850.0
"Apartment For Rent In Naxal, Kathmandu","Bhatbhateni Apartments, Naxal, Kathmandu",Kathmandu,170000,3,4,7.0,2,East,,6.5K,2100 Sq. Feet,20 Feet / Blacktopped,20 Feet , Blacktopped,N/A Sq. Feet,7 months ago,"['Balcony', 'Garden', 'Gym', 'Modular Kitchen', 'Swimming Pool', 'TV Cable', 'Wifi', 'Drainage', 'Water Supply', 'Solar Water', 'Water Well', 'CCTV', 'Electricity Backup', 'Internet', 'Lift', 'Parking', 'Security Staff']","Apartment For Rent In Naxal,",Apartment,2100.0
"Modern Bungalow : House For Sale In Maharajgunj, Kathmandu","Maharajgunj, Maharajgunj, Kathmandu",Kathmandu,65000000,5,6,3.0,3,East,2076.0,732,6.5 Aana,15 Feet / Blacktopped,15 Feet , Blacktopped,N/A Aana,7 months ago,"['Frontyard', 'Garden', 'Microwave', 'Modular Kitchen', 'TV Cable', 'Wifi', 'Drainage', 'Water Tank', 'Water Well', 'CCTV']","Modern Bungalow : House For Sale In Maharajgunj,",Bungalow,2224.625
"2 Floors Flats Available For Office Rent In Kupondole : Flat For Rent In Kupondole, Lalitpur","84/10 Kupondole, Kupondole, Lalitpur",Lalitpur,95000,4,2,4.0,4,South East,,339,8 Aana,0 Feet / Paved,0 Feet , Paved,N/A Aana,7 months ago,"['Garage', 'Air Condition', 'Modular Kitchen', 'Water Supply', 'Solar Water', 'Water Tank', 'Cafeteria', 'Electricity Backup']","2 Floors Flats Available For Office Rent In Kupondole : Flat For Rent In Kupondole,",Flat,2738.0
"3 - 4 Ana Land On Sale In Khadka Gau , Kalanki 1.5 Km From LRI School : Land For Sale In Kalanki, Kathmandu","Khadka Gau , 1.5 km from LRI, Kalanki, Kathmandu",Kathmandu,2300000,0,0,,0,South East,,385,3 -4 Pieces Aana,13 Feet / Blacktopped,13 Feet , Blacktopped,N/A Aana,7 months ago,[],"3 - 4 Ana Land On Sale In Khadka Gau , Kalanki 1.5 Km From Lri School : Land For Sale In Kalanki,",Other,16428.0
"Flat For Rent In Balkot, Bhaktapur","Sirutar, Balkot, Bhaktapur",Bhaktapur,12000,2,1,,0,West,,617,900 Sq. Feet,15 Feet / Blacktopped,15 Feet , Blacktopped,N/A Sq. Feet,7 months ago,[],"Flat For Rent In Balkot,",Flat,900.0
"PRIVATE HOME URGENTLY SELLING : House For Sale In Basbari, Kathmandu","Basnsbari Road, Basbari, Kathmandu",Kathmandu,115000000,4,4,3.0,4,North East,2009.0,650,18 Aana,13 Feet / Paved,13 Feet , Paved,12 Aana,7 months ago,"['Lawn', 'Garage', 'Air Condition', 'Backyard', 'Balcony', 'Deck', 'Frontyard', 'Garden', 'Modular Kitchen', 'TV Cable', 'Washing Machine', 'Microwave', 'Wifi', 'Drainage', 'Water Supply', 'Solar Water', 'Water Well', 'Water Tank', 'CCTV', 'Electricity Backup', 'Internet', 'Security Staff']","Private Home Urgently Selling : House For Sale In Basbari,",House,6160.5
"5 Ana Land On Sale In Pepsicola, Kathmandu !! : Land For Sale In Pepsicola, Kathmandu","Pepsicola , Near Sunrise Bank, Pepsicola, Kathmandu",Kathmandu,4000000,0,0,,0,South East,,280,0-5-0-0 Aana,0 Feet,0 Feet,,N/A Aana,7 months ago,[],"5 Ana Land On Sale In Pepsicola,",Other,1711.25
"4 Ana Land On Sale In Dharmasthali, Tarakheshwor Kathamandu : Land For Sale In Tarakeshwar, Kathmandu","Dharmasthali, Tarakeshwar, Kathmandu",Kathmandu,1400000,0,0,,0,South West,,710,0-4-0-0 Aana,0 Feet,0 Feet,,N/A Aana,7 months ago,[],"4 Ana Land On Sale In Dharmasthali, Tarakheshwor Kathamandu : Land For Sale In Tarakeshwar,",Other,1369.0
"Immediate Sale Of 4 Ana Land In Vip Area Of Bhaisepati : Land For Sale In Bhaisepati, Lalitpur","Gokul Awash Bhaisepati, Bhaisepati, Lalitpur",Lalitpur,3500000,0,0,,0,South West,,617,0-4-0-0 Aana,20 Feet / Blacktopped,20 Feet , Blacktopped,N/A Aana,7 months ago,[],"Immediate Sale Of 4 Ana Land In Vip Area Of Bhaisepati : Land For Sale In Bhaisepati,",Other,1369.0
"1 Ropani Land On Sale In Macchegau, Kritipur - Can Be Plotted Into 3 Pieces : Land For Sale In Naya Bazar, Kathmandu","machchhegaun, Naya Bazar, Kathmandu",Kathmandu,1000000,0,0,,0,North East,,369,1-0-0-0 Ropani,32 Feet / Blacktopped,32 Feet , Blacktopped,N/A Aana,7 months ago,[],"1 Ropani Land On Sale In Macchegau, Kritipur - Can Be Plotted Into 3 Pieces : Land For Sale In Naya Bazar,",Other,5476.0
"5 Ana Land On Sale In Hattiban , Saatdobato : Land For Sale In Hattiban, Lalitpur","Hattiban, Hattiban, Lalitpur",Lalitpur,2300000,0,0,,0,South West,,289,0-5-0-0 Aana,13 Feet / Paved,13 Feet , Paved,N/A Aana,7 months ago,[],"5 Ana Land On Sale In Hattiban , Saatdobato : Land For Sale In Hattiban,",Other,1711.25
"House For Rent In Lekhnath, Pokhara","Lake Side, Lekhnath, Pokhara",Kathmandu,230000,0,0,,1,South East,,3.6K,0-8-0-0 Aana,32 Feet / Blacktopped,32 Feet , Blacktopped,N/A Aana,7 months ago,[],Satdobato,House,2738.0
"4 Ana Land On Sale In BhatekekoPati , Kritipur : Land For Sale In Kirtipur, Kathmandu","Bhatkepati, Kirtipur, Kathmandu",Kathmandu,2100000,0,0,,0,South East,,472,0-4-0-0 Aana,16 Feet / Gravelled,16 Feet , Gravelled,N/A Aana,7 months ago,[],"4 Ana Land On Sale In Bhatekekopati , Kritipur : Land For Sale In Kirtipur,",Other,1369.0
"House For Sale In Dhapasi, Kathmandu","Bhagawati Temple, Dhapasi, Kathmandu",Kathmandu,35000000,6,4,3.0,8,West,,304,0-6-2-0 Aana,32 Feet / Blacktopped,32 Feet , Blacktopped,N/A Aana,7 months ago,"['Balcony', 'TV Cable', 'Drainage', 'Water Well', 'Intercom', 'Internet', 'Parking']","House For Sale In Dhapasi,",House,2224.625
"Bunglow On Sale At Dhungedhara Near Nursery Chowk : House For Sale In Dhungedhara, Kathmandu","Nursery Chowk, Dhungedhara, Kathmandu",Kathmandu,140000000,7,4,,3,East,,1K,1-7-0-0 Aana,26 Feet / Blacktopped,26 Feet , Blacktopped,N/A Aana,7 months ago,"['Garden', 'Water Supply']","Bunglow On Sale At Dhungedhara Near Nursery Chowk : House For Sale In Dhungedhara,",House,7871.75
"House For Sale In Duwakot, Bhaktapur","Duwakot, Duwakot, Bhaktapur",Bhaktapur,7500000,0,0,,0,South,,1.1K,0-3-0-0 Aana,13 Feet / Gravelled,13 Feet , Gravelled,N/A Sq. Feet,7 months ago,[],"House For Sale In Duwakot,",House,1026.75
"House For Sale In Naikap, Kathmandu","Purano Naikap, Naikap, Kathmandu",Kathmandu,9500000,0,0,,0,East,,444,0-2-3-0 Aana,10 Feet / Blacktopped,10 Feet , Blacktopped,N/A Sq. Feet,7 months ago,[],"House For Sale In Naikap,",House,941.1875
"House For Sale In Bhangal, Kathmandu","Bhangal, Bhangal, Kathmandu",Kathmandu,20000000,0,0,,0,South East,,389,0-3-1-0 Aana,13 Feet / Blacktopped,13 Feet , Blacktopped,N/A Sq. Feet,8 months ago,[],"House For Sale In Bhangal,",House,1112.3125
"House For Sale In Hattigauda, Kathmandu","Hattigauda, Hattigauda, Kathmandu",Kathmandu,18000000,0,0,,0,South,,304,3 Aana,16 Feet / Blacktopped,16 Feet , Blacktopped,N/A Sq. Feet,8 months ago,[],"House For Sale In Hattigauda,",House,1026.75
"Office Space For Rent In Newroad, Kathmandu","Khichapokhari, Newroad, Kathmandu",Kathmandu,160000,0,4,6.0,0,East,2011.0,252,2400 Sq. Feet,0 Feet,0 Feet,,N/A Aana,8 months ago,"['Balcony', 'Water Supply', 'Electricity Backup', 'Lift']","Office Space For Rent In Newroad,",Other,2400.0
"House For Sale In Hattigauda, Kathmandu","Hattigauda, Hattigauda, Kathmandu",Kathmandu,35000000,0,0,,0,North,,224,7 Aana,15 Feet / Gravelled,15 Feet , Gravelled,N/A Sq. Feet,8 months ago,[],"House For Sale In Hattigauda,",House,2395.75
"House For Rent In Dharan, Dharan","British Gurkha Memorial camp, Dharan, Dharan",Kathmandu,25000,0,0,,0,East,,813,2200 Sq. Feet,13 Feet / Blacktopped,13 Feet , Blacktopped,N/A Sq. Feet,8 months ago,[],Satdobato,House,2200.0
"Land For Sale In Dakshinkali, Kathmandu","Pharping Bhimsensthan, Dakshinkali, Kathmandu",Kathmandu,150000,0,0,,0,South,,309,15-10-0-0 Ropani,20 Feet / Gravelled,20 Feet , Gravelled,N/A Aana,8 months ago,[],"Land For Sale In Dakshinkali,",Other,85562.5
"Commercial Building For Rent : Business For Rent In Budhanilkantha, Kathmandu","Budhanilkantha, Narayanthan, Budhanilkantha, Kathmandu",Kathmandu,15000,0,0,3.0,0,North West,2018.0,358,8 Aana,24 Feet / Blacktopped,24 Feet , Blacktopped,2000 Sq. Feet,8 months ago,[],"Commercial Building For Rent : Business For Rent In Budhanilkantha,",Other,2738.0
"Land For Sale At Chundevi Kathmandu : Land For Sale In Maharajgunj, Kathmandu","Chundevi, Maharajgunj, Kathmandu",Kathmandu,4500000,0,0,,0,West,,274,4 anna Aana,0 Feet,0 Feet,,N/A Aana,8 months ago,[],Land For Sale At Chundevi,Other,1369.0
"Fully Furnished : Flat For Rent In Banasthali, Kathmandu","Bhrikuti Tole, Banasthali, Kathmandu",Kathmandu,25000,1,1,,2,North,2013.0,1K,0-6-0-0 Aana,16 Feet / Blacktopped,16 Feet , Blacktopped,0-4-0-0 Aana,8 months ago,"['Balcony', 'Fencing', 'Garden', 'Microwave', 'Modular Kitchen', 'TV Cable', 'Washing Machine', 'Wifi', 'Drainage', 'Water Supply', 'Water Tank', 'Water Well', 'Electricity Backup', 'Internet', 'Kids Playground']","Fully Furnished : Flat For Rent In Banasthali,",Flat,2053.5
"Office Space For Rent In Lazimpat, Kathmandu","lazimpath marg, Lazimpat, Kathmandu",Kathmandu,35000,0,2,,1,North,,327,3 Aana,0 Feet,0 Feet,,2 Aana,8 months ago,"['Balcony', 'Frontyard', 'Water Supply', 'Drainage']","Office Space For Rent In Lazimpat,",Other,1026.75
"Land For Sale In Pepsicola, Kathmandu","Pepsicola, Sairam Chowk, Pepsicola, Kathmandu",Kathmandu,5500000,0,0,,0,East,,150,4.5 Aana,16 Feet / Blacktopped,16 Feet , Blacktopped,4.5 Aana,8 months ago,['Water Supply'],"Land For Sale In Pepsicola,",Other,1540.125
"House At Shankhamul For Sale : House For Sale In Patan, Lalitpur","Shankhamul, Patan, Lalitpur",Lalitpur,17600000,2,2,,1,North,,414,0-2-3-1 Aana,13 Feet,13 Feet,,962 Sq. Feet,8 months ago,"['Garage', 'Balcony', 'Fencing', 'Drainage', 'Water Supply', 'Water Well', 'Water Tank']","House At Shankhamul For Sale : House For Sale In Patan,",House,962.578125
"House For Sale In Kapan, Kathmandu","Ram Mandir, Kapan, Kathmandu",Kathmandu,18500000,0,0,,0,North,,323,0-3-2-0 Aana,13 Feet / Gravelled,13 Feet , Gravelled,N/A Sq. Feet,8 months ago,[],"House For Sale In Kapan,",House,1197.875
"House For Sale In Bhaisepati, Lalitpur","Wai-Wai Noodles Factory, Bhaisepati, Lalitpur",Lalitpur,25000000,0,0,3.0,0,South East,,3.7K,0-5-2-0 Aana,12 Feet / Gravelled,12 Feet , Gravelled,N/A Aana,8 months ago,"['Balcony', 'Garden', 'Modular Kitchen', 'TV Cable', 'Wifi', 'Drainage', 'Water Supply', 'Water Tank', 'Parking']","House For Sale In Bhaisepati,",House,1882.375
"House For Sale In Anamnagar, Kathmandu","manakamana colony, Anamnagar, Kathmandu",Kathmandu,33000000,5,4,4.0,1,East,2068.0,415,5 Aana,12 Feet / Blacktopped,12 Feet , Blacktopped,5 Aana,8 months ago,"['Balcony', 'Water Supply', 'Store Room', 'Backyard', 'Water Tank']","House For Sale In Anamnagar,",House,1711.25
"Flat For Rent In Balkhu, Kathmandu","Balkhu, Balkhu, Kathmandu",Kathmandu,22000,2,2,,1,South West,,550,6 Aana,13 Feet / Blacktopped,13 Feet , Blacktopped,4 Aana,8 months ago,"['Backyard', 'Balcony']","Flat For Rent In Balkhu,",Flat,2053.5
"House For Sale In Samakhusi, Kathmandu","Samakhusi Kharibot, Samakhusi, Kathmandu",Kathmandu,22500000,9,4,3.0,3,South,,8.6K,3 Aana,13 Feet / Blacktopped,13 Feet , Blacktopped,N/A Aana,8 months ago,"['Balcony', 'Modular Kitchen', 'Wifi', 'Drainage', 'Water Tank', 'Parking']","House For Sale In Samakhusi,",House,1026.75
"House For Sale In Samakhusi, Kathmandu","Samakhusi kharibot, Samakhusi, Kathmandu",Kathmandu,27500000,6,3,3.0,3,West,,10K,4 Aana,13 Feet / Blacktopped,13 Feet , Blacktopped,N/A Aana,8 months ago,"['Balcony', 'Modular Kitchen', 'TV Cable', 'Wifi', 'Drainage', 'Water Supply', 'Water Tank', 'Water Well', 'Parking']","House For Sale In Samakhusi,",House,1369.0
"House Sell On Imadol : House For Sale In Imadol, Lalitpur","kozy home, Imadol, Lalitpur",Lalitpur,23800000,6,3,3.0,1,South East,2016.0,386,4 Aana,13 Feet / Gravelled,13 Feet , Gravelled,3 Aana,8 months ago,"['Balcony', 'Water Tank', 'Water Well', 'Wifi', 'Solar Water', 'Garage']","House Sell On Imadol : House For Sale In Imadol,",House,1369.0
"House For Sale In Naikap, Kathmandu","Naikap, Naikap, Kathmandu",Kathmandu,18500000,8,0,,0,West,,4.6K,0-3-2-0 Aana,12 Feet,12 Feet,,N/A Aana,8 months ago,[],"House For Sale In Naikap,",House,1197.875
"House For Sale In Kirtipur, Kathmandu","Tyanglaphat, Kirtipur, Kathmandu",Kathmandu,33000000,12,0,,0,North,,2.1K,0-5-5-0 Aana,12 Feet / Gravelled,12 Feet , Gravelled,N/A Aana,8 months ago,[],"House For Sale In Kirtipur,",House,2139.0625
"House For Sale In Swayambhu, Kathmandu","Sano Bharyang, Swayambhu, Kathmandu",Kathmandu,23000000,10,0,3.0,0,South,,4.3K,4 Aana,12 Feet / Blacktopped,12 Feet , Blacktopped,N/A Aana,8 months ago,"['Balcony', 'Modular Kitchen', 'TV Cable', 'Wifi', 'Drainage', 'Water Supply', 'Internet', 'Parking']","House For Sale In Swayambhu,",House,1369.0
"House For Sale In Balambu, Kathmandu","Balambu Hariyali, Balambu, Kathmandu",Kathmandu,15500000,7,0,,0,South,,1.4K,3 Aana,12 Feet / Gravelled,12 Feet , Gravelled,N/A Aana,8 months ago,[],"House For Sale In Balambu,",House,1026.75
"House For Sale In Madhyapur Thimi, Bhaktapur","Nikoshera, Madhyapur Thimi, Bhaktapur",Bhaktapur,8500000,0,0,,0,East,,389,0-2-2-2 Aana,8 Meter / Soil Stabilized,8 Meter , Soil Stabilized,N/A Sq. Feet,8 months ago,[],"House For Sale In Madhyapur Thimi,",House,898.40625
"Plotted Land For Sale : Land For Sale In Budhanilkantha, Kathmandu","Taulung, Budhanilkantha, Kathmandu",Kathmandu,2000000,0,0,,0,South East,,500,"4,5,6,7,8 aana Aana",20 Feet / Gravelled,20 Feet , Gravelled,N/A Aana,8 months ago,[],"Plotted Land For Sale : Land For Sale In Budhanilkantha,",Other,15633295.5
"Land For Sale In Budhanilkantha, Kathmandu","Budhanilkantha, Budhanilkantha, Kathmandu",Kathmandu,2225000,0,0,,0,North,,291,0-9-2-2 Aana,15 Feet / Gravelled,15 Feet , Gravelled,N/A Sq. Feet,8 months ago,[],"Land For Sale In Budhanilkantha,",Other,3294.15625
"House For Sale In Dhumbarahi, Kathmandu","Dhumbarahi Temple, Dhumbarahi, Kathmandu",Kathmandu,19000000,0,0,,0,East,,555,0-2-3-0 Aana,10 Feet / Blacktopped,10 Feet , Blacktopped,N/A Sq. Feet,8 months ago,[],"House For Sale In Dhumbarahi,",House,941.1875
"House For Sale In Basundhara, Kathmandu","Basundhara - Wedding Hall, Basundhara, Kathmandu",Kathmandu,29800000,0,0,,0,West,,1.3K,0-5-2-0 Aana,15 Feet / Blacktopped,15 Feet , Blacktopped,N/A Sq. Feet,8 months ago,[],"House For Sale In Basundhara,",House,1882.375
"Land For Sale In Kalanki, Kathmandu","Maitrinagar, Kalanki, Kathmandu",Kathmandu,3500000,0,0,,0,North,,2.3K,5 Aana,14 Feet / Gravelled,14 Feet , Gravelled,N/A Aana,8 months ago,['Water Well'],"Land For Sale In Kalanki,",Other,1711.25
"House For Rent In Gokarneshwor, Kathmandu","Near Gokarna Mahadev Temple, Gokarneshwor, Kathmandu",Kathmandu,17000,3,3,,2,West,2019.0,371,0-4-0-0 Aana,17 Feet / Soil Stabilized,17 Feet , Soil Stabilized,0-4-0-0 Aana,8 months ago,"['Lawn', 'Garage', 'Balcony']","House For Rent In Gokarneshwor,",House,1369.0
"Business For Rent In Jawalakhel, Lalitpur","Vianet Communications Pvt. Ltd., Jawalakhel, Lalitpur",Lalitpur,200000,0,0,,0,North,,1.2K,615 Sq. Feet,35 Feet / Blacktopped,35 Feet , Blacktopped,N/A Sq. Feet,8 months ago,[],"Business For Rent In Jawalakhel,",Other,615.0
"House For Sale In Budhanilkantha, Kathmandu","Bhangal, Budhanilkantha, Kathmandu",Kathmandu,26200000,13,0,,0,West,,304,0-5-5-0 Aana,13 Feet / Blacktopped,13 Feet , Blacktopped,N/A Sq. Feet,8 months ago,[],"House For Sale In Budhanilkantha,",House,2139.0625
"House For Sale In Tathali, Kathmandu","Tathali, Tathali, Kathmandu",Kathmandu,4600000,0,0,1.0,0,North,,402,3 Aana,13 Feet / Soil Stabilized,13 Feet , Soil Stabilized,N/A Sq. Feet,8 months ago,[],"House For Sale In Tathali,",House,1026.75
"Land For Sale In Lubhu, Lalitpur","Lubhu, Lubhu, Lalitpur",Lalitpur,1000000,0,0,,0,North,,424,5 Aana,17 Feet / Gravelled,17 Feet , Gravelled,N/A Aana,8 months ago,[],"Land For Sale In Lubhu,",Other,1711.25
"House For Sale : House For Sale In Nakkhu, Lalitpur","Naakhu, Nakkhu, Lalitpur",Lalitpur,26500000,4,4,3.0,1,South West,2075.0,238,0-4-0-0 Sq. Feet,16 Feet / Gravelled,16 Feet , Gravelled,752 Sq. Feet,8 months ago,"['TV Cable', 'Water Well', 'Drainage', 'Modular Kitchen', 'Internet', 'Backyard', 'Garden', 'Store Room', 'Water Tank', 'Electricity Backup', 'Water Supply', 'Balcony', 'Parking']","House For Sale : House For Sale In Nakkhu,",House,1369.0
"Urgent Sale 8 Aana Land At Gaushala : Land For Sale In Gaushala, Kathmandu","Gaushala, Gaushala, Kathmandu",Kathmandu,8500000,0,0,,0,South,,681,0-8-0-1 Aana,13 Feet / Blacktopped,13 Feet , Blacktopped,N/A Aana,8 months ago,[],"Urgent Sale 8 Aana Land At Gaushala : Land For Sale In Gaushala,",Other,2759.390625
"Flat For Rent In Nagarjun, Kathmandu","Ramkot, Nagarjun, Kathmandu",Kathmandu,40000,0,2,,0,South,,161,1400 Sq. Feet,11 Meter / Gravelled,11 Meter , Gravelled,1400 Sq. Feet,8 months ago,[],"Flat For Rent In Nagarjun,",Flat,1400.0
"House For Sale Siddhartha Colony : House For Sale In Budhanilkantha, Kathmandu","Siddhartha Colony, Budhanilkantha, Kathmandu",Kathmandu,41000000,5,4,2.0,2,East,2073.0,2.2K,0-8-1-0 Aana,13 Feet / Blacktopped,13 Feet , Blacktopped,2500 Sq. Feet,8 months ago,[],"House For Sale Siddhartha Colony : House For Sale In Budhanilkantha,",House,2823.5625
"Land For Sale In Mulpani, Kathmandu","Mulpani Kathamandu enginnering College, Mulpani, Kathmandu",Kathmandu,550000,0,0,,0,South East,,626,3-8-0-0 Ropani,20 Feet / Soil Stabilized,20 Feet , Soil Stabilized,N/A Sq. Feet,8 months ago,[],"Land For Sale In Mulpani,",Other,19166.0
"House For Rent In Dhobighat, Lalitpur","Dhobighat Thadodhunga, Dhobighat, Lalitpur",Lalitpur,175000,0,0,,0,West,,272,2200 Sq. Feet,15 Feet / Blacktopped,15 Feet , Blacktopped,N/A Sq. Feet,8 months ago,[],"House For Rent In Dhobighat,",House,2200.0
"House For Sale In Basundhara, Kathmandu","Basundhara, Basundhara, Kathmandu",Kathmandu,42000000,11,0,,0,West,,251,7 Aana,15 Feet / Blacktopped,15 Feet , Blacktopped,N/A Sq. Feet,8 months ago,[],"House For Sale In Basundhara,",House,2395.75
"Flat For Rent In Dhapasi, Kathmandu","Tokha Rd, Dhapasi, Kathmandu",Kathmandu,15000,2,1,4.0,1,East,2015.0,408,968sqft Sq. Feet,32 Feet / Blacktopped,32 Feet , Blacktopped,N/A Sq. Feet,8 months ago,"['Lawn', 'Garage', 'Air Condition', 'Backyard', 'Balcony', 'Deck', 'Fencing', 'Frontyard', 'Garden', 'Gym', 'Microwave', 'Modular Kitchen', 'Swimming Pool', 'TV Cable', 'Washing Machine']","Flat For Rent In Dhapasi,",Flat,968.0
"House For Sale In Surkhet Bazar, Surkhet","Surkhet, Surkhet Bazar, Surkhet",Kathmandu,20000000,0,0,,0,North,,420,162 Sq. Feet,20 Feet / Blacktopped,20 Feet , Blacktopped,N/A Sq. Feet,8 months ago,"['Balcony', 'TV Cable', 'Water Well', 'Parking']",Satdobato,House,162.0
"Land For Sale In Kageshwari-Manohara, Kathmandu","Aalapot, Kageshwari-Manohara, Kathmandu",Kathmandu,2800000,0,0,,0,North,,218,5 Aana,10 Feet / Soil Stabilized,10 Feet , Soil Stabilized,N/A Sq. Feet,8 months ago,[],"Land For Sale In Kageshwari-Manohara,",Other,1711.25
"Land For Sale In Duwakot, Bhaktapur","KMC, Duwakot, Bhaktapur",Bhaktapur,1800000,0,0,,0,North,,241,30 Aana,20 Feet / Blacktopped,20 Feet , Blacktopped,N/A Sq. Feet,8 months ago,[],"Land For Sale In Duwakot,",Other,10267.5
"Land For Sale In Saraswatikhel, Bhaktapur","Saraswotikhel Bus Stop, Saraswatikhel, Bhaktapur",Bhaktapur,1300000,0,0,,0,West,,309,10 Aana,13 Feet / Gravelled,13 Feet , Gravelled,N/A Sq. Feet,8 months ago,[],"Land For Sale In Saraswatikhel,",Other,3422.5
"House For Sale In Kapan, Kathmandu","Bhangal, Kapan, Kathmandu",Kathmandu,21500000,0,0,,0,North East,,195,0-3-1-0 Sq. Feet,16 Feet / Blacktopped,16 Feet , Blacktopped,N/A Sq. Feet,8 months ago,[],"House For Sale In Kapan,",House,1112.3125
"Land For Sale In Chhauni, Kathmandu","Chhauni Military Barrack, Chhauni, Kathmandu",Kathmandu,2500000,0,0,,0,East,,298,0-3-3-0 Aana,10 Feet / Soil Stabilized,10 Feet , Soil Stabilized,N/A Aana,8 months ago,[],"Land For Sale In Chhauni,",Other,1283.4375
"House For Sale In Budhanilkantha, Kathmandu","Jyoti Nagar, Budhanilkantha, Kathmandu",Kathmandu,25500000,6,4,3.0,2,East,,288,4.5 Aana,13 Feet / Blacktopped,13 Feet , Blacktopped,4 Aana,8 months ago,['Garden'],"House For Sale In Budhanilkantha,",House,1540.125
"House For Sale In Kapan, Kathmandu","Kharibot Chowk Bus Stop, Kapan, Kathmandu",Kathmandu,15000000,0,0,,0,East,2073.0,414,3 Aana,10 Feet / Blacktopped,10 Feet , Blacktopped,N/A Aana,8 months ago,[],"House For Sale In Kapan,",House,1026.75
"KAPURDHARA NEW HOME : House For Sale In Kapurdhara, Kathmandu","Kapurdhara, Kapurdhara, Kathmandu",Kathmandu,32000000,5,5,,2,East,,489,4 Aana,13 Feet / Blacktopped,13 Feet , Blacktopped,N/A Aana,8 months ago,"['Modular Kitchen', 'Water Supply', 'Solar Water', 'TV Cable', 'Drainage', 'Balcony']","Kapurdhara New Home : House For Sale In Kapurdhara,",House,1369.0
"House For Sale In Bharatpur, Chitwan","Bharatpur lanku -trichok, Bharatpur, Chitwan",Kathmandu,5000000,0,0,,0,North,,378,6 Dhur,6 Meter / Gravelled,6 Meter , Gravelled,N/A Sq. Feet,8 months ago,[],Satdobato,House,437400.0
"Stay In The Green : Land For Sale In Baghdol, Lalitpur","Awas, Magar Ghau, Shital Colony, Baghdol, Lalitpur",Lalitpur,2900000,0,0,0.0,0,South East,,251,4 Aana,22 Feet / Concrete,22 Feet , Concrete,N/A Sq. Feet,8 months ago,[],"Stay In The Green : Land For Sale In Baghdol,",Other,1369.0
"Land For Sale In Imadol, Lalitpur","Boje Pokhari, Imadol, Lalitpur",Lalitpur,2700000,0,0,,0,South,,290,0-3-1-0 Aana,10 Feet / Soil Stabilized,10 Feet , Soil Stabilized,N/A Sq. Feet,8 months ago,[],"Land For Sale In Imadol,",Other,1112.3125
"House For Sale In Pepsicola, Kathmandu","House no 22 Khare Chowk, Pepsicola, Kathmandu",Kathmandu,32000000,6,3,3.0,2,South,2074.0,260,0-4-1-0 Sq. Feet,30 Feet / Soil Stabilized,30 Feet , Soil Stabilized,0-4-1-0 Sq. Feet,8 months ago,"['Balcony', 'Garden', 'TV Cable', 'Wifi', 'Water Supply', 'Internet', 'Parking']","House For Sale In Pepsicola,",House,1454.5625
"Flat For Rent In Kirtipur, Kirtipur","Kirtipur Sasa Newa The Restro, Kirtipur, Kathmandu",Kathmandu,15000,0,0,,0,West,,307,900 Sq. Feet,15 Feet / Gravelled,15 Feet , Gravelled,N/A Sq. Feet,8 months ago,[],Satdobato,Flat,900.0
"House For Sale In Dadikot, Bhaktapur","Dadhikot, Dadikot, Bhaktapur",Bhaktapur,11500000,0,0,,0,North,,587,0-3-0-3 Aana,12 Feet / Gravelled,12 Feet , Gravelled,N/A Sq. Feet,8 months ago,[],"House For Sale In Dadikot,",House,1090.921875
"Land For Sale In Goldhunga, Kathmandu","Goldhunga, Goldhunga, Kathmandu",Kathmandu,1500000,0,0,,0,South,,280,0-3-3-0 Aana,13 Feet / Gravelled,13 Feet , Gravelled,N/A Sq. Feet,8 months ago,[],"Land For Sale In Goldhunga,",Other,1283.4375
"Land For Sale In Chabahil, Kathmandu","Bhadrabas, Chabahil, Kathmandu",Kathmandu,1200000,0,0,,0,North,,455,0-4-2-3 Aana,20 Feet / Soil Stabilized,20 Feet , Soil Stabilized,N/A Sq. Feet,8 months ago,[],"Land For Sale In Chabahil,",Other,1604.296875
"Hotel On Sale : Business For Sale In Devkota Chowk, Bhairahawa","Nearby Gallamandi Road, Devkota Chowk, Bhairahawa",Kathmandu,125000000,16,20,3.0,1,North,,637,32 Aana,55 Feet,55 Feet,,10000 Aana,8 months ago,"['Lawn', 'Air Condition', 'Microwave', 'TV Cable', 'Washing Machine', 'Wifi', 'Drainage', 'Water Supply', 'Water Tank', 'CCTV', 'Cafeteria', 'Electricity Backup', 'Internet', 'Maintenance']",Satdobato,Other,10952.0
"Land For Sale In Boudha, Kathmandu","Boudha Road Town planning, Boudha, Kathmandu",Kathmandu,5400000,0,0,,0,South,,256,4 Aana,6 Meter / Blacktopped,6 Meter , Blacktopped,N/A Sq. Feet,8 months ago,[],"Land For Sale In Boudha,",Other,1369.0
"House For Sale In Gothatar, Kathmandu","Mantar Chowk, Gothatar, Kathmandu",Kathmandu,14000000,8,0,3.0,0,West,,911,0-2-2-0 Aana,13 Feet / Gravelled,13 Feet , Gravelled,N/A Sq. Feet,8 months ago,[],"House For Sale In Gothatar,",House,855.625
"Office Space For Rent In Gyaneshwor, Kathmandu","Gyaneshwor, Gyaneshwor, Kathmandu",Kathmandu,250000,0,0,4.0,0,West,,1.5K,3000 Sq. Feet,20 Meter / Blacktopped,20 Meter , Blacktopped,N/A Sq. Feet,8 months ago,[],"Office Space For Rent In Gyaneshwor,",Other,3000.0
"House For Sale In Bharatpur, Chitwan","Tri Chowk bharatpur, Bharatpur, Chitwan",Kathmandu,5000000,2,1,1.0,0,South,,278,6 Dhur,6 Meter / Blacktopped,6 Meter , Blacktopped,N/A Dhur,8 months ago,[],Satdobato,House,437400.0
"House For Sale In Hattiban, Lalitpur","Little Angels School, Hattiban, Lalitpur",Lalitpur,49500000,0,0,,0,East,,11.9K,9 Aana,16 Feet / Blacktopped,16 Feet , Blacktopped,N/A Aana,8 months ago,[],"House For Sale In Hattiban,",House,3080.25
"13 Anna Land On Sale At Balambu : Land For Sale In Balambu, Kathmandu","gurjhudhara, Balambu, Kathmandu",Kathmandu,1700000,0,0,,0,East,,233,13 Aana,16 Feet,16 Feet,,N/A Aana,8 months ago,[],"13 Anna Land On Sale At Balambu : Land For Sale In Balambu,",Other,4449.25
"0-4-2-3 Anna Land On Sale At Baad Bhanjyang : Land For Sale In Chandragiri, Kathmandu","baad bhanjyang, Chandragiri, Kathmandu",Kathmandu,1100000,0,0,,0,North East,,301,0-4-2-3 Aana,13 Feet,13 Feet,,N/A Aana,8 months ago,[],"0-4-2-3 Anna Land On Sale At Baad Bhanjyang : Land For Sale In Chandragiri,",Other,1604.296875
"Land On Sale At Gairidhara Kathmandu : Land For Sale In Gairidhara, Kathmandu","Gairidhara Road, Gairidhara, Kathmandu",Kathmandu,10000000,0,0,,0,East,,317,0-4-0-0 Aana,13 Feet / Blacktopped,13 Feet , Blacktopped,N/A Aana,8 months ago,[],Land On Sale At Gairidhara,Other,1369.0
"Land On Sale At Manbhawan Lalitpur : Land For Sale In Jawalakhel, Lalitpur","Lokeshwor Tole, Jawalakhel, Lalitpur",Lalitpur,8500000,0,0,,0,North West,,248,1-0-0-0 Aana,13 Feet / Blacktopped,13 Feet , Blacktopped,N/A Aana,8 months ago,[],Land On Sale At Manbhawan,Other,5476.0
"House For Sale In Goldhunga, Kathmandu","Goldhunga, Goldhunga, Kathmandu",Kathmandu,25000000,0,0,,0,North,,211,10 Sq. Feet,15 Feet,15 Feet,,N/A Sq. Feet,8 months ago,[],"House For Sale In Goldhunga,",House,10.0
"House For Sale In Dhading, Dhading","Dhading Mankamana tol, Dhading, Dhading",Kathmandu,9500000,0,0,2.0,0,North,,157,5 Aana,15 Feet / Soil Stabilized,15 Feet , Soil Stabilized,N/A Sq. Feet,8 months ago,[],Satdobato,House,1711.25
"House On Sale At Dhobighat : House For Sale In Dhobighat, Lalitpur","Naya Bato, Dhobighat, Lalitpur",Lalitpur,80000000,5,5,,4,East,2069.0,544,0-9-0-0 Aana,20 Feet / Blacktopped,20 Feet , Blacktopped,N/A Aana,8 months ago,[],"House On Sale At Dhobighat : House For Sale In Dhobighat,",House,3080.25
"House For Sale In Kadaghari, Kathmandu","HarHar Mahadev Chowk, Kadaghari, Kathmandu",Kathmandu,17000000,5,2,3.0,1,East,2076.0,531,3 Aana,12 Feet / Blacktopped,12 Feet , Blacktopped,N/A Aana,8 months ago,"['Garage', 'Fencing', 'Water Tank']","House For Sale In Kadaghari,",House,1026.75
"Flat For Rent In Lokanthali, Bhaktapur","Lokanthali, Lokanthali, Bhaktapur",Bhaktapur,18000,2,1,,0,North,,376,900 Sq. Feet,15 Feet / Gravelled,15 Feet , Gravelled,N/A Sq. Feet,8 months ago,[],"Flat For Rent In Lokanthali,",Flat,900.0
"Business For Rent In Pepsicola, Kathmandu","Pepsicola, Pepsicola, Kathmandu",Kathmandu,40000,0,0,,0,West,,301,800 Sq. Feet,15 Feet / Blacktopped,15 Feet , Blacktopped,N/A Sq. Feet,8 months ago,[],"Business For Rent In Pepsicola,",Other,800.0
"Flat For Rent In Pepsicola, Kathmandu","Pepsicola, Pepsicola, Kathmandu",Kathmandu,15000,1,1,,0,West,,583,700 Sq. Feet,15 Feet / Gravelled,15 Feet , Gravelled,N/A Sq. Feet,8 months ago,[],"Flat For Rent In Pepsicola,",Flat,700.0
"House For Sale In Imadol, Lalitpur","bhadrakali imadol, Imadol, Lalitpur",Lalitpur,10000000,2,2,1.0,1,North East,,3.1K,3 Aana,13 Feet / Blacktopped,13 Feet , Blacktopped,N/A Aana,8 months ago,"['TV Cable', 'Drainage', 'Water Supply', 'Water Well', 'Internet', 'Parking']","House For Sale In Imadol,",House,1026.75
"House For Sale In Imadol, Lalitpur","Imadol, way to tikathali, Imadol, Lalitpur",Lalitpur,30000000,9,5,4.0,3,North West,2076.0,919,0-3-2-0 Aana,33 Feet / Blacktopped,33 Feet , Blacktopped,0-3-0-0 Aana,8 months ago,"['Garage', 'Balcony', 'Store Room', 'Parking', 'Water Well', 'Water Tank']","House For Sale In Imadol,",House,1197.875
"Land For Sale In Bhaisepati, Lalitpur","Bhaisepati, Bhaisepati, Lalitpur",Lalitpur,4500000,0,0,,0,West,,239,8 Aana,15 Feet / Gravelled,15 Feet , Gravelled,N/A Sq. Feet,8 months ago,[],"Land For Sale In Bhaisepati,",Other,2738.0
"Land For Sale In Sitapaila, Kathmandu","Nagarjun Municipality Office, Sitapaila, Kathmandu",Kathmandu,1200000,0,0,,0,South,,433,0-4-2-0 Aana,12 Feet / Gravelled,12 Feet , Gravelled,N/A Sq. Feet,8 months ago,[],"Land For Sale In Sitapaila,",Other,1540.125
"Land For Sale In Naikap, Kathmandu","Purano Naikap, Naikap, Kathmandu",Kathmandu,1300000,0,0,,0,West,,1.4K,10 Aana,10 Feet / Soil Stabilized,10 Feet , Soil Stabilized,N/A Aana,8 months ago,[],"Land For Sale In Naikap,",Other,3422.5
"Land For Sale In Naikap, Kathmandu","Purano Naikap, Naikap, Kathmandu",Kathmandu,1700000,0,0,,0,South,,3.4K,4 Aana,10 Feet / Soil Stabilized,10 Feet , Soil Stabilized,N/A Aana,8 months ago,[],"Land For Sale In Naikap,",Other,1369.0
"Sukedhara, Jyotinagar House For Sell : House For Sale In Budhanilkantha, Kathmandu","Sukedhara, Jyoti Nagar, Budhanilkantha, Kathmandu",Kathmandu,22500000,0,3,3.0,2,East,,344,3.5 Aana,13 Feet / Paved,13 Feet , Paved,3 Aana,8 months ago,['Balcony'],"Sukedhara, Jyotinagar House For Sell : House For Sale In Budhanilkantha,",House,1197.875
"Land For Sale In Sanepa, Lalitpur","Everest Engineering College, Sanepa, Lalitpur",Lalitpur,5500000,0,0,,0,West,,690,8 Aana,15 Feet / Concrete,15 Feet , Concrete,N/A Aana,8 months ago,[],"Land For Sale In Sanepa,",Other,2738.0
"Land For Sale In Sanepa, Lalitpur","Chaudhary Group, Sanepa, Lalitpur",Lalitpur,7000000,0,0,,0,West,,688,11 Aana,15 Feet / Blacktopped,15 Feet , Blacktopped,N/A Aana,8 months ago,[],"Land For Sale In Sanepa,",Other,3764.75
"Land For Sale In Sanepa, Lalitpur","Sanepa Heights Road, Sanepa, Lalitpur",Lalitpur,5500000,0,0,,0,West,,517,12 Aana,13 Feet / Concrete,13 Feet , Concrete,N/A Aana,8 months ago,[],"Land For Sale In Sanepa,",Other,4107.0
"House For Sale In Kadaghari, Kathmandu","Hattidada Gothatar 9, Kadaghari, Kathmandu",Kathmandu,22000000,11,0,2.0,0,West,,351,5 Aana,15 Feet / Gravelled,15 Feet , Gravelled,N/A Sq. Feet,8 months ago,[],"House For Sale In Kadaghari,",House,1711.25
"Shivam Guest House : Land For Sale In Buddha Bhumi Nagarpalika, Kapilvastu","Near Shree Laxmi Narayan Rd, Krishnanagar, Buddha Bhumi Nagarpalika, Kapilvastu",Kathmandu,37000000,0,0,0.0,0,East,,151,8520 Sq. Feet,0 Feet / Paved,0 Feet , Paved,N/A Sq. Feet,8 months ago,[],Satdobato,House,8520.0
"House For Sale In Gothatar, Kathmandu","Gothatar, Gothatar, Kathmandu",Kathmandu,36000000,0,0,,0,South,,255,0-6-3-0 Aana,20 Feet / Gravelled,20 Feet , Gravelled,N/A Aana,8 months ago,[],"House For Sale In Gothatar,",House,2310.1875
"House For Sale In Kadaghari, Kathmandu","Gandhi Adarsha H. S. School/College, Kadaghari, Kathmandu",Kathmandu,13200000,7,0,2.0,0,North,,414,0-2-2-0 Aana,13 Feet / Gravelled,13 Feet , Gravelled,N/A Sq. Feet,8 months ago,[],"House For Sale In Kadaghari,",House,855.625
"House For Sale In Kapan, Kathmandu","Ramhity Pragati Chowk, Kapan, Kathmandu",Kathmandu,29000000,18,0,4.0,0,North,,279,0-4-1-0 Aana,32 Feet / Gravelled,32 Feet , Gravelled,N/A Sq. Feet,8 months ago,[],"House For Sale In Kapan,",House,1454.5625
"House For Rent In Bhaktapur, Bhaktapur","Bhaktapur, Bhaktapur, Bhaktapur",Bhaktapur,80000,5,4,,0,South,,502,2200 Sq. Feet,15 Feet / Blacktopped,15 Feet , Blacktopped,N/A Sq. Feet,8 months ago,[],House For Rent In,House,2200.0
"House For Sale In Sitapaila, Kathmandu","Padma colony, Sitapaila, Kathmandu",Kathmandu,20500000,0,0,,0,West,,481,5 Aana,20 Feet / Blacktopped,20 Feet , Blacktopped,N/A Sq. Feet,8 months ago,[],"House For Sale In Sitapaila,",House,1711.25
"House For Sale In Tahachal, Kathmandu","Tahachal, Tahachal, Kathmandu",Kathmandu,27000000,3,4,,1,North,2018.0,452,3.5 Aana,0 Feet,0 Feet,,3 Aana,8 months ago,[],"House For Sale In Tahachal,",House,1197.875
"Land For Sale In Sanepa, Lalitpur","Jhamsikhel, Sanepa, Lalitpur",Lalitpur,8000000,0,0,,0,West,,310,6 Aana,0 Feet,0 Feet,,N/A Aana,8 months ago,[],"Land For Sale In Sanepa,",Other,2053.5
"House For Sale In Balaju, Kathmandu","Balaju, Balaju, Kathmandu",Kathmandu,12000000,0,0,,0,West,,672,0-3-5-0 Aana,26 Feet / Blacktopped,26 Feet , Blacktopped,N/A Sq. Feet,8 months ago,[],"House For Sale In Balaju,",House,1454.5625
"House For Sale In Imadol, Lalitpur","Imadol, Imadol, Lalitpur",Lalitpur,19500000,5,3,3.0,0,North,2076.0,1.4K,0-3-2-0 Aana,13 Feet / Gravelled,13 Feet , Gravelled,N/A Aana,8 months ago,[],"House For Sale In Imadol,",House,1197.875
"Flat For Rent In Biratnagar, Morang","Biratnagar, Biratnagar, Morang",Kathmandu,15000,3,1,,0,North,,265,1300 Sq. Feet,13 Feet / Gravelled,13 Feet , Gravelled,N/A Sq. Feet,8 months ago,[],Satdobato,Flat,1300.0
"Office Space For Rent In Tinkune, Kathmandu","Tinkune Park, Tinkune, Kathmandu",Kathmandu,25000,0,0,,0,North,,384,1000 Sq. Feet,0 Feet,0 Feet,,N/A Sq. Feet,8 months ago,[],"Office Space For Rent In Tinkune,",Other,1000.0
"House For Sale In Basundhara, Kathmandu","HERALD INT'L COLLEGE & H.S.S., Basundhara, Kathmandu",Kathmandu,19500000,0,0,,0,North,,524,0-3-5-0 Aana,13 Feet / Blacktopped,13 Feet , Blacktopped,N/A Sq. Feet,8 months ago,[],"House For Sale In Basundhara,",House,1454.5625
"Land For Sale In Dhobighat, Lalitpur","Sunrise Towers, Dhobighat, Lalitpur",Lalitpur,3700000,0,0,,0,East,,530,4 Aana,5 Feet / Blacktopped,5 Feet , Blacktopped,N/A Aana,8 months ago,[],"Land For Sale In Dhobighat,",Other,1369.0
"Land For Sale In Sankhu, Kathmandu","Sankhu Road, Sankhu, Kathmandu",Kathmandu,1350000,0,0,,0,North,,179,10 Aana,13 Feet / Soil Stabilized,13 Feet , Soil Stabilized,N/A Sq. Feet,8 months ago,[],"Land For Sale In Sankhu,",Other,3422.5
"Land For Sale In Boudha, Kathmandu","Townplanning, Boudha, Kathmandu",Kathmandu,3700000,0,0,,0,West,,251,4 Aana,12 Feet / Gravelled,12 Feet , Gravelled,N/A Sq. Feet,8 months ago,[],"Land For Sale In Boudha,",Other,1369.0
"Land For Sale : Land For Sale In Chandragiri, Kathmandu","chekpost ,thankot ,chandragiri, Chandragiri, Kathmandu",Kathmandu,1500000,0,0,,0,West,,493,0-4-0-0 Aana,20 Feet / Blacktopped,20 Feet , Blacktopped,N/A Aana,8 months ago,[],"Land For Sale : Land For Sale In Chandragiri,",Other,1369.0
"Land For Sale : Land For Sale In Chandragiri, Kathmandu","cable car bottom station, Chandragiri, Kathmandu",Kathmandu,1600000,0,0,,0,East,,449,0-5-0-1 Aana,13 Feet / Blacktopped,13 Feet , Blacktopped,N/A Aana,8 months ago,[],"Land For Sale : Land For Sale In Chandragiri,",Other,1732.640625
"House For Sale In Kapan, Kathmandu","Jyoti Nagar Road, Kapan, Kathmandu",Kathmandu,26500000,11,5,3.0,0,East,,253,4 Aana,13 Feet / Blacktopped,13 Feet , Blacktopped,N/A Sq. Feet,8 months ago,[],"House For Sale In Kapan,",House,1369.0
"House For Sale In Kapan, Kathmandu","Valley Public H.S. School, Kapan, Kathmandu",Kathmandu,25500000,11,0,3.0,0,North,,2.2K,0-4-0-0 Aana,13 Feet / Blacktopped,13 Feet , Blacktopped,N/A Sq. Feet,8 months ago,[],"House For Sale In Kapan,",House,1369.0
"House For Sale In Naikap, Kathmandu","Naikap Naya Bhanjyang, Naikap, Kathmandu",Kathmandu,29500000,5,2,3.0,1,South,2067.0,1.9K,0-6-3-3 Aana,15 Feet / Blacktopped,15 Feet , Blacktopped,N/A Aana,8 months ago,"['Balcony', 'Garden', 'TV Cable', 'Drainage', 'Water Supply', 'Solar Water', 'Water Tank', 'Water Well', 'Internet', 'Parking', 'Store Room']","House For Sale In Naikap,",House,2374.359375
"House For Sale In Sukedhara Ektabasti : House For Sale In Budhanilkantha, Kathmandu","Sukedhara, Budhanilkantha, Kathmandu",Kathmandu,23500000,0,3,3.0,2,East,2018.0,530,4.1 Aana,13 Feet / Blacktopped,13 Feet , Blacktopped,3.5 Aana,8 months ago,['Balcony'],"House For Sale In Sukedhara Ektabasti : House For Sale In Budhanilkantha,",House,1403.225
"House For Sale In Imadol, Lalitpur","Nayabasti, Imadol, Lalitpur",Lalitpur,15000000,4,3,3.0,0,South,,998,0-2-2-0 Aana,13 Feet / Gravelled,13 Feet , Gravelled,N/A Sq. Feet,8 months ago,[],"House For Sale In Imadol,",House,855.625
"House For Sale In Imadol, Lalitpur","Krishna Temple, Imadol, Lalitpur",Lalitpur,19000000,4,3,3.0,0,South East,,587,0-3-0-3 Aana,10 Feet / Gravelled,10 Feet , Gravelled,N/A Sq. Feet,8 months ago,[],"House For Sale In Imadol,",House,1090.921875
"House For Sale In Imadol, Lalitpur","Nayabasti, Imadol, Lalitpur",Lalitpur,15000000,4,3,3.0,0,South,,1K,0-2-2-0 Aana,13 Feet / Gravelled,13 Feet , Gravelled,N/A Aana,8 months ago,[],"House For Sale In Imadol,",House,855.625
"Business For Sale In Basantapur, Kathmandu","Basantapur Durbar Square, Basantapur, Kathmandu",Kathmandu,1700000,0,0,,0,South East,,1.9K,200 Sq. Feet,30 Feet / Blacktopped,30 Feet , Blacktopped,N/A Sq. Feet,8 months ago,[],"Business For Sale In Basantapur,",Other,200.0
"House For Sale In Imadol, Lalitpur","Imadol Swimming Pool, Imadol, Lalitpur",Lalitpur,23500000,4,3,3.0,0,South,,300,0-3-3-0 Aana,20 Feet / Gravelled,20 Feet , Gravelled,N/A Sq. Feet,8 months ago,"['Balcony', 'Modular Kitchen', 'Wifi', 'Drainage', 'Water Tank', 'Parking']","House For Sale In Imadol,",House,1283.4375
"House For Sale In Imadol, Lalitpur","Nayabasti, Imadol, Lalitpur",Lalitpur,18000000,5,4,3.0,0,North West,,4.1K,3 Aana,11 Feet / Gravelled,11 Feet , Gravelled,N/A Sq. Feet,8 months ago,"['Balcony', 'Modular Kitchen', 'Wifi', 'Drainage', 'Water Tank', 'Water Well', 'Parking']","House For Sale In Imadol,",House,1026.75
"House For Sale In Imadol, Lalitpur","Korean Church, Imadol, Lalitpur",Lalitpur,18500000,3,3,3.0,2,South,2076.0,2K,0-3-1-0 Aana,13 Feet / Gravelled,13 Feet , Gravelled,N/A Aana,8 months ago,"['Balcony', 'Modular Kitchen', 'TV Cable', 'Wifi', 'Drainage', 'Water Tank', 'Water Well', 'Internet', 'Parking']","House For Sale In Imadol,",House,1112.3125
"House For Sale In Itahari, Sunsari","Itahari, Itahari, Sunsari",Kathmandu,15000000,0,0,,0,North,,312,9 Dhur,20 Feet / Blacktopped,20 Feet , Blacktopped,N/A Sq. Feet,8 months ago,[],Satdobato,House,656100.0
"House For Sale In Tokha, Kathmandu","Panchetar, Tokha, Kathmandu",Kathmandu,24500000,7,3,3.0,0,South East,,301,0-4-2-0 Aana,10 Feet / Gravelled,10 Feet , Gravelled,N/A Sq. Feet,8 months ago,[],"House For Sale In Tokha,",House,1540.125
"House For Sale In Baneshwor, Kathmandu","Buddhanagar, Baneshwor, Kathmandu",Kathmandu,33000000,0,0,3.0,3,South,,4.3K,0-4-2-0 Aana,8 Feet / Gravelled,8 Feet , Gravelled,N/A Sq. Feet,8 months ago,[],"House For Sale In Baneshwor,",House,1540.125
"6 Aana Land Sale At Minbhawan : Land For Sale In Minbhawan, Kathmandu","Aloknagar, Minbhawan, Kathmandu",Kathmandu,6500000,0,0,,0,South East,,268,0-6-0-0 Aana,20 Feet,20 Feet,,N/A Aana,8 months ago,[],"6 Aana Land Sale At Minbhawan : Land For Sale In Minbhawan,",Other,2053.5
"Shankhamul 12 Aana Land Sale : Land For Sale In Baneshwor, Kathmandu","Shankhamul, Baneshwor, Kathmandu",Kathmandu,6500000,0,0,,0,East,,324,0-12-0-0 Aana,20 Feet,20 Feet,,N/A Aana,8 months ago,[],"Shankhamul 12 Aana Land Sale : Land For Sale In Baneshwor,",Other,4107.0
"12 Aana Land Dhobighat : Land For Sale In Dhobighat, Lalitpur","Thadodhunga, Dhobighat, Lalitpur",Lalitpur,6500000,0,0,,0,North,,312,0-12-0-0 Aana,20 Feet,20 Feet,,N/A Aana,8 months ago,[],"12 Aana Land Dhobighat : Land For Sale In Dhobighat,",Other,4107.0
"Land For Sale In Sanepa, Lalitpur","Sanepa, Sanepa, Lalitpur",Lalitpur,5500000,0,0,,0,South East,,248,1-0-0-0 Aana,13 Feet,13 Feet,,N/A Aana,8 months ago,[],"Land For Sale In Sanepa,",Other,5476.0
"House For Sale In Damak, Jhapa","Damak, Damak, Jhapa",Kathmandu,19000000,0,0,2.0,0,East,,300,21 Dhur,15 Feet / Gravelled,15 Feet , Gravelled,N/A Dhur,8 months ago,[],Satdobato,House,1530900.0
"48lak House Cheap : House For Sale In Sanepa, Lalitpur","sanepa, Sanepa, Lalitpur",Lalitpur,4800000,2,1,1.0,1,West,2018.0,859,3 Aana,13 Feet / Gravelled,13 Feet , Gravelled,540 Sq. Feet,8 months ago,"['Garden', 'Modular Kitchen', 'Wifi', 'Water Tank', 'Water Well', 'Water Supply', 'Electricity Backup', 'Internet', 'Kids Playground']","48Lak House Cheap : House For Sale In Sanepa,",House,1026.75
"Business For Sale In Hattigauda, Kathmandu","Hattigauda, Hattigauda, Kathmandu",Kathmandu,900000,0,0,,0,East,,207,400 Sq. Feet,15 Feet / Blacktopped,15 Feet , Blacktopped,N/A Sq. Feet,8 months ago,[],"Business For Sale In Hattigauda,",Other,400.0
"House For Sale In Changunarayan, Bhaktapur","Jhaukhel, Changunarayan, Bhaktapur",Bhaktapur,21500000,0,0,3.5,0,West,,165,7 Aana,15 Feet / Gravelled,15 Feet , Gravelled,N/A Sq. Feet,8 months ago,[],"House For Sale In Changunarayan,",House,2395.75
"House For Sale In Dhapakhel, Lalitpur","Dhapakhel, Dhapakhel, Lalitpur",Lalitpur,26000000,0,0,,0,South,,205,0-4-5-0 Aana,12 Feet / Blacktopped,12 Feet , Blacktopped,N/A Sq. Feet,8 months ago,[],"House For Sale In Dhapakhel,",House,1796.8125
"13 Ropani Land For Sale @ Budhanilkantha : Land For Sale In Budhanilkantha, Kathmandu","Budhanilkantha, Budhanilkantha, Kathmandu",Kathmandu,1300000,0,0,,0,South,,327,13-5-0-0 Ropani,20 Feet / Alley,20 Feet , Alley,N/A Aana,8 months ago,[],"13 Ropani Land For Sale @ Budhanilkantha : Land For Sale In Budhanilkantha,",Other,72899.25
"Land For Sale In Tikathali, Lalitpur","Tikathali, Tikathali, Lalitpur",Lalitpur,2300000,0,0,,0,South,,370,0-3-1-0 Aana,13 Feet / Soil Stabilized,13 Feet , Soil Stabilized,N/A Sq. Feet,8 months ago,[],"Land For Sale In Tikathali,",Other,1112.3125
"House For Sale In Damak, Jhapa","Damak, Damak, Jhapa",Kathmandu,20000000,4,1,2.0,3,South,,773,10 Aana,20 Feet / Blacktopped,20 Feet , Blacktopped,N/A Sq. Feet,8 months ago,[],Satdobato,House,3422.5
"House On Sale At Imadol : House For Sale In Baghdol, Lalitpur","Test address, Baghdol, Lalitpur",Lalitpur,19500000,4,4,2.0,1,West,2076.0,470,0-3-2-3 Sq. Feet,20 Feet / Gravelled,20 Feet , Gravelled,710 Sq. Feet,8 months ago,"['Parking', 'Store Room', 'Frontyard', 'Parking', 'Balcony', 'Water Well', 'Water Tank', 'Store Room', 'Garden', 'Water Tank', 'Drainage', 'Garage', 'Frontyard', 'Modular Kitchen', 'Garden', 'Backyard', 'Water Well']","House On Sale At Imadol : House For Sale In Baghdol,",House,1262.046875
"Modern House For Sale At Budhanilkantha : House For Sale In Budhanilkantha, Kathmandu","Taulung road, Budhanilkantha, Kathmandu",Kathmandu,51000000,5,5,2.0,0,East,2011.0,240,14 Aana,14 Feet / Blacktopped,14 Feet , Blacktopped,N/A Aana,8 months ago,"['Lawn', 'Balcony', 'Fencing', 'Garden', 'Modular Kitchen', 'TV Cable', 'Drainage', 'Water Supply', 'Solar Water', 'Water Tank', 'Parking', 'Store Room', 'Garage']","Modern House For Sale At Budhanilkantha : House For Sale In Budhanilkantha,",House,4791.5
"House On Sale At Nakkhu : House For Sale In Nakkhu, Lalitpur","Nakkhu, Nakkhu, Lalitpur",Lalitpur,26500000,4,4,2.0,1,East,2075.0,227,0-4-0-0 Aana,16 Feet / Gravelled,16 Feet , Gravelled,820 Sq. Feet,8 months ago,"['Garage', 'Drainage', 'TV Cable', 'Balcony', 'Store Room', 'Water Well', 'Frontyard', 'Parking', 'Internet', 'Water Tank', 'Garden', 'Modular Kitchen']","House On Sale At Nakkhu : House For Sale In Nakkhu,",House,1369.0
"2.5 Stories Beautiful House In Dhobhighat : House For Sale In Dhobighat, Lalitpur","Dhobighat, Dhobighat, Lalitpur",Lalitpur,29500000,5,3,,4,East,,315,4 Aana,0 Feet,0 Feet,,N/A Aana,8 months ago,"['Balcony', 'Fencing', 'Garden', 'TV Cable', 'Wifi', 'Water Supply', 'Water Tank', 'Water Well', 'Internet', 'Kids Playground']","2.5 Stories Beautiful House In Dhobhighat : House For Sale In Dhobighat,",House,1369.0
"Land For Sale In Suryabinayak, Bhaktapur","Nangkhel, Suryabinayak, Bhaktapur",Bhaktapur,1550000,0,0,0.0,0,North,,372,0-4-3-2 Sq. Feet,26 Feet / Soil Stabilized,26 Feet , Soil Stabilized,N/A Sq. Feet,8 months ago,[],"Land For Sale In Suryabinayak,",Other,1668.46875
"Residential Land : Land For Sale In Hetauda, Makwanpur","Gauritaar, Hetauda, Makwanpur",Kathmandu,200000,0,0,,0,East,,295,14 Dhur,8 Meter / Blacktopped,8 Meter , Blacktopped,N/A Dhur,8 months ago,[],Satdobato,Other,1020600.0
"Commercial Land On Sale At Deep, Pokhara. : Land For Sale In Birendra Chowk, Pokhara","Tallo Deep, Birendra Chowk, Pokhara",Kathmandu,15000000,0,0,,0,South West,,220,1-5-0-0 Aana,30 Feet / Blacktopped,30 Feet , Blacktopped,N/A Aana,8 months ago,[],Satdobato,Other,7187.25
"Residential Land In Hetauda, Karra : Land For Sale In Hetauda, Makwanpur","Karra, Hetauda, Makwanpur",Kathmandu,650000,0,0,,0,East,,226,10 Dhur,8 Meter / Paved,8 Meter , Paved,N/A Dhur,8 months ago,[],Satdobato,Other,729000.0
"Residential Land In Swayambhu : Land For Sale In Swayambhu, Kathmandu","Swayambhu, Swayambhu, Kathmandu",Kathmandu,1600000,0,0,,0,East,,599,0-3-0-0 Aana,12 Feet / Gravelled,12 Feet , Gravelled,N/A Aana,8 months ago,[],"Residential Land In Swayambhu : Land For Sale In Swayambhu,",Other,1026.75
"4 Aana, Mulpani, Residential Land, South Facing : Land For Sale In Mulpani, Kathmandu","Near Mulpani Chaur, Mulpani, Kathmandu",Kathmandu,1600000,0,0,,0,South,,309,4 Aana,10 Feet / Gravelled,10 Feet , Gravelled,N/A Aana,8 months ago,[],"4 Aana, Mulpani, Residential Land, South Facing : Land For Sale In Mulpani,",Other,1369.0
"Sale 6 Katha (120 Dhur) Land Near Bhairahawa Airport : Land For Sale In Bhairahawa, Rupandehi","Lumbini, Bhairahawa, Rupandehi",Kathmandu,1200000,0,0,,0,East,,634,0-6-0 Kattha,12 Feet / Gravelled,12 Feet , Gravelled,N/A Kattha,8 months ago,[],Satdobato,Other,2053.5
"House For Sale In Budhanilkantha, Kathmandu","RudreshworChowk, Budhanilkantha, Kathmandu",Kathmandu,15000000,2,3,3.0,1,West,2012.0,409,3 Aana,12 Feet / Soil Stabilized,12 Feet , Soil Stabilized,2.6 Aana,8 months ago,"['Lawn', 'Backyard', 'Balcony', 'Garden', 'Fencing', 'Modular Kitchen', 'TV Cable', 'Drainage', 'Solar Water', 'Water Supply']","House For Sale In Budhanilkantha,",House,1026.75
"House For Sale InKhusibun, Naya Bazar, Kathmandu","Nabazar Khusibun, Naya Bazar, Kathmandu",Kathmandu,40000000,3,4,3.0,1,East,2075.0,267,0-3-0-0 Aana,20 Feet,20 Feet,,N/A Aana,8 months ago,[],"House For Sale Inkhusibun, Naya Bazar,",House,1026.75
"House On Sale @ Very Low Price : House For Sale In Mulpani, Kathmandu","Dumakhal, Mulpani, Kathmandu",Kathmandu,17500000,6,2,3.0,1,East,2007.0,433,11 Aana,20 Feet / Gravelled,20 Feet , Gravelled,4 Aana,8 months ago,"['Balcony', 'Backyard', 'TV Cable', 'Water Supply', 'Solar Water', 'Water Well']","House On Sale @ Very Low Price : House For Sale In Mulpani,",House,3764.75
"Budhanilkantha Hattigauda 20 Ana Bungalow : House For Sale In Hattigauda, Kathmandu","Hattigauda, Hattigauda, Kathmandu",Kathmandu,90000000,6,6,3.0,4,East,2069.0,812,20 Aana,15 Feet / Blacktopped,15 Feet , Blacktopped,N/A Aana,8 months ago,"['Garage', 'Balcony', 'Lawn', 'Backyard', 'Frontyard', 'Garden', 'TV Cable', 'Drainage', 'Water Supply', 'Solar Water', 'Modular Kitchen', 'Washing Machine', 'Microwave', 'Wifi']","Budhanilkantha Hattigauda 20 Ana Bungalow : House For Sale In Hattigauda,",Bungalow,6845.0
"House For Sale In Manamaiju, Kathmandu","BASUKI NAG TOLE, Manamaiju, Kathmandu",Kathmandu,13500000,4,3,3.0,0,East,2075.0,388,2-2 Aana,10 Feet / Blacktopped,10 Feet , Blacktopped,2-1 Aana,8 months ago,[],"House For Sale In Manamaiju,",House,11636.5
"Business For Sale In Madhyapur Thimi, Bhaktapur","Muktinath Bank Building 1st floor, Madhyapur Thimi, Bhaktapur",Bhaktapur,2000000,0,0,,0,North,,213,900 Sq. Feet,15 Feet / Blacktopped,15 Feet , Blacktopped,N/A Sq. Feet,8 months ago,[],"Business For Sale In Madhyapur Thimi,",Other,900.0
"Land For Sale In Shuklagandaki, Tanahu","Shuklagandaki Municipality, Shuklagandaki, Tanahu",Kathmandu,15000000,0,0,,0,South East,,181,2-3-0-0 Ropani,20 Feet / Soil Stabilized,20 Feet , Soil Stabilized,N/A Sq. Feet,8 months ago,[],Satdobato,Other,11978.75
"Business For Sale In Baneshwor, Kathmandu","Civil Bank, Baneshwor, Kathmandu",Kathmandu,1500000,0,0,,0,North,,298,200 Sq. Feet,20 Feet / Blacktopped,20 Feet , Blacktopped,N/A Sq. Feet,8 months ago,[],"Business For Sale In Baneshwor,",Other,200.0
"Business For Sale In Baneshwor, Kathmandu","Columbus HSS & College, Baneshwor, Kathmandu",Kathmandu,1500000,0,0,,0,East,,199,700 Sq. Feet,8 Meter / Blacktopped,8 Meter , Blacktopped,N/A Sq. Feet,8 months ago,[],"Business For Sale In Baneshwor,",Other,700.0
"Business For Sale In Suryabinayak, Bhaktapur","Biruwa Chowk (Pipalbot), Suryabinayak, Bhaktapur",Bhaktapur,1800000,0,0,,0,North,,197,300 Sq. Feet,15 Feet / Blacktopped,15 Feet , Blacktopped,N/A Sq. Feet,8 months ago,[],"Business For Sale In Suryabinayak,",Other,300.0
"House For Sale In Imadol, Lalitpur","Pawan Prakriti English Secondary School, Imadol, Lalitpur",Lalitpur,11000000,3,1,1.0,0,North,,443,3 Aana,14 Feet / Gravelled,14 Feet , Gravelled,N/A Sq. Feet,8 months ago,[],"House For Sale In Imadol,",House,1026.75
"Land For Sale In Suryabinayak, Bhaktapur","Sirutar, Suryabinayak, Bhaktapur",Bhaktapur,1400000,0,0,,0,West,,270,4 Aana,10 Feet / Soil Stabilized,10 Feet , Soil Stabilized,N/A Sq. Feet,8 months ago,[],"Land For Sale In Suryabinayak,",Other,1369.0
"House For Sale In Maharajgunj, Kathmandu","Maharajgunj, Maharajgunj, Kathmandu",Kathmandu,70000000,5,5,3.0,0,North,,383,9 Aana,13 Feet / Blacktopped,13 Feet , Blacktopped,N/A Aana,8 months ago,[],"House For Sale In Maharajgunj,",House,3080.25
"Business For Sale In Chabahil, Kathmandu","Gopi Krishna Movies, Chabahil, Kathmandu",Kathmandu,1400000,0,0,,0,North,,163,300 Sq. Feet,15 Feet / Blacktopped,15 Feet , Blacktopped,N/A Sq. Feet,8 months ago,[],"Business For Sale In Chabahil,",Other,300.0
"Beautiful Sweet Home Kapan Housing : House For Sale In Bhangal, Kathmandu","na, Bhangal, Kathmandu",Kathmandu,17900000,5,5,3.0,1,East,2076.0,641,3.5 Aana,14 Feet / Gravelled,14 Feet , Gravelled,N/A Aana,8 months ago,[],"Beautiful Sweet Home Kapan Housing : House For Sale In Bhangal,",House,1197.875
"7 Ana Bungalow Bhangal Kapan : House For Sale In Bhangal, Kathmandu","na, Bhangal, Kathmandu",Kathmandu,34500000,5,5,3.0,2,South West,2076.0,439,7 Aana,15 Feet / Blacktopped,15 Feet , Blacktopped,N/A Aana,8 months ago,"['Garden', 'Balcony', 'Microwave', 'Lawn']","7 Ana Bungalow Bhangal Kapan : House For Sale In Bhangal,",Bungalow,2395.75
"Flat For Rent In Lazimpat, Kathmandu","nil saraswati margh, Lazimpat, Kathmandu",Kathmandu,27000,0,0,,0,North,,574,3 Aana,13 Feet,13 Feet,,700 Sq. Feet,8 months ago,[],"Flat For Rent In Lazimpat,",Flat,1026.75
"Beautiful (150m From Main Ringroad) Stunning, Magnificent Views, Prestigious Location : House For Sale In Basundhara, Kathmandu","Basundhara, Basundhara, Kathmandu",Kathmandu,41000000,7,6,3.0,3,East,2012.0,1.2K,7 Aana,20 Feet / Blacktopped,20 Feet , Blacktopped,N/A Aana,8 months ago,"['Backyard', 'Balcony', 'Frontyard', 'Garden', 'Drainage', 'Water Tank', 'Kids Playground', 'Parking', 'Security Staff', 'Store Room']","Beautiful (150M From Main Ringroad) Stunning, Magnificent Views, Prestigious Location : House For Sale In Basundhara,",House,2395.75
"4 Story House/Building On Ring Road : House For Sale In Koteshwor, Kathmandu","Balkumari Pul, Koteshwor, Kathmandu",Kathmandu,18500000,7,4,4.0,0,East,2014.0,299,1.5 Aana,26 Feet / Blacktopped,26 Feet , Blacktopped,1.5 Aana,8 months ago,"['Balcony', 'Drainage', 'Water Supply', 'Water Tank']","4 Story House/Building On Ring Road : House For Sale In Koteshwor,",House,513.375
"Land : Land For Sale In Kalanki, Kathmandu","Dahachok Rd, Kalanki, Kathmandu",Kathmandu,1900000,0,0,0.0,0,South West,,404,1700 Sq. Feet,16 Feet / Blacktopped,16 Feet , Blacktopped,1700 Sq. Feet,8 months ago,[],"Land : Land For Sale In Kalanki,",Other,1700.0
"Urgent Restaurant On Sale : Business For Sale In Chabahil, Kathmandu","chabahil, Chabahil, Kathmandu",Kathmandu,1500000,0,0,,0,East,,213,4 Aana,0 Feet,0 Feet,,4 Aana,8 months ago,[],"Urgent Restaurant On Sale : Business For Sale In Chabahil,",Other,1369.0
"Property For Rent : House For Rent In Suryabinayak, Bhaktapur","darjeeling height, Suryabinayak, Bhaktapur",Bhaktapur,50000,0,0,3.0,1,East,2017.0,614,2.75 Aana,13 Feet / Blacktopped,13 Feet , Blacktopped,2.75 Aana,8 months ago,"['Garage', 'Balcony', 'Modular Kitchen', 'TV Cable', 'Drainage', 'Water Supply', 'Solar Water', 'Water Tank']","Property For Rent : House For Rent In Suryabinayak,",House,941.1875
"BUDHANILKANTHA 32 ANA LUXURY HOME : House For Sale In Budhanilkantha, Kathmandu","NA, Budhanilkantha, Kathmandu",Kathmandu,105000000,5,6,3.0,10,West,2074.0,833,32 Aana,20 Feet / Blacktopped,20 Feet , Blacktopped,N/A Aana,8 months ago,"['Garden', 'Frontyard', 'Garage', 'Fencing', 'Water Supply', 'Solar Water', 'TV Cable', 'Water Tank', 'Water Well', 'Washing Machine', 'Balcony', 'Backyard', 'Lawn', 'Microwave', 'Modular Kitchen']","Budhanilkantha 32 Ana Luxury Home : House For Sale In Budhanilkantha,",House,10952.0
"Land For Sale In Kausaltar, Bhaktapur","Sanothimi, Kausaltar, Bhaktapur",Bhaktapur,3000000,0,0,,0,South,,284,3 Aana,10 Feet,10 Feet,,N/A Aana,8 months ago,[],"Land For Sale In Kausaltar,",Other,1026.75
"HATTIGAUDA 4.5 FLOOR HOME : House For Sale In Hattigauda, Kathmandu","NA, Hattigauda, Kathmandu",Kathmandu,36500000,9,10,5.0,2,South,2075.0,308,6 Aana,14 Feet / Blacktopped,14 Feet , Blacktopped,N/A Aana,8 months ago,"['Garden', 'Frontyard', 'Wifi', 'Water Tank', 'Solar Water', 'TV Cable']","Hattigauda 4.5 Floor Home : House For Sale In Hattigauda,",House,2053.5
"House For Sale In Kirtipur, Kirtipur","Maitrinagar, Kirtipur, Kathmandu",Kathmandu,15000000,0,0,,0,South,,664,3 Aana,10 Feet / Blacktopped,10 Feet , Blacktopped,N/A Sq. Feet,8 months ago,[],Satdobato,House,1026.75
"Chapali Vangal House In Sell : House For Sale In Bhangal, Kathmandu","Sundarbasti, Bhangal, Kathmandu",Kathmandu,21000000,5,4,2.0,2,West,,490,3.5 Aana,13 Feet / Gravelled,13 Feet , Gravelled,3 Aana,8 months ago,['Modular Kitchen'],"Chapali Vangal House In Sell : House For Sale In Bhangal,",House,1197.875
"House For Sale In Chabahil, Kathmandu","Malpot Office, Chabahil, Kathmandu",Kathmandu,38000000,0,0,,0,North,,405,8 Aana,14 Feet / Blacktopped,14 Feet , Blacktopped,N/A Sq. Feet,8 months ago,[],"House For Sale In Chabahil,",House,2738.0
"Business For Sale In Jorpati, Kathmandu","Jorpati Narayantar, Jorpati, Kathmandu",Kathmandu,600000,0,0,,0,North,,240,500 Sq. Feet,15 Feet / Blacktopped,15 Feet , Blacktopped,N/A Sq. Feet,8 months ago,[],"Business For Sale In Jorpati,",Other,500.0
"House At Sale At Panchakumai Marg, Kapan : House For Sale In Kapan, Kathmandu","Pancha Kumari Marg, Kapan, Kathmandu",Kathmandu,11000000,0,0,3.0,0,West,,273,2.5 Aana,12 Feet / Blacktopped,12 Feet , Blacktopped,2 Aana,8 months ago,[],"House At Sale At Panchakumai Marg, Kapan : House For Sale In Kapan,",House,855.625
"Flat For Rent In Samakhusi, Kathmandu","Samakhusi, Samakhusi, Kathmandu",Kathmandu,22000,4,0,,0,West,,500,900 Sq. Feet,13 Feet,13 Feet,,N/A Sq. Feet,8 months ago,[],"Flat For Rent In Samakhusi,",Flat,900.0
"House For Sale In Kapan, Kathmandu","Kapan, Kapan, Kathmandu",Kathmandu,7500000,2,1,1.0,0,North,,510,0-3-5-0 Aana,12 Feet / Gravelled,12 Feet , Gravelled,N/A Sq. Feet,8 months ago,[],"House For Sale In Kapan,",House,1454.5625
"2.5 Storey House On Sale At Ramkot : House For Sale In Ramkot, Kathmandu","Dadapauwa, Ramkot, Kathmandu",Kathmandu,17500000,7,3,3.0,0,East,,299,3.2 Aana,0 Feet,0 Feet,,N/A Aana,8 months ago,[],"2.5 Storey House On Sale At Ramkot : House For Sale In Ramkot,",House,1095.2
"Land For Sale In Goldhunga, Kathmandu","Goldhunga, Goldhunga, Kathmandu",Kathmandu,1350000,0,0,,0,West,,292,4 Aana,10 Feet / Gravelled,10 Feet , Gravelled,N/A Sq. Feet,8 months ago,[],"Land For Sale In Goldhunga,",Other,1369.0
"Land Sale : Land For Sale In Mulpani, Kathmandu","Mulpani, Mulpani, Kathmandu",Kathmandu,1700000,0,0,,0,South,,262,0-4-3-0 Aana,14 Feet / Gravelled,14 Feet , Gravelled,N/A Aana,8 months ago,[],"Land Sale : Land For Sale In Mulpani,",Other,1625.6875
"Land On Sale : Land For Sale In Manamaiju, Kathmandu","Manamaiju opposite to manshing school, Manamaiju, Kathmandu",Kathmandu,5000000,0,0,,0,West,,247,4 Aana,20 Feet / Blacktopped,20 Feet , Blacktopped,4 Aana,8 months ago,[],"Land On Sale : Land For Sale In Manamaiju,",Other,1369.0
"Land For Sale In Goldhunga, Kathmandu","Goldhunga, Goldhunga, Kathmandu",Kathmandu,5200000,0,0,,0,North,,279,3 Aana,24 Feet,24 Feet,,N/A Sq. Feet,8 months ago,[],"Land For Sale In Goldhunga,",Other,1026.75
"Flat For Rent In Kalanki, Kathmandu","Kalanki, Kalanki, Kathmandu",Kathmandu,20000,0,0,,0,North,,390,900 Sq. Feet,12 Feet / Blacktopped,12 Feet , Blacktopped,N/A Sq. Feet,8 months ago,[],"Flat For Rent In Kalanki,",Flat,900.0
"Land For Sale In Lekhnath, Pokhara","Dhungepatan, Lekhnath, Pokhara",Kathmandu,1800000,0,0,,0,West,,232,60 Aana,20 Feet / Blacktopped,20 Feet , Blacktopped,N/A Sq. Feet,8 months ago,[],Satdobato,Other,20535.0
"2.5 Storey House On Sale At Pachdhara Gairigau, Swoyambhu : House For Sale In Swayambhu, Kathmandu","gairigaun, Swayambhu, Kathmandu",Kathmandu,27000000,0,0,,0,East,,466,9 Aana,0 Feet,0 Feet,,N/A Aana,8 months ago,[],"2.5 Storey House On Sale At Pachdhara Gairigau, Swoyambhu : House For Sale In Swayambhu,",House,3080.25
"House For Sale In Imadol, Lalitpur","Sitapakha, Imadol, Lalitpur",Lalitpur,13000000,2,1,1.0,0,East,,290,0-3-3-3 Aana,13 Feet / Gravelled,13 Feet , Gravelled,N/A Sq. Feet,8 months ago,[],"House For Sale In Imadol,",House,1347.609375
"House For Sale In Goldhunga, Kathmandu","Goldhunga, Goldhunga, Kathmandu",Kathmandu,13000000,0,0,,0,North,,238,0-3-2-0 Aana,13 Feet / Gravelled,13 Feet , Gravelled,N/A Sq. Feet,8 months ago,[],"House For Sale In Goldhunga,",House,1197.875
"House For Rent In Maharajgunj, Kathmandu","Nirmal Niwas, Maharajgunj, Kathmandu",Kathmandu,250000,0,0,,0,West,,430,30 Aana,16 Feet / Gravelled,16 Feet , Gravelled,N/A Sq. Feet,8 months ago,[],"House For Rent In Maharajgunj,",House,10267.5
"Flat For Rent In Basundhara, Kathmandu","IVF Nepal | Green City Hospital, Basundhara, Kathmandu",Kathmandu,30000,2,1,,0,West,,319,900 Sq. Feet,10 Feet,10 Feet,,N/A Sq. Feet,8 months ago,[],"Flat For Rent In Basundhara,",Flat,900.0
"Land For Sale In Namobuddha, Kavre","Namobuddha Municipality Office, Namobuddha, Kavre",Kathmandu,1050000,0,0,,0,West,,345,0-8-5-0 Aana,15 Feet / Gravelled,15 Feet , Gravelled,N/A Sq. Feet,8 months ago,[],Satdobato,Other,3165.8125
"House For Sale In Tarkeshwor, Kathmandu","Tarkeshwor Municipality Head Office, Tarkeshwor, Kathmandu",Kathmandu,8000000,7,3,,0,West,,339,4 Aana,10 Feet,10 Feet,,N/A Sq. Feet,8 months ago,"['Balcony', 'TV Cable', 'Drainage', 'Water Supply', 'Water Tank', 'Water Well']","House For Sale In Tarkeshwor,",House,1369.0
"A Bungalow For Rent At Comfort Housing, Thaiba : House For Rent In Thaiba, Lalitpur","Comfort Housing, Phase II, Thaiba, Lalitpur",Lalitpur,48000,4,3,2.0,1,South,2019.0,445,0-4-1-0 Aana,15 Feet / Paved,15 Feet , Paved,1600 + Sq. Feet,8 months ago,"['Backyard', 'Balcony', 'Water Supply', 'Modular Kitchen']","A Bungalow For Rent At Comfort Housing, Thaiba : House For Rent In Thaiba,",Bungalow,1454.5625
"Greenland Home For Sale : House For Sale In Tokha, Kathmandu","na, Tokha, Kathmandu",Kathmandu,17800000,5,6,3.0,1,South,2076.0,519,3.1 Aana,12 Feet / Blacktopped,12 Feet , Blacktopped,N/A Aana,8 months ago,[],"Greenland Home For Sale : House For Sale In Tokha,",House,1060.9750000000001
"Villa 8 Ana : Land For Sale In Budhanilkantha, Kathmandu","na, Budhanilkantha, Kathmandu",Kathmandu,4000000,0,0,,0,North East,,318,0-8-0-0 Aana,18 Feet / Blacktopped,18 Feet , Blacktopped,N/A Aana,8 months ago,[],"Villa 8 Ana : Land For Sale In Budhanilkantha,",Villa,2738.0
"Baluwakhani 3.5 Ana Home : House For Sale In Budhanilkantha, Kathmandu","na, Budhanilkantha, Kathmandu",Kathmandu,21800000,5,6,3.0,1,North East,2076.0,689,3.5 Aana,12 Feet / Blacktopped,12 Feet , Blacktopped,N/A Aana,8 months ago,[],"Baluwakhani 3.5 Ana Home : House For Sale In Budhanilkantha,",House,1197.875
"House For Sale In Kalopul, Kathmandu","Best Venue (Previously Hira Ratna Cinema), Kalopul, Kathmandu",Kathmandu,29000000,0,0,,0,West,,445,0-3-3-0 Aana,10 Feet / Blacktopped,10 Feet , Blacktopped,N/A Aana,8 months ago,[],"House For Sale In Kalopul,",House,1283.4375
"Land For Sale In Baluwatar, Kathmandu","Baluwatar, Baluwatar, Kathmandu",Kathmandu,6000000,0,0,,0,West,,227,0-7-2-0 Aana,14 Feet / Blacktopped,14 Feet , Blacktopped,N/A Sq. Feet,8 months ago,[],"Land For Sale In Baluwatar,",Other,2566.875
"House For Sale In Birgunj, Parsa","Alakhiya math main road, Birgunj, Parsa",Kathmandu,4500000,24,22,4.0,3,East,,633,43 Dhur,30 Feet / Blacktopped,30 Feet , Blacktopped,16000 Sq. Feet,8 months ago,['Balcony'],Satdobato,House,3134700.0
"Land For Sale In Kalanki, Kathmandu","Makalu Petrol Pump, Kalanki, Kathmandu",Kathmandu,3500000,0,0,,0,West,,274,0-3-0-0 Aana,12 Feet / Soil Stabilized,12 Feet , Soil Stabilized,N/A Sq. Feet,8 months ago,[],"Land For Sale In Kalanki,",Other,1026.75
"Land For Sale In Naikap, Kathmandu","Naya Naikap, Naikap, Kathmandu",Kathmandu,2400000,0,0,,0,West,,267,0-6-3-0 Aana,10 Feet / Blacktopped,10 Feet , Blacktopped,N/A Sq. Feet,8 months ago,[],"Land For Sale In Naikap,",Other,2310.1875
"HOUSE FOR SALE : House For Sale In Basundhara, Kathmandu","Shree tole, Basundhara, Kathmandu",Kathmandu,23000000,4,3,2.0,0,South,,705,3.1 Aana,15 Feet / Gravelled,15 Feet , Gravelled,3 Aana,9 months ago,"['Drainage', 'Water Supply', 'Water Tank', 'Store Room']","House For Sale : House For Sale In Basundhara,",House,1060.9750000000001
"House For Sale In Kadaghari, Kathmandu","Kadaghari, Kadaghari, Kathmandu",Kathmandu,29000000,5,0,3.0,0,West,,1.2K,0-4-0-0 Aana,12 Feet / Blacktopped,12 Feet , Blacktopped,N/A Sq. Feet,9 months ago,[],"House For Sale In Kadaghari,",House,1369.0
"Land On Sale At Brahmakhel : Land For Sale In Kageshwari-Manohara, Kathmandu","Brahmakhel, Kageshwari-Manohara, Kathmandu",Kathmandu,1000000,0,0,0.0,0,South,,376,04-02 Sq. Feet,14 Feet / Soil Stabilized,14 Feet , Soil Stabilized,N/A Sq. Feet,9 months ago,[],"Land On Sale At Brahmakhel : Land For Sale In Kageshwari-Manohara,",Other,22588.5
"Dhapasi House Sale : House For Sale In Dhapasi, Kathmandu","Dhapasi, Dhapasi, Kathmandu",Kathmandu,70000000,3,4,2.0,4,North,,589,1-0-0-0 Aana,20 Feet / Blacktopped,20 Feet , Blacktopped,N/A Aana,9 months ago,[],"Dhapasi House Sale : House For Sale In Dhapasi,",House,5476.0
"Flat For Rent In Newroad, Kathmandu","New Road, Newroad, Kathmandu",Kathmandu,13000,0,0,,0,North,,1.2K,700 Sq. Feet,12 Feet / Blacktopped,12 Feet , Blacktopped,N/A Sq. Feet,9 months ago,[],"Flat For Rent In Newroad,",Flat,700.0
"House For Sale In Tinkune, Kathmandu","Subidhanagar, Tinkune, Kathmandu",Kathmandu,37500000,0,0,,0,North,,345,0-4-2-0 Aana,22 Feet / Blacktopped,22 Feet , Blacktopped,N/A Sq. Feet,9 months ago,"['Balcony', 'Modular Kitchen', 'TV Cable', 'Wifi', 'Drainage', 'Water Supply', 'Water Tank', 'Water Well', 'Parking']","House For Sale In Tinkune,",House,1540.125
"Land On Sale At Maharajgunj : Land For Sale In Maharajgunj, Kathmandu","Maharajgunj, Maharajgunj, Kathmandu",Kathmandu,4500000,0,0,,0,East,,374,5/10/20 Aana,20 Feet / Blacktopped,20 Feet , Blacktopped,N/A Aana,9 months ago,[],"Land On Sale At Maharajgunj : Land For Sale In Maharajgunj,",Other,17461595.0
"House For Sale In Kadaghari, Kathmandu","Gothatar, Kadaghari, Kathmandu",Kathmandu,11500000,0,0,,0,North,,643,0-3-5-0 Aana,12 Feet / Gravelled,12 Feet , Gravelled,N/A Sq. Feet,9 months ago,[],"House For Sale In Kadaghari,",House,1454.5625
"House For Sale In Kadaghari, Kathmandu","Force Park Bus Stop, Kadaghari, Kathmandu",Kathmandu,12500000,6,0,,0,North,,2.3K,0-2-3-0 Aana,13 Feet / Gravelled,13 Feet , Gravelled,N/A Sq. Feet,9 months ago,[],"House For Sale In Kadaghari,",House,941.1875
"Land For Sale In Jorpati, Kathmandu","Sugamnagar Saving & Credit Co-operative Ltd, Jorpati, Kathmandu",Kathmandu,2900000,0,0,,0,West,,226,4 Aana,12 Feet / Blacktopped,12 Feet , Blacktopped,N/A Sq. Feet,9 months ago,[],"Land For Sale In Jorpati,",Other,1369.0
"Land For Sale In Itahari, Sunsari","Itahari, Itahari, Sunsari",Kathmandu,350000,0,0,,0,South,,249,11 Dhur,20 Feet / Blacktopped,20 Feet , Blacktopped,N/A Sq. Feet,9 months ago,[],Satdobato,Other,801900.0
"Rent : Office Space For Rent In Damak, Jhapa","Damak, Damak, Jhapa",Kathmandu,50000,0,2,4.0,4,East,2007.0,291,0-1-0-0 Kattha,50 Feet / Alley,50 Feet , Alley,0-0-16-0 Kattha,9 months ago,"['TV Cable', 'Wifi']",Satdobato,Other,342.25
"House For Sale In Shantinagar, Kathmandu","Siddhicharan Marg, Shantinagar, Kathmandu",Kathmandu,42500000,6,0,3.0,4,North,2042.0,13.1K,0-6-2-0 Aana,10 Feet / Blacktopped,10 Feet , Blacktopped,N/A Aana,9 months ago,"['Balcony', 'TV Cable', 'Wifi', 'Drainage', 'Water Supply', 'Water Tank', 'Water Well', 'Internet', 'Parking']","House For Sale In Shantinagar,",House,2224.625
"Commercial And Residential : Land For Sale In Gaurighat, Kathmandu","Gaurighat Nayabasti, Gaurighat, Kathmandu",Kathmandu,4200000,0,0,,0,West,,225,0-10-0-0 Aana,16 Feet / Gravelled,16 Feet , Gravelled,0-5-0-0 Aana,9 months ago,[],"Commercial And Residential : Land For Sale In Gaurighat,",Other,3422.5
"Greenhill City Jorpati Siva Chok Vitra : Land For Sale In Greenhill City, Mulpani, Kathmandu","Greenhill city jorpati, Greenhill city, Mulpani, Kathmandu",Kathmandu,2400000,0,0,,0,East,,247,0-5-0-0 Aana,12 Feet / Blacktopped,12 Feet , Blacktopped,0 Aana,9 months ago,[],"Greenhill City Jorpati Siva Chok Vitra : Land For Sale In Greenhill City, Mulpani,",Other,1711.25
"Land For Sale In Budhanilkantha, Kathmandu","Nearby, Kantipur Colony, Budhanilkantha, Kathmandu",Kathmandu,2300000,0,0,,0,East,,335,12 Aana,13 Feet,13 Feet,,N/A Sq. Feet,9 months ago,[],"Land For Sale In Budhanilkantha,",Other,4107.0
"Urgent Sale : Land For Sale In Sankhu, Kathmandu","Sakhu jane bato ko indryani chok najik healthpost ma, Sankhu, Kathmandu",Kathmandu,1200000,0,0,,0,North,,249,0-5-0-0 Aana,20 Feet / Gravelled,20 Feet , Gravelled,0 Aana,9 months ago,[],"Urgent Sale : Land For Sale In Sankhu,",Other,1711.25
"House For Sale In Kalimati, Kathmandu","Nearby, Police Station, Kalimati, Kathmandu",Kathmandu,25000000,0,0,,0,South,,240,0-1-3-0 Aana,9 Feet / Blacktopped,9 Feet , Blacktopped,N/A Sq. Feet,9 months ago,"['Wifi', 'Drainage', 'Water Tank', 'Water Well']","House For Sale In Kalimati,",House,598.9375
"House For Sale In Balaju, Kathmandu","Balaju, Balaju, Kathmandu",Kathmandu,22000000,0,0,,0,South,,360,4 Aana,22 Feet / Gravelled,22 Feet , Gravelled,N/A Sq. Feet,9 months ago,"['Balcony', 'Modular Kitchen', 'TV Cable', 'Wifi', 'Drainage', 'Water Supply', 'Water Tank', 'Water Well', 'Parking']","House For Sale In Balaju,",House,1369.0
"Budhanilkantha House Sale : House For Sale In Pasikot, Kathmandu","Budhanilkantha, Pasikot, Kathmandu",Kathmandu,30000000,5,4,3.0,2,West,2075.0,462,0-4-0-0 Aana,20 Feet,20 Feet,,N/A Aana,9 months ago,[],"Budhanilkantha House Sale : House For Sale In Pasikot,",House,1369.0
"House For Sale In Imadol, Lalitpur","Imadol, Imadol, Lalitpur",Lalitpur,17500000,0,0,,0,South,,430,3 Aana,13 Feet,13 Feet,,N/A Sq. Feet,9 months ago,"['Balcony', 'Modular Kitchen', 'TV Cable', 'Wifi', 'Drainage', 'Water Supply', 'Water Tank', 'Water Well', 'Parking']","House For Sale In Imadol,",House,1026.75
"Office Space For Rent In Naxal, Kathmandu","Nearby, Sunrise Bank, Naxal, Kathmandu",Kathmandu,130000,0,0,,0,North,,375,8 Aana,15 Feet / Gravelled,15 Feet , Gravelled,N/A Sq. Feet,9 months ago,[],"Office Space For Rent In Naxal,",Other,2738.0
"House For Sale In Imadol, Lalitpur","Nearby, Little Angel's College of Higher Studies, Imadol, Lalitpur",Lalitpur,15000000,0,0,,0,South,,304,0-2-2-0 Aana,13 Feet / Gravelled,13 Feet , Gravelled,N/A Sq. Feet,9 months ago,[],"House For Sale In Imadol,",House,855.625
"For Sale : Land For Sale In Jorpati, Kathmandu","Jorpati makalbari highway, Jorpati, Kathmandu",Kathmandu,3700000,0,0,,0,West,,262,0-4-2-0 Aana,20 Feet / Blacktopped,20 Feet , Blacktopped,0 Aana,9 months ago,[],"For Sale : Land For Sale In Jorpati,",Other,1540.125
"House For Sale Near Kumaripati : House For Sale In Kumaripati, Lalitpur","Near kumaripati, Kumaripati, Lalitpur",Lalitpur,76000000,0,0,,5,South East,,1.2K,0-5-0-0 Aana,22 Feet,22 Feet,,N/A Aana,9 months ago,[],"House For Sale Near Kumaripati : House For Sale In Kumaripati,",House,1711.25
"Land For Sale In Lubhu, Lalitpur","Lubhu, Lubhu, Lalitpur",Lalitpur,1450000,0,0,,0,North,,396,0-3-3-0 Aana,13 Feet / Blacktopped,13 Feet , Blacktopped,N/A Sq. Feet,9 months ago,[],"Land For Sale In Lubhu,",Other,1283.4375
"Apartment For Sale : Apartment For Sale In Jhamsikhel, Lalitpur","Thadodhunga, Jhamsikhel, Lalitpur",Lalitpur,12000000,2,1,1.0,1,East,2016.0,914,700 Sq. Feet,20 Feet / Blacktopped,20 Feet , Blacktopped,N/A Aana,9 months ago,"['Washing Machine', 'Wifi', 'Microwave', 'Balcony', 'Gym', 'Garden', 'TV Cable', 'Swimming Pool', 'Drainage']","Apartment For Sale : Apartment For Sale In Jhamsikhel,",Apartment,700.0
"New House : House For Sale In Ranipauwa, Pokhara","mahendra pul, Ranipauwa, Pokhara",Kathmandu,37000000,7,5,3.0,3,South East,2074.0,668,6.5 Aana,20 Feet / Gravelled,20 Feet , Gravelled,6.5 Aana,9 months ago,"['Garage', 'Backyard', 'Balcony', 'Garden', 'Modular Kitchen', 'TV Cable', 'Wifi', 'Water Supply', 'Solar Water', 'Water Tank', 'Water Well', 'Electricity Backup', 'Kids Playground', 'Parking', 'Store Room']",Satdobato,House,2224.625
"Land For Sale In Kirtipur, Kirtipur","Kirtipur, Kirtipur, Kathmandu",Kathmandu,800000,0,0,,0,South,,459,16 Aana,20 Feet / Gravelled,20 Feet , Gravelled,N/A Sq. Feet,9 months ago,[],Satdobato,Other,5476.0
"Land For Sale In Chamati, Kathmandu","Bijeshwori, Chamati, Kathmandu",Kathmandu,4000000,0,0,,0,West,,322,3 Aana,12 Feet / Gravelled,12 Feet , Gravelled,N/A Sq. Feet,9 months ago,[],"Land For Sale In Chamati,",Other,1026.75
"House For Sale In Bhaisepati, Lalitpur","Nearby, Talimkendra, Bhaisepati, Lalitpur",Lalitpur,26000000,5,4,,0,North,,419,4 Aana,13 Feet / Blacktopped,13 Feet , Blacktopped,N/A Sq. Feet,9 months ago,"['Balcony', 'Modular Kitchen', 'TV Cable', 'Wifi', 'Drainage', 'Water Tank', 'Water Well', 'Parking', 'Store Room']","House For Sale In Bhaisepati,",House,1369.0
"Land For Sale In Mulpani, Kathmandu","Nearby, Bode Pool, Mulpani, Kathmandu",Kathmandu,1400000,0,0,,0,West,,295,3 Aana,12 Feet / Soil Stabilized,12 Feet , Soil Stabilized,N/A Sq. Feet,9 months ago,[],"Land For Sale In Mulpani,",Other,1026.75
"Land For Sale In Chandragiri, Kathmandu","Tinthana, Chandragiri, Kathmandu",Kathmandu,2200000,0,0,,0,East,,289,0-4-2-0 Sq. Feet,13 Feet / Gravelled,13 Feet , Gravelled,N/A Sq. Feet,9 months ago,[],"Land For Sale In Chandragiri,",Other,1540.125
"House For Sale In Sukedhara, Kathmandu","Near Hemshospital, Sukedhara, Kathmandu",Kathmandu,29800000,11,0,,0,North,,473,5 Aana,13 Feet / Blacktopped,13 Feet , Blacktopped,N/A Sq. Feet,9 months ago,"['Balcony', 'Modular Kitchen', 'TV Cable', 'Wifi', 'Drainage', 'Water Supply', 'Water Tank', 'Water Well', 'Internet', 'Parking', 'Store Room']","House For Sale In Sukedhara,",House,1711.25
"Lubu Mahalaxmi Ko Jagga Bikrima : Land For Sale In Mahalaxmi Nagarpalika, Lalitpur","Lubu imadol, Mahalaxmi Nagarpalika, Lalitpur",Lalitpur,1800000,0,0,,0,East,,354,0-3-2 Aana,16 Feet / Gravelled,16 Feet , Gravelled,0-3-2 Aana,9 months ago,[],"Lubu Mahalaxmi Ko Jagga Bikrima : Land For Sale In Mahalaxmi Nagarpalika,",Other,1197.875
"जग्गा बिक्री मा : Land For Sale In Godawari, Lalitpur","टिकाभैरब कोटडाॅडा रोड, Godawari, Lalitpur",Lalitpur,350000,0,0,,0,East,,610,27 Aana,24 Feet / Gravelled,24 Feet , Gravelled,N/A Aana,9 months ago,[],"जग्गा बिक्री मा : Land For Sale In Godawari,",Other,9240.75
"Business For Sale In Thamel, Kathmandu","Nearby Everest School, Thamel, Kathmandu",Kathmandu,1700000,0,0,,0,West,,402,1000 Sq. Feet,15 Feet / Blacktopped,15 Feet , Blacktopped,N/A Sq. Feet,9 months ago,[],"Business For Sale In Thamel,",Other,1000.0
"Business For Sale In Madhyapur Thimi, Bhaktapur","Nearby Madhyapur Hospital, Madhyapur Thimi, Bhaktapur",Bhaktapur,800000,0,0,,0,South,,257,1000 Sq. Feet,20 Feet / Blacktopped,20 Feet , Blacktopped,N/A Sq. Feet,9 months ago,[],"Business For Sale In Madhyapur Thimi,",Other,1000.0
"Business For Sale In Baneshwor, Kathmandu","Nearby Ace college, Baneshwor, Kathmandu",Kathmandu,1900000,0,0,,0,North,,228,1000 Sq. Feet,15 Feet / Blacktopped,15 Feet , Blacktopped,N/A Sq. Feet,9 months ago,[],"Business For Sale In Baneshwor,",Other,1000.0
"House On Sale Or For Rent In Kirtipur : House For Sale In Kirtipur, Kirtipur","Bhatkepati (Prithivi Chowk), Kirtipur, Kathmandu",Kathmandu,25000000,6,4,3.0,1,South,2019.0,374,0-4-2-3 Aana,12 Feet / Gravelled,12 Feet , Gravelled,2548 Sq. Feet,9 months ago,"['Garden', 'Frontyard']",Satdobato,House,1604.296875
"House For Sale In Baneshwor, Kathmandu","Buddhanagar, Baneshwor, Kathmandu",Kathmandu,32000000,0,0,,0,South,,1.2K,6 Aana,12 Feet / Blacktopped,12 Feet , Blacktopped,N/A Sq. Feet,9 months ago,[],"House For Sale In Baneshwor,",House,2053.5
"House For Sale In Dharan, Dharan","Nearby, Phusre, Dharan, Dharan",Kathmandu,10000000,0,0,,0,West,,567,10 Dhur,15 Feet / Blacktopped,15 Feet , Blacktopped,N/A Sq. Feet,9 months ago,[],Satdobato,House,729000.0
"House For Sale In Patan, Lalitpur","Okubahal, Patan, Lalitpur",Lalitpur,15000000,0,0,,0,West,,374,0-1-0-0 Aana,40 Feet / Paved,40 Feet , Paved,0-1-0-0 Aana,9 months ago,[],"House For Sale In Patan,",House,342.25
"House For Sale In Pokhara, Pokhara","Kaski, Pokhara, Pokhara",Kathmandu,9500000,0,0,,0,West,,568,0-7-2-0 Aana,15 Feet / Gravelled,15 Feet , Gravelled,N/A Sq. Feet,9 months ago,[],Satdobato,House,2566.875
"Land For Sale : Land For Sale In Chabahil, Kathmandu","Aarubari Nageshwor Housing, Chabahil, Kathmandu",Kathmandu,3500000,0,0,,0,South East,,348,0-5-3-0 Aana,14 Feet / Blacktopped,14 Feet , Blacktopped,N/A Aana,9 months ago,[],"Land For Sale : Land For Sale In Chabahil,",Other,1967.9375
"Flat For Rent In Hattiban, Lalitpur","Nearby, LA School, Hattiban, Lalitpur",Lalitpur,15000,2,1,,0,West,,596,700 Sq. Feet,15 Feet / Blacktopped,15 Feet , Blacktopped,N/A Sq. Feet,9 months ago,[],"Flat For Rent In Hattiban,",Flat,700.0
"Land For Sale In Lubhu, Lalitpur","Lubhu Sundar Basti, Lubhu, Lalitpur",Lalitpur,1650000,0,0,,0,South,,469,0-3-3-0 Aana,10 Feet / Soil Stabilized,10 Feet , Soil Stabilized,N/A Sq. Feet,9 months ago,[],"Land For Sale In Lubhu,",Other,1283.4375
"House For Sale In Thali, Kathmandu","Nearby, Thali Buspark, Thali, Kathmandu",Kathmandu,11000000,0,0,,0,West,,344,3 Aana,10 Feet / Soil Stabilized,10 Feet , Soil Stabilized,N/A Sq. Feet,9 months ago,"['Balcony', 'Modular Kitchen', 'TV Cable', 'Wifi', 'Drainage', 'Water Supply', 'Water Tank', 'Parking', 'Store Room']","House For Sale In Thali,",House,1026.75
"Flat For Rent In Bhaisepati, Lalitpur","Near Pritikunda Dham, Bhaisepati, Lalitpur",Lalitpur,16000,0,0,,0,West,,615,1000 Sq. Feet,15 Feet / Gravelled,15 Feet , Gravelled,N/A Sq. Feet,9 months ago,[],"Flat For Rent In Bhaisepati,",Flat,1000.0
"Flat For Rent In Baneshwor, Kathmandu","New Baneshwor, Baneshwor, Kathmandu",Kathmandu,25000,0,0,,0,West,,764,700 Sq. Feet,10 Feet / Blacktopped,10 Feet , Blacktopped,N/A Sq. Feet,9 months ago,[],"Flat For Rent In Baneshwor,",Flat,700.0
"2.5 Storey House On Sale At Sano Mandir , Gurjudhara : House For Sale In Gurujudhara, Kathmandu","gurjudhara , sano mandir, Gurujudhara, Kathmandu",Kathmandu,17000000,6,3,2.0,2,South East,,450,4.1 Aana,11 Feet,11 Feet,,N/A Aana,9 months ago,[],"2.5 Storey House On Sale At Sano Mandir , Gurjudhara : House For Sale In Gurujudhara,",House,1403.225
"Flat For Rent In Biratnagar, Morang","Biratnagar, Biratnagar, Morang",Kathmandu,17000,3,2,,0,West,,368,900 Sq. Feet,15 Feet / Blacktopped,15 Feet , Blacktopped,N/A Sq. Feet,9 months ago,[],Satdobato,Flat,900.0
"Civil Homes House : House For Sale In Chandragiri, Kathmandu","Civil Homes, Chandragiri, Kathmandu",Kathmandu,35000000,0,0,2.0,2,South East,,290,0-5-2-3 Aana,20 Feet / Blacktopped,20 Feet , Blacktopped,N/A Aana,9 months ago,"['Lawn', 'Balcony', 'Swimming Pool', 'Modular Kitchen']","Civil Homes House : House For Sale In Chandragiri,",House,1946.546875
"Sanepa House Sale : House For Sale In Sanepa, Lalitpur","Sanepa, Sanepa, Lalitpur",Lalitpur,30000000,4,4,3.0,2,North,,680,0-4-0-0 Aana,13 Feet / Blacktopped,13 Feet , Blacktopped,N/A Aana,9 months ago,[],"Sanepa House Sale : House For Sale In Sanepa,",House,1369.0
"Kamaldi Land Sale : Land For Sale In Kamaladi, Kathmandu","Kamaladi, Kamaladi, Kathmandu",Kathmandu,22000000,0,0,,0,North,,275,0-5-1-3 Aana,30 Feet / Blacktopped,30 Feet , Blacktopped,N/A Aana,9 months ago,[],"Kamaldi Land Sale : Land For Sale In Kamaladi,",Other,1860.984375
"House For Sale In Sukedhara, Kathmandu","Jyotinagar, Sukedhara, Kathmandu",Kathmandu,24000000,0,0,,0,North,,1.9K,0-3-3-0 Aana,13 Feet / Soil Stabilized,13 Feet , Soil Stabilized,N/A Sq. Feet,9 months ago,"['Balcony', 'Modular Kitchen', 'TV Cable', 'Wifi', 'Drainage', 'Water Tank', 'Water Well', 'Parking']","House For Sale In Sukedhara,",House,1283.4375
"House For Sale In Kirtipur, Kirtipur","Kirtipur, Kirtipur, Kathmandu",Kathmandu,4000000,0,0,,0,South,,630,1 Aana,10 Feet / Blacktopped,10 Feet , Blacktopped,N/A Sq. Feet,9 months ago,[],Satdobato,House,342.25
"Land For Sale In Pepsicola, Kathmandu","Birendra Chowk, Pepsicola, Kathmandu",Kathmandu,2750000,0,0,,0,South West,,819,6.5 Aana,15 Feet / Blacktopped,15 Feet , Blacktopped,N/A Aana,9 months ago,[],"Land For Sale In Pepsicola,",Other,2224.625
"12 Anna 3 Paisa Highway Touched Land On Sale At Dhungeadda , Kalanki : Land For Sale In Kalanki, Kathmandu","Dhungeadda ,kalanki, Kalanki, Kathmandu",Kathmandu,4000000,0,0,,0,South West,,392,12 .3 Aana,20 Feet / Blacktopped,20 Feet , Blacktopped,N/A Aana,9 months ago,[],"12 Anna 3 Paisa Highway Touched Land On Sale At Dhungeadda , Kalanki : Land For Sale In Kalanki,",Other,4209.675
"Land For Sale In Kirtipur, Kirtipur","Dhalpa, Kirtipur, Kathmandu",Kathmandu,1900000,0,0,,0,East,,417,0-4-2-0 Aana,13 Feet / Gravelled,13 Feet , Gravelled,N/A Sq. Feet,9 months ago,[],Satdobato,Other,1540.125
"House For Sale In Dharan, Dharan","Dharan-15, Dharan, Dharan",Kathmandu,8500000,0,0,,0,West,,417,5 Dhur,15 Feet / Gravelled,15 Feet , Gravelled,N/A Sq. Feet,9 months ago,[],Satdobato,House,364500.0
"Land For Sale In Narayanpur, Chitwan","Narayanpur, Narayanpur, Chitwan",Kathmandu,270000,0,0,,0,West,,306,0-8-5-0 Dhur,6 Meter / Gravelled,6 Meter , Gravelled,N/A Sq. Feet,9 months ago,[],Satdobato,Other,3165.8125
"House For Sale In Dharan, Dharan","Dharan-16, Dharan, Dharan",Kathmandu,8000000,0,0,,0,West,,470,5 Dhur,52 Feet / Blacktopped,52 Feet , Blacktopped,N/A Sq. Feet,9 months ago,[],Satdobato,House,364500.0
"Ploted Land On Sale At Harisiddi Near Cancer Hospital : Land For Sale In Harisiddhi, Lalitpur","Harisiddhi, Harisiddhi, Lalitpur",Lalitpur,2500000,0,0,,0,East,,342,4 Aana,13 Feet / Gravelled,13 Feet , Gravelled,4 Aana,9 months ago,[],"Ploted Land On Sale At Harisiddi Near Cancer Hospital : Land For Sale In Harisiddhi,",Other,1369.0
"Beautiful House On Rent At Sanepa : House For Rent In Sanepa, Lalitpur","Sanepa, Sanepa, Lalitpur",Lalitpur,200000,6,3,2.0,6,South,,472,26 Aana,13 Feet / Paved,13 Feet , Paved,8 Aana,9 months ago,"['Balcony', 'Garden', 'Water Supply', 'Parking']","Beautiful House On Rent At Sanepa : House For Rent In Sanepa,",House,8898.5
"Beautiful Square Land On Sale At Sanepa : Land For Sale In Sanepa, Lalitpur","Sanepa, Sanepa, Lalitpur",Lalitpur,6000000,0,0,,0,East,,259,8 Aana,20 Feet / Gravelled,20 Feet , Gravelled,N/A Aana,9 months ago,[],"Beautiful Square Land On Sale At Sanepa : Land For Sale In Sanepa,",Other,2738.0
"Land For Sale In Kirtipur, Kirtipur","Langol, Kirtipur, Kathmandu",Kathmandu,1200000,0,0,,0,West,,502,8 Aana,20 Feet,20 Feet,,N/A Sq. Feet,9 months ago,[],Satdobato,Other,2738.0
"House For Sale In Chandragiri, Kathmandu","Chandragiri, Chandragiri, Kathmandu",Kathmandu,21000000,0,0,3.0,0,West,,264,0-3-2-1 Aana,15 Feet,15 Feet,,N/A Sq. Feet,9 months ago,[],"House For Sale In Chandragiri,",House,1219.265625
"Land For Sale In Chovar, Kathmandu","Chovar, Chovar, Kathmandu",Kathmandu,1500000,0,0,,0,West,,254,18 Aana,15 Feet / Soil Stabilized,15 Feet , Soil Stabilized,N/A Sq. Feet,9 months ago,[],"Land For Sale In Chovar,",Other,6160.5
"House For Sale In Banasthali, Kathmandu","Banasthali, Banasthali, Kathmandu",Kathmandu,22500000,0,0,2.0,0,West,,802,0-3-2-2 Aana,13 Feet / Gravelled,13 Feet , Gravelled,N/A Sq. Feet,9 months ago,[],"House For Sale In Banasthali,",House,1240.65625
"House For Sale In Budhanilkantha, Kathmandu","Budhanilkanth, Budhanilkantha, Kathmandu",Kathmandu,28000000,0,0,,0,South,,289,4 Aana,15 Feet / Gravelled,15 Feet , Gravelled,N/A Sq. Feet,9 months ago,[],"House For Sale In Budhanilkantha,",House,1369.0
"House For Sale In Lamatar, Lalitpur","Lamatar, Lamatar, Lalitpur",Lalitpur,10000000,0,0,,0,West,,272,5 Aana,12 Feet / Soil Stabilized,12 Feet , Soil Stabilized,N/A Sq. Feet,9 months ago,[],"House For Sale In Lamatar,",House,1711.25
"House For Sale In Lamatar, Lalitpur","Lamatra, Lamatar, Lalitpur",Lalitpur,25000000,0,0,,0,West,,188,8 Aana,14 Feet / Gravelled,14 Feet , Gravelled,N/A Sq. Feet,9 months ago,[],"House For Sale In Lamatar,",House,2738.0
"House For Sale In Pokhara, Pokhara","Birauta, Pokhara, Pokhara",Kathmandu,13500000,2,1,1.0,0,North,,821,18*35 Sq. Feet,16 Feet / Gravelled,16 Feet , Gravelled,N/A Sq. Feet,9 months ago,[],Satdobato,House,1835.0
"Land At The Heart Of The Ktm City ,2.08 Cr : Land For Sale In Tahachal, Kathmandu","Tahachal,Ktm-13, Tahachal, Kathmandu",Kathmandu,3500000,0,0,,0,West,,405,0-5-3-3 Aana,14 Feet / Paved,14 Feet , Paved,N/A Aana,9 months ago,[],"Land At The Heart Of The Ktm City ,2.08 Cr : Land For Sale In Tahachal,",Other,2032.109375
"Baluwakhani Chok 4 Ana Home : House For Sale In Bhangal, Kathmandu","NA, Bhangal, Kathmandu",Kathmandu,24000000,6,6,3.0,1,North West,2076.0,292,4 Aana,15 Feet / Blacktopped,15 Feet , Blacktopped,N/A Aana,9 months ago,[],"Baluwakhani Chok 4 Ana Home : House For Sale In Bhangal,",House,1369.0
"Baluwakhani Home : House For Sale In Bhangal, Kathmandu","NA, Bhangal, Kathmandu",Kathmandu,24000000,6,6,3.0,1,South East,2076.0,318,4 Aana,14 Feet / Blacktopped,14 Feet , Blacktopped,N/A Aana,9 months ago,[],"Baluwakhani Home : House For Sale In Bhangal,",House,1369.0
"House For Sale In Imadol, Lalitpur","Sheetal tole, Imadol, Lalitpur",Lalitpur,21000000,5,3,3.0,3,East,2014.0,384,0-3-0-0 Aana,13 Feet / Blacktopped,13 Feet , Blacktopped,1880 Sq. Feet,9 months ago,"['Drainage', 'Solar Water', 'Water Tank', 'Water Well', 'Parking', 'TV Cable', 'Balcony', 'Internet']","House For Sale In Imadol,",House,1026.75
"Land For Sale In Ekantakuna, Lalitpur","Opposite of Dav College, Ekantakuna, Lalitpur",Lalitpur,5500000,0,0,,0,West,,302,11 Aana,10 Feet / Gravelled,10 Feet , Gravelled,N/A Sq. Feet,9 months ago,[],"Land For Sale In Ekantakuna,",Other,3764.75
"Land On Sale On Lagankhel, Lalitpur : Land For Sale In Lagankhel, Lalitpur","Next to Campaign School, Lalitpur, Lagankhel, Lalitpur",Lalitpur,5000000,0,0,,0,East,,354,0-5-0-0 Aana,20 Feet / Blacktopped,20 Feet , Blacktopped,N/A Aana,9 months ago,[],"Land On Sale On Lagankhel,",Other,1711.25
"Land For Sale In Satungal, Kathmandu","Satungal, Satungal, Kathmandu",Kathmandu,2000000,0,0,,0,North,,310,0-8-1-0 Aana,15 Feet / Blacktopped,15 Feet , Blacktopped,N/A Sq. Feet,9 months ago,[],"Land For Sale In Satungal,",Other,2823.5625
"Land For Sale In Kadaghari, Kathmandu","Nearby, Forcepark, Kadaghari, Kathmandu",Kathmandu,2500000,0,0,,0,North,,270,4 Aana,13 Feet / Gravelled,13 Feet , Gravelled,N/A Sq. Feet,9 months ago,[],"Land For Sale In Kadaghari,",Other,1369.0
"House For Sale In Harisiddhi, Lalitpur","Harisiddhi, Harisiddhi, Lalitpur",Lalitpur,12500000,0,0,2.0,0,East,,1.8K,3 Aana,13 Feet / Gravelled,13 Feet , Gravelled,N/A Sq. Feet,9 months ago,[],"House For Sale In Harisiddhi,",House,1026.75
"Flat For Rent In Narephate, Kathmandu","Near, Mahanagriye Police Chauki., Narephate, Kathmandu",Kathmandu,19500,3,0,,0,West,,381,600 Sq. Feet,15 Feet / Blacktopped,15 Feet , Blacktopped,N/A Sq. Feet,9 months ago,[],"Flat For Rent In Narephate,",Flat,600.0
"Land For Sale In Sanepa, Lalitpur","opposite to old star hospital, Sanepa, Lalitpur",Lalitpur,1000000,0,0,,0,West,,914,5 Aana,4 Feet / Soil Stabilized,4 Feet , Soil Stabilized,N/A Sq. Feet,9 months ago,[],"Land For Sale In Sanepa,",Other,1711.25
"House For Sale In Tokha, Kathmandu","Nearby, Grandy Hospital, Tokha, Kathmandu",Kathmandu,27500000,5,3,3.0,0,South,,559,4 Aana,26 Feet / Gravelled,26 Feet , Gravelled,N/A Sq. Feet,9 months ago,"['Balcony', 'Modular Kitchen', 'TV Cable', 'Wifi', 'Drainage', 'Water Supply', 'Solar Water', 'Water Well', 'Parking', 'Store Room']","House For Sale In Tokha,",House,1369.0
"House For Sale In Jorpati, Kathmandu","Narayantar, Jorpati, Kathmandu",Kathmandu,24000000,0,0,3.0,0,South,,449,4 Aana,15 Feet / Blacktopped,15 Feet , Blacktopped,N/A Sq. Feet,9 months ago,[],"House For Sale In Jorpati,",House,1369.0
"Land For Sale In Budhanilkantha, Kathmandu","Pasikot, Budhanilkantha, Kathmandu",Kathmandu,2000000,0,0,,0,South,,676,0-3-2-0 Aana,24 Feet / Gravelled,24 Feet , Gravelled,N/A Sq. Feet,9 months ago,[],"Land For Sale In Budhanilkantha,",Other,1197.875
"House For Sale In Nepaltar, Kathmandu","Nearby, Laxmi Bank, Nepaltar, Kathmandu",Kathmandu,24000000,11,3,3.0,0,North,,282,4 Aana,13 Feet / Blacktopped,13 Feet , Blacktopped,N/A Sq. Feet,9 months ago,"['Balcony', 'Modular Kitchen', 'Wifi', 'Drainage', 'Water Tank', 'Water Well', 'Parking']","House For Sale In Nepaltar,",House,1369.0
"Land For Sale In Budhanilkantha, Kathmandu","Pasikot, Budhanilkantha, Kathmandu",Kathmandu,1900000,0,0,,0,South,,396,4 Aana,13 Feet / Gravelled,13 Feet , Gravelled,N/A Sq. Feet,9 months ago,[],"Land For Sale In Budhanilkantha,",Other,1369.0
"House For Sale In Harisiddhi, Lalitpur","Nearby, Harisiddhi Buspark Chowk, Harisiddhi, Lalitpur",Lalitpur,11500000,0,0,1.0,0,East,,402,33 Aana,13 Feet,13 Feet,,N/A Sq. Feet,9 months ago,[],"House For Sale In Harisiddhi,",House,11294.25
"House On Sale At Dhungedhara : House For Sale In Dhungedhara, Kathmandu","dhungedhara, Dhungedhara, Kathmandu",Kathmandu,24500000,7,4,,0,West,,269,3.3 Aana,12 Feet,12 Feet,,N/A Aana,9 months ago,['Garden'],"House On Sale At Dhungedhara : House For Sale In Dhungedhara,",House,1129.425
"House For Rent In Baneshwor, Kathmandu","Baneshwor, Baneshwor, Kathmandu",Kathmandu,100000,0,0,,0,West,,645,4 Aana,13 Feet / Blacktopped,13 Feet , Blacktopped,N/A Sq. Feet,9 months ago,[],"House For Rent In Baneshwor,",House,1369.0
"Urgent Sale Dhulikhel Land : Land For Sale In Bhaktapur, Bhaktapur","dhulikhel tourist area, Bhaktapur, Bhaktapur",Bhaktapur,250000,0,0,,0,East,,499,16 Aana,12 Feet / Blacktopped,12 Feet , Blacktopped,N/A Aana,9 months ago,[],Urgent Sale Dhulikhel Land : Land For Sale In,Other,5476.0
"भैंसेपाटीमा नयाँ घर बिक्रिमा !! 285 Lakh ( Negotiable ) : House For Sale In Bhaisepati, Lalitpur","Bhaisepati, Bhaisepati, Lalitpur",Lalitpur,28500000,3,5,3.0,1,South West,2019.0,864,0-4-2-0 Aana,18 Feet / Blacktopped,18 Feet , Blacktopped,N/A Aana,9 months ago,"['Balcony', 'Gym', 'Washing Machine', 'TV Cable', 'Modular Kitchen', 'Fencing', 'Frontyard']","भैंसेपाटीमा नयाँ घर बिक्रिमा !! 285 Lakh ( Negotiable ) : House For Sale In Bhaisepati,",House,1540.125
"Urgent Sale Dhulikhel Land : Land For Sale In Bhaktapur, Bhaktapur","dhulikhel tourist area, Bhaktapur, Bhaktapur",Bhaktapur,1050000,0,0,,0,East,,271,18 Aana,14 Feet / Blacktopped,14 Feet , Blacktopped,N/A Aana,9 months ago,[],Urgent Sale Dhulikhel Land : Land For Sale In,Other,6160.5
"BUDHANILKANTHA VILLA LAND : Land For Sale In Budhanilkantha, Kathmandu","NA, Budhanilkantha, Kathmandu",Kathmandu,4200000,0,0,,0,North East,,374,8 Aana,20 Feet / Blacktopped,20 Feet , Blacktopped,N/A Aana,9 months ago,[],"Budhanilkantha Villa Land : Land For Sale In Budhanilkantha,",Villa,2738.0
"GOLFUTAR HEPLAI CLASSIC BUNGALOW : House For Sale In Budhanilkantha, Kathmandu","NA, Budhanilkantha, Kathmandu",Kathmandu,62000000,4,6,3.0,4,East,2076.0,1.1K,10 Aana,15 Feet / Blacktopped,15 Feet , Blacktopped,N/A Aana,9 months ago,"['Modular Kitchen', 'Microwave', 'TV Cable', 'Garden', 'Backyard', 'Frontyard', 'Balcony']","Golfutar Heplai Classic Bungalow : House For Sale In Budhanilkantha,",Bungalow,3422.5
"Basundhra Choker 6 Ana Home : House For Sale In Basundhara, Kathmandu","na, Basundhara, Kathmandu",Kathmandu,42500000,6,6,4.0,2,South,2075.0,277,6 Aana,15 Feet / Blacktopped,15 Feet , Blacktopped,N/A Aana,9 months ago,"['Modular Kitchen', 'TV Cable', 'Balcony']","Basundhra Choker 6 Ana Home : House For Sale In Basundhara,",House,2053.5
"Hattigauda Chokaima 4 Ana Home : House For Sale In Hattigauda, Kathmandu","na, Hattigauda, Kathmandu",Kathmandu,24500000,5,5,3.0,1,East,2076.0,444,4 Aana,30 Feet / Gravelled,30 Feet , Gravelled,N/A Aana,9 months ago,"['Modular Kitchen', 'TV Cable']","Hattigauda Chokaima 4 Ana Home : House For Sale In Hattigauda,",House,1369.0
"Busundhara 8 Ana Modern Home : House For Sale In Basundhara, Kathmandu","na, Basundhara, Kathmandu",Kathmandu,45000000,6,6,3.0,2,South West,,1.4K,8 Aana,15 Feet / Blacktopped,15 Feet , Blacktopped,N/A Aana,9 months ago,"['Garden', 'TV Cable', 'Modular Kitchen', 'Microwave', 'Balcony', 'Backyard', 'Frontyard']","Busundhara 8 Ana Modern Home : House For Sale In Basundhara,",House,2738.0
"Hattigauda 6.5 Ana Bungalow : House For Sale In Hattigauda, Kathmandu","NA, Hattigauda, Kathmandu",Kathmandu,33000000,0,0,,3,South West,,642,6.5 Aana,18 Feet / Blacktopped,18 Feet , Blacktopped,N/A Aana,9 months ago,"['Garden', 'Frontyard', 'Modular Kitchen', 'TV Cable']","Hattigauda 6.5 Ana Bungalow : House For Sale In Hattigauda,",Bungalow,2224.625
"House For Sale In Gaushala, Kathmandu","Nearby, Bijay Chowk, Gaushala, Kathmandu",Kathmandu,80000000,0,0,,0,South,,471,0-10-3-2 Aana,12 Feet / Blacktopped,12 Feet , Blacktopped,N/A Sq. Feet,9 months ago,"['Garage', 'Balcony', 'Modular Kitchen', 'TV Cable', 'Wifi', 'Drainage', 'Solar Water', 'Water Well', 'Parking', 'Store Room']","House For Sale In Gaushala,",House,3721.96875
"2.5 Floored House On Sale : House For Sale In Thasikhel, Lalitpur","Thashikhel-5, Near Open University Manbhawan, Amar Colony, Thasikhel, Lalitpur",Lalitpur,46500000,0,0,2.0,0,East,2070.0,484,4 Aana,21 Feet / Blacktopped,21 Feet , Blacktopped,0-4-1-2/139.11 Aana,9 months ago,"['TV Cable', 'Balcony', 'Air Condition', 'Wifi', 'Drainage', 'Water Supply', 'Water Tank', 'Water Well', 'Solar Water']","2.5 Floored House On Sale : House For Sale In Thasikhel,",House,1369.0
"House For Sale In Baluwatar, Kathmandu","Nearby, Russian Embassy, Baluwatar, Kathmandu",Kathmandu,34000000,5,0,3.0,0,South,,4.2K,4 Aana,15 Feet / Blacktopped,15 Feet , Blacktopped,N/A Aana,9 months ago,"['Garage', 'Balcony', 'Modular Kitchen', 'TV Cable', 'Wifi', 'Drainage', 'Water Supply', 'Water Tank', 'Water Well', 'Parking']","House For Sale In Baluwatar,",House,1369.0
"Business For Sale In Boudha, Kathmandu","Infront of KFC, Boudha, Kathmandu",Kathmandu,800000,0,0,,0,West,,284,400 Sq. Feet,15 Feet / Blacktopped,15 Feet , Blacktopped,N/A Sq. Feet,9 months ago,[],"Business For Sale In Boudha,",Other,400.0
"Plotting Land : Land For Sale In Nakhipot, Lalitpur","Kantipur Colony, Nakhipot, Lalitpur",Lalitpur,2200000,0,0,,0,South,,562,0-5-0-0 Aana,20 Feet / Blacktopped,20 Feet , Blacktopped,N/A Aana,9 months ago,[],"Plotting Land : Land For Sale In Nakhipot,",Other,1711.25
"Attractive Commercial Cum Residential Land At Prime Location Near Nirmal Niwas Maharajgunj For Sale : Land For Sale In Maharajgunj, Kathmandu","Behind Nirmal Niwas near UNHCR office, Maharajgunj, Kathmandu",Kathmandu,6500000,0,0,,0,East,,452,0-4-0-0 Aana,20 Feet / Blacktopped,20 Feet , Blacktopped,0-4-0-0 Aana,9 months ago,[],"Attractive Commercial Cum Residential Land At Prime Location Near Nirmal Niwas Maharajgunj For Sale : Land For Sale In Maharajgunj,",Other,1369.0
"MILAN CHOWK Land On Sale!! : Land For Sale In Mid Baneshwor, Kathmandu","MILAN CHOWK # 10, Mid Baneshwor, Kathmandu",Kathmandu,5800000,0,0,0.0,0,West,,822,4701 Sq. Feet,20 Feet / Blacktopped,20 Feet , Blacktopped,N/A Sq. Feet,9 months ago,[],"Milan Chowk Land On Sale!! : Land For Sale In Mid Baneshwor,",Other,4701.0
"MODERN HOUSE ON SALE!! : House For Sale In Jorpati, Kathmandu","Jambu Danda, Jorpati, Kathmandu",Kathmandu,21500000,4,3,3.0,1,East,,547,2700 Sq. Feet,12 Feet / Blacktopped,12 Feet , Blacktopped,2700 Sq. Feet,9 months ago,"['Lawn', 'Frontyard', 'Garden', 'Modular Kitchen', 'TV Cable', 'Wifi', 'Drainage', 'Water Supply', 'Solar Water', 'Water Tank', 'Kids Playground']","Modern House On Sale!! : House For Sale In Jorpati,",House,2700.0
"House For Sale In Joranku, Kathmandu","jarankhu kapresthali, Joranku, Kathmandu",Kathmandu,15900000,5,3,3.0,0,West,2075.0,403,0-3-0-0 Aana,8 Feet / Soil Stabilized,8 Feet , Soil Stabilized,0-2-4-6 Aana,9 months ago,"['Backyard', 'Frontyard', 'Balcony', 'Wifi', 'TV Cable', 'Water Supply']","House For Sale In Joranku,",House,1026.75
"Apartment For Rent : Apartment For Rent In Dhapasi, Kathmandu","12 D Uranus Tower, Dhapasi, Kathmandu",Kathmandu,60000,3,2,12.0,1,South West,,600,1481 Sq. Feet,0 Feet / Blacktopped,0 Feet , Blacktopped,N/A Aana,9 months ago,"['Balcony', 'Gym', 'Garden', 'Drainage', 'Water Supply', 'Modular Kitchen', 'Lawn', 'Swimming Pool', 'TV Cable']","Apartment For Rent : Apartment For Rent In Dhapasi,",Apartment,1481.0
"House For Rent In Baluwatar, Kathmandu","Baluwatar, Baluwatar, Kathmandu",Kathmandu,110000,3,3,,0,East,,652,6 Aana,12 Feet / Blacktopped,12 Feet , Blacktopped,N/A Sq. Feet,9 months ago,[],"House For Rent In Baluwatar,",House,2053.5
"Land For Sale In Tokha, Kathmandu","Sangla, Tokha, Kathmandu",Kathmandu,1650000,0,0,,0,South,,426,0-4-5-0 Aana,10 Feet / Soil Stabilized,10 Feet , Soil Stabilized,N/A Sq. Feet,9 months ago,[],"Land For Sale In Tokha,",Other,1796.8125
"House For Sale In Basundhara, Kathmandu","Basundhara, Basundhara, Kathmandu",Kathmandu,23500000,0,0,,0,East,,448,0-3-1-0 Aana,15 Feet / Blacktopped,15 Feet , Blacktopped,N/A Sq. Feet,9 months ago,"['TV Cable', 'Wifi', 'Drainage', 'Water Supply', 'Water Tank']","House For Sale In Basundhara,",House,1112.3125
"Land For Sale In Goldhunga, Kathmandu","Goldhunga, Goldhunga, Kathmandu",Kathmandu,1000000,0,0,,0,North,,502,0-2-2-0 Aana,15 Feet / Soil Stabilized,15 Feet , Soil Stabilized,N/A Sq. Feet,9 months ago,[],"Land For Sale In Goldhunga,",Other,855.625
"House For Sale In Sukedhara, Kathmandu","Sukedhara Chowk, Sukedhara, Kathmandu",Kathmandu,42000000,0,0,2.5,0,North,,318,4 Aana,20 Feet / Blacktopped,20 Feet , Blacktopped,N/A Sq. Feet,9 months ago,[],"House For Sale In Sukedhara,",House,1369.0
"House For Sale In Bhaktapur, Bhaktapur","Bhaktapur, Bhaktapur, Bhaktapur",Bhaktapur,14000000,0,0,,0,West,,589,0-4-5-0 Sq. Feet,13 Feet / Gravelled,13 Feet , Gravelled,N/A Sq. Feet,9 months ago,[],House For Sale In,House,1796.8125
"Business For Sale In Boudha, Kathmandu","Opp. to Boudha Gate, Boudha, Kathmandu",Kathmandu,6500000,0,0,,0,North,,291,1000 Sq. Feet,20 Feet / Blacktopped,20 Feet , Blacktopped,N/A Sq. Feet,9 months ago,[],"Business For Sale In Boudha,",Other,1000.0
"Business For Sale In Putalisadak, Kathmandu","Opp. to Nepal Investment Bank, Putalisadak, Kathmandu",Kathmandu,1800000,0,0,,0,West,,240,700 Sq. Feet,15 Feet / Blacktopped,15 Feet , Blacktopped,N/A Sq. Feet,9 months ago,[],"Business For Sale In Putalisadak,",Other,700.0
"Business For Sale In Chabahil, Kathmandu","Opp. to Gopi Krishna Hall, Chabahil, Kathmandu",Kathmandu,2000000,0,0,,0,West,,228,1000 Sq. Feet,15 Feet / Blacktopped,15 Feet , Blacktopped,N/A Sq. Feet,9 months ago,[],"Business For Sale In Chabahil,",Other,1000.0
"Business For Sale In Sundhara, Kathmandu","Civil Mall, 4th floor, Sundhara, Kathmandu",Kathmandu,2000000,0,0,,0,North,,199,500 Sq. Feet,20 Feet / Blacktopped,20 Feet , Blacktopped,N/A Sq. Feet,9 months ago,[],"Business For Sale In Sundhara,",Other,500.0
"Business For Sale In Satdobato, Lalitpur","Dholahiti Chowk, Satdobato, Lalitpur",Lalitpur,9000000,0,0,,0,North,,185,3000 Sq. Feet,20 Feet / Blacktopped,20 Feet , Blacktopped,N/A Sq. Feet,9 months ago,[],"Business For Sale In Satdobato,",Other,3000.0
"Business For Sale In Jorpati, Kathmandu","Nearby Krishi Bikash Bank, Jorpati, Kathmandu",Kathmandu,900000,0,0,,0,North,,246,500 Sq. Feet,15 Feet / Gravelled,15 Feet , Gravelled,N/A Sq. Feet,9 months ago,[],"Business For Sale In Jorpati,",Other,500.0
"Business For Sale In Newroad, Kathmandu","Park Plazza 1st floor shop no-A11, Newroad, Kathmandu",Kathmandu,550000,0,0,,0,West,,274,400 Sq. Feet,15 Feet / Blacktopped,15 Feet , Blacktopped,N/A Sq. Feet,9 months ago,[],"Business For Sale In Newroad,",Other,400.0
"Land For Sale In Kirtipur, Kirtipur","Nearby, Rarahill School, Kirtipur, Kathmandu",Kathmandu,2000000,0,0,,0,West,,396,5 Aana,12 Feet / Gravelled,12 Feet , Gravelled,N/A Sq. Feet,9 months ago,[],Satdobato,Other,1711.25
"House For Sale In Gurujudhara, Kathmandu","Gurujudhara, Gurujudhara, Kathmandu",Kathmandu,8500000,2,1,1.0,0,West,,542,0-3-1-0 Aana,10 Feet / Gravelled,10 Feet , Gravelled,N/A Sq. Feet,9 months ago,"['TV Cable', 'Drainage', 'Water Supply', 'Water Tank']","House For Sale In Gurujudhara,",House,1112.3125
"Land For Sale In Bafal, Kathmandu","Opposite from Makalu petrol pump, Bafal, Kathmandu",Kathmandu,3500000,0,0,,0,South,,412,0-2-5-0 Aana,18 Feet / Gravelled,18 Feet , Gravelled,N/A Sq. Feet,9 months ago,[],"Land For Sale In Bafal,",Other,1112.3125
"Land For Sale In Madhyapur Thimi, Bhaktapur","Nearby, Chardobato, Madhyapur Thimi, Bhaktapur",Bhaktapur,4100000,0,0,,0,South,,301,0-3-1-3 Aana,36 Feet / Blacktopped,36 Feet , Blacktopped,N/A Sq. Feet,9 months ago,[],"Land For Sale In Madhyapur Thimi,",Other,1176.484375
"House For Sale In Bharatpur, Chitwan","Naurangey, Bharatpur, Chitwan",Kathmandu,13500000,3,3,3.0,3,South,,459,10 Dhur,6 Meter / Blacktopped,6 Meter , Blacktopped,N/A Sq. Feet,9 months ago,"['Balcony', 'TV Cable', 'Drainage', 'Water Supply', 'Water Tank']",Satdobato,House,729000.0
"House For Sale In Sanepa, Lalitpur","Sanepa, Sanepa, Lalitpur",Lalitpur,150000000,10,10,4.5,0,South,,3.2K,17 Aana,20 Feet / Blacktopped,20 Feet , Blacktopped,N/A Sq. Feet,9 months ago,"['Balcony', 'Garden', 'TV Cable', 'Wifi', 'Drainage', 'Water Supply', 'Solar Water', 'Water Tank', 'Water Well']","House For Sale In Sanepa,",House,5818.25
"House For Sale In Dhapasi, Kathmandu","Dhapasi, Dhapasi, Kathmandu",Kathmandu,12500000,0,0,,0,East,,1.6K,0-2-5-0 Aana,13 Feet / Soil Stabilized,13 Feet , Soil Stabilized,N/A Sq. Feet,9 months ago,[],"House For Sale In Dhapasi,",House,1112.3125
"Land For Sale In Dhapasi, Kathmandu","Dhapasi Height, Dhapasi, Kathmandu",Kathmandu,2700000,0,0,,0,East,,402,5 Aana,13 Feet / Gravelled,13 Feet , Gravelled,N/A Aana,9 months ago,[],"Land For Sale In Dhapasi,",Other,1711.25
"Land For Sale In Jorpati, Kathmandu","Thali, Jorpati, Kathmandu",Kathmandu,675000,0,0,,0,West,,561,0-5-3-0 Aana,10 Feet / Soil Stabilized,10 Feet , Soil Stabilized,N/A Sq. Feet,9 months ago,[],"Land For Sale In Jorpati,",Other,1967.9375
"House For Sale In Baluwatar, Kathmandu","Baluwatar, Baluwatar, Kathmandu",Kathmandu,46000000,0,0,,0,South West,,899,8 Aana,13 Feet / Blacktopped,13 Feet , Blacktopped,N/A Aana,9 months ago,"['Balcony', 'TV Cable', 'Wifi', 'Drainage', 'Water Supply', 'Solar Water', 'Water Tank']","House For Sale In Baluwatar,",House,2738.0
"Nepal Medicity Hospital Agadi 200 Mitar Vitra : House For Sale In Nakkhu, Lalitpur","Nepal medicity hospital near, Nakkhu, Lalitpur",Lalitpur,33000000,0,0,3.0,2,North,2016.0,339,0-5-1-0 Aana,13 Feet / Soil Stabilized,13 Feet , Soil Stabilized,2300 Aana,9 months ago,"['Garage', 'Water Supply', 'Solar Water']","Nepal Medicity Hospital Agadi 200 Mitar Vitra : House For Sale In Nakkhu,",House,1796.8125
"Land For Sale In Dhobighat, Lalitpur","Nearby, JCB Karkhana, Dhobighat, Lalitpur",Lalitpur,3200000,0,0,,0,East,,13.1K,21 Aana,12 Feet / Blacktopped,12 Feet , Blacktopped,N/A Aana,9 months ago,[],"Land For Sale In Dhobighat,",Other,7187.25
"Kalanki Srijanachowk Jagga Tu Bikrima. : Land For Sale In Chandragiri, Kathmandu","Srijana Chowk, Daha Chowk, Chandragiri, Kathmandu",Kathmandu,1900000,0,0,0.0,0,South West,,500,4 Aana,16 Feet / Blacktopped,16 Feet , Blacktopped,N/A Aana,9 months ago,[],"Kalanki Srijanachowk Jagga Tu Bikrima. : Land For Sale In Chandragiri,",Other,1369.0
"House : House For Sale In Kavresthali, Kathmandu","Kavresthali, Balaju, Kavresthali, Kathmandu",Kathmandu,19000000,6,3,3.0,1,North East,2018.0,327,3.2 Aana,0 Feet,0 Feet,,792 Sq. Feet,9 months ago,"['Backyard', 'Balcony', 'Fencing', 'Drainage', 'Water Supply', 'Modular Kitchen', 'Water Well', 'Water Tank', 'Solar Water', 'Washing Machine']","House : House For Sale In Kavresthali,",House,1095.2
"HOUSE FOR RENT : House For Rent In Godawari, Lalitpur","Godawari, Godawari, Lalitpur",Lalitpur,175000,4,3,2.0,1,East,2046.0,541,15000 Sq. Feet,15 Feet / Concrete,15 Feet , Concrete,3300 Sq. Feet,9 months ago,"['Lawn', 'Garage', 'Backyard', 'Balcony', 'Fencing', 'Frontyard', 'Garden', 'Drainage', 'Water Supply', 'Solar Water', 'Water Tank']","House For Rent : House For Rent In Godawari,",House,15000.0
"Ghaderi Jagga : Land For Sale In Sipadol, Bhaktapur","10, Sipadol, Bhaktapur",Bhaktapur,15,0,0,,0,East,,465,4 Aana,8 Feet / Blacktopped,8 Feet , Blacktopped,4 Aana,9 months ago,[],"Ghaderi Jagga : Land For Sale In Sipadol,",Other,1369.0
"BUDANILKANTHA HOMES : House For Sale In Budhanilkantha, Kathmandu","NA, Budhanilkantha, Kathmandu",Kathmandu,30500000,4,4,3.0,2,North East,2019.0,740,5 Aana,15 Feet / Blacktopped,15 Feet , Blacktopped,N/A Sq. Feet,9 months ago,"['Modular Kitchen', 'Water Supply', 'Drainage', 'Wifi', 'Garage', 'Lawn', 'Balcony', 'Microwave']","Budanilkantha Homes : House For Sale In Budhanilkantha,",House,1711.25
"Land : Land For Sale In Lamatar, Lalitpur","Nearby Sirutar, Lamatar, Lalitpur",Lalitpur,1250000,0,0,,0,East,,253,6.5 Aana,13 Feet / Gravelled,13 Feet , Gravelled,N/A Aana,9 months ago,[],"Land : Land For Sale In Lamatar,",Other,2224.625
"Modern House For Sale In Hetauda : House For Sale In Hetauda, Makwanpur","Gardoi, Hetauda, Makwanpur",Kathmandu,15000000,4,3,3.0,1,South,2018.0,439,9 Dhur,6 Meter / Gravelled,6 Meter , Gravelled,4.5 Dhur,9 months ago,"['Backyard', 'Balcony']",Satdobato,House,656100.0
"House For Sale In Sukedhara, Kathmandu","New colony, Sukedhara, Kathmandu",Kathmandu,21000000,6,3,2.0,2,North,2072.0,288,3 Aana,14 Feet / Blacktopped,14 Feet , Blacktopped,90.00 Sq. Feet,9 months ago,"['Balcony', 'Water Well', 'TV Cable', 'Wifi']","House For Sale In Sukedhara,",House,1026.75
"Land Sale At Lalitpur Kusunti.Ringroad : Land For Sale In Kusunti, Lalitpur","Nearby Ringroad, Kusunti, Lalitpur",Lalitpur,6000000,0,0,,0,East,,193,11 Aana,26 Feet,26 Feet,,N/A Aana,9 months ago,[],Land Sale At,Other,3764.75
"Tikathaliko Ghar Bikrima : House For Sale In Tikathali, Lalitpur","Tikathali, Tikathali, Lalitpur",Lalitpur,22500000,6,3,3.0,1,East,2076.0,344,0-3-2-0 Ropani,12 Feet / Blacktopped,12 Feet , Blacktopped,2100 Ropani,9 months ago,['Water Supply'],"Tikathaliko Ghar Bikrima : House For Sale In Tikathali,",House,1197.875
"HOUSE FOR SALE IN CHITWAN : House For Sale In Bharatpur, Chitwan","bharattpur-2 aaptari near samata school, Bharatpur, Chitwan",Kathmandu,23000000,11,6,3.0,3,North,2019.0,362,10 Dhur,20 Feet / Blacktopped,20 Feet , Blacktopped,10 Dhur,9 months ago,"['Garage', 'Balcony', 'Fencing', 'Wifi', 'Water Supply', 'TV Cable', 'Water Tank']",Satdobato,House,729000.0
"Land For Sale In Butwal, Butwal","Jogikuti Chowk, Butwal, Butwal",Kathmandu,300000,0,0,,0,East,,5.5K,10 Dhur,12 Feet / Blacktopped,12 Feet , Blacktopped,N/A Dhur,9 months ago,[],Satdobato,Other,729000.0
"Land For Sale In Madhyapur Thimi, Bhaktapur","opposite to TB Hospital., Madhyapur Thimi, Bhaktapur",Bhaktapur,3200000,0,0,,0,West,,384,6 Aana,13 Feet / Blacktopped,13 Feet , Blacktopped,N/A Sq. Feet,9 months ago,[],"Land For Sale In Madhyapur Thimi,",Other,2053.5
"Land For Sale In Budhanilkantha, Kathmandu","Hepali Height, Budhanilkantha, Kathmandu",Kathmandu,2200000,0,0,,0,East,,324,9 Aana,15 Feet / Soil Stabilized,15 Feet , Soil Stabilized,N/A Sq. Feet,9 months ago,[],"Land For Sale In Budhanilkantha,",Other,3080.25
"House For Sale In Lazimpat, Kathmandu","Khursanitar, Lazimpat, Kathmandu",Kathmandu,55000000,10,5,,5,South,,472,8 Aana,15 Feet / Gravelled,15 Feet , Gravelled,N/A Sq. Feet,9 months ago,"['Balcony', 'TV Cable', 'Wifi', 'Drainage', 'Water Supply', 'Solar Water', 'Water Tank']","House For Sale In Lazimpat,",House,2738.0
"Land For Sale In Budhanilkantha, Kathmandu","Dauba Chowk, Budhanilkantha, Kathmandu",Kathmandu,2550000,0,0,,0,West,,392,11 Aana,13 Feet / Gravelled,13 Feet , Gravelled,N/A Sq. Feet,9 months ago,[],"Land For Sale In Budhanilkantha,",Other,3764.75
"House For Sale In Sukedhara, Kathmandu","Sukedhara, Sukedhara, Kathmandu",Kathmandu,40000000,5,4,2.5,0,South,,449,6 Aana,15 Feet / Gravelled,15 Feet , Gravelled,N/A Sq. Feet,9 months ago,"['Balcony', 'Modular Kitchen', 'TV Cable', 'Wifi', 'Drainage', 'Water Supply', 'Solar Water', 'Water Tank']","House For Sale In Sukedhara,",House,2053.5
"Land For Sale In Budhanilkantha, Kathmandu","Budhanilkantha, Budhanilkantha, Kathmandu",Kathmandu,2600000,0,0,,0,North,,285,14 Aana,13 Feet / Soil Stabilized,13 Feet , Soil Stabilized,N/A Sq. Feet,9 months ago,[],"Land For Sale In Budhanilkantha,",Other,4791.5
"3 Aana Land At Dhapakhel, Lalitpur : Land For Sale In Dhapakhel, Lalitpur","Dhapakhel, Dhapakhel, Lalitpur",Lalitpur,2350000,0,0,0.0,0,South,,422,0-3-0-0 Aana,13 Feet / Blacktopped,13 Feet , Blacktopped,N/A Aana,9 months ago,[],"3 Aana Land At Dhapakhel,",Other,1026.75
"Kapan House For Sale.. : House For Sale In Kapan, Kathmandu","Kapan, Budanilkantha-11, Kapan, Kathmandu",Kathmandu,10600000,2,1,1.0,1,South,,783,3 Aana,10 Feet,10 Feet,,3 Aana,9 months ago,"['Garage', 'Wifi', 'Drainage', 'Water Supply', 'Water Tank', 'Water Well']","Kapan House For Sale.. : House For Sale In Kapan,",House,1026.75
"Business For Rent In Baneshwor, Kathmandu","New Baneshwor, Baneshwor, Kathmandu",Kathmandu,35000,0,0,,0,East,,329,3 Aana,0 Feet,0 Feet,,N/A Aana,9 months ago,[],"Business For Rent In Baneshwor,",Other,1026.75
"LAND ON RENT : Land For Rent In Pepsicola, Kathmandu","PEPSICOLA, Pepsicola, Kathmandu",Kathmandu,38000,0,0,,0,East,,1.1K,14 Aana,20 Feet,20 Feet,,N/A Aana,9 months ago,[],"Land On Rent : Land For Rent In Pepsicola,",Other,4791.5
"Land For Sale In Fikal, Illam","Fikal, Fikal, Illam",Kathmandu,1850000,0,0,0.0,0,South,,206,0-4-2-1 Ropani,16 Feet / Blacktopped,16 Feet , Blacktopped,N/A Sq. Feet,10 months ago,[],Satdobato,Other,1561.515625
"भैंसेपाटी नक्खुमा Modern Bungalow बिक्रिमा !! 190 Lakh (Negotiable ) : House For Sale In Bhaisepati, Lalitpur","Nakkhu Near Medicty Hospital, Bhaisepati, Lalitpur",Lalitpur,19000000,4,5,3.0,1,East,2019.0,2.9K,1900 Sq. Feet,15 Feet / Gravelled,15 Feet , Gravelled,3 Aana,9 months ago,"['Garage', 'Drainage', 'Frontyard', 'Balcony', 'Gym', 'Water Supply', 'Modular Kitchen', 'Fencing']","भैंसेपाटी नक्खुमा Modern Bungalow बिक्रिमा !! 190 Lakh (Negotiable ) : House For Sale In Bhaisepati,",Bungalow,1900.0
"Land For Sale In Dhapakhel, Lalitpur","Nagdaha, Dhapakhel, Lalitpur",Lalitpur,1500000,0,0,,0,South,,488,4 Sq. Feet,12 Feet,12 Feet,,N/A Sq. Feet,10 months ago,[],"Land For Sale In Dhapakhel,",Other,4.0
"Land For Sale In Budhanilkantha, Kathmandu","Chunikhel, Budhanilkantha, Kathmandu",Kathmandu,2200000,0,0,,0,West,,264,24 Aana,14 Feet,14 Feet,,N/A Sq. Feet,10 months ago,[],"Land For Sale In Budhanilkantha,",Other,8214.0
"House For Sale In Panipokhari, Kathmandu","Panipokhari, Panipokhari, Kathmandu",Kathmandu,55000000,0,0,3.0,2,West,,372,8 Sq. Feet,13 Feet,13 Feet,,N/A Sq. Feet,10 months ago,"['Balcony', 'TV Cable', 'Drainage', 'Water Supply', 'Water Tank']","House For Sale In Panipokhari,",House,8.0
"Land For Sale In Durbar Marg, Kathmandu","Durbar Marg, Durbar Marg, Kathmandu",Kathmandu,20000000,0,0,,0,South,,379,14 Aana,20 Feet,20 Feet,,N/A Aana,10 months ago,[],"Land For Sale In Durbar Marg,",Other,4791.5
"Land For Sale In Budhanilkantha, Kathmandu","Budhanilkantha, Budhanilkantha, Kathmandu",Kathmandu,2250000,0,0,,0,South,,369,18 Aana,16 Feet,16 Feet,,N/A Aana,10 months ago,[],"Land For Sale In Budhanilkantha,",Other,6160.5
"Land For Sale In Bhaisepati, Lalitpur","Fulbari Marg, Bhaisepati, Lalitpur",Lalitpur,2600000,0,0,,0,South,,382,0-5-3-1 Aana,13 Feet,13 Feet,,N/A Sq. Feet,10 months ago,[],"Land For Sale In Bhaisepati,",Other,1989.328125
"House For Sale In Sanepa, Lalitpur","Sanepa, Sanepa, Lalitpur",Lalitpur,150000000,0,0,5.0,0,South,,810,17 Aana,20 Feet,20 Feet,,N/A Sq. Feet,10 months ago,"['Balcony', 'TV Cable', 'Drainage', 'Water Supply', 'Water Tank']","House For Sale In Sanepa,",House,5818.25
"Land For Sale In Duwakot, Bhaktapur","Duwakot, Duwakot, Bhaktapur",Bhaktapur,1450000,0,0,0.0,0,South,,249,0-4-3-0 Ropani,12 Feet / Soil Stabilized,12 Feet , Soil Stabilized,N/A Sq. Feet,10 months ago,[],"Land For Sale In Duwakot,",Other,1625.6875
"OFFICE SPACE FOR RENT AT DAI COMPLEX : Office Space For Rent In Guheshwori, Kathmandu","Panchakanya Margh, Guheshwori, Kathmandu",Kathmandu,100,0,0,6.0,1,West,2017.0,455,75000 Sq. Feet,30 Feet / Paved,30 Feet , Paved,42000 Sq. Feet,10 months ago,"['Deck', 'Wifi', 'Drainage', 'Fencing', 'Water Supply', 'Air Condition']","Office Space For Rent At Dai Complex : Office Space For Rent In Guheshwori,",Other,75000.0
"House For Sale In Basundhara, Kathmandu","Basundhara, Basundhara, Kathmandu",Kathmandu,39000000,5,2,3.0,0,South,,302,5 Aana,14 Feet,14 Feet,,N/A Sq. Feet,10 months ago,"['Balcony', 'TV Cable', 'Drainage', 'Water Supply', 'Water Tank']","House For Sale In Basundhara,",House,1711.25
"House For Sale In Budhanilkantha, Kathmandu","Budhanilkantha, Budhanilkantha, Kathmandu",Kathmandu,39000000,4,4,2.0,3,South,,646,10 Aana,13 Feet,13 Feet,,N/A Sq. Feet,10 months ago,"['Balcony', 'Garden', 'Modular Kitchen', 'TV Cable', 'Drainage', 'Water Supply', 'Water Tank']","House For Sale In Budhanilkantha,",House,3422.5
"Land For Sale In Tripureshwor, Kathmandu","Baidhya Chowk, Tripureshwor, Kathmandu",Kathmandu,4700000,0,0,,0,South,,319,11 Aana,12 Feet,12 Feet,,N/A Sq. Feet,10 months ago,[],"Land For Sale In Tripureshwor,",Other,3764.75
"Apartment For Rent In Lazimpat, Kathmandu","Lazimpat, Lazimpat, Kathmandu",Kathmandu,110000,3,3,,0,South East,,860,1200 Sq. Feet,20 Feet,20 Feet,,N/A Sq. Feet,10 months ago,"['Modular Kitchen', 'TV Cable', 'Drainage', 'Water Supply', 'Water Tank']","Apartment For Rent In Lazimpat,",Apartment,1200.0
"Land For Sale In Hattigauda, Kathmandu","Hattigauda, Hattigauda, Kathmandu",Kathmandu,2800000,0,0,,0,East,,352,4 Aana,15 Feet,15 Feet,,N/A Sq. Feet,10 months ago,[],"Land For Sale In Hattigauda,",Other,1369.0
"House For Sale In Budhanilkantha, Kathmandu","Taulung, Budhanilkantha, Kathmandu",Kathmandu,26000000,0,0,,0,North East,,535,0-6-1-2 Aana,16 Feet,16 Feet,,N/A Sq. Feet,10 months ago,"['Balcony', 'TV Cable', 'Drainage', 'Water Supply', 'Water Tank']","House For Sale In Budhanilkantha,",House,2181.84375
"Land For Sale In Changunarayan, Bhaktapur","Bageshwori, Changunarayan, Bhaktapur",Bhaktapur,725000,0,0,,0,East,,332,14 Aana,13 Feet,13 Feet,,N/A Sq. Feet,10 months ago,[],"Land For Sale In Changunarayan,",Other,4791.5
"Apartment For Rent In Jhamsikhel, Lalitpur","Jhamsikhel, Jhamsikhel, Lalitpur",Lalitpur,180000,2,2,,0,East,,488,1200 Sq. Feet,13 Feet,13 Feet,,N/A Sq. Feet,10 months ago,"['Air Condition', 'Balcony', 'Modular Kitchen', 'TV Cable', 'Wifi', 'Drainage', 'Water Supply']","Apartment For Rent In Jhamsikhel,",Apartment,1200.0
"Dhapakhel House On Rent : House For Rent In Dhapakhel, Lalitpur","Dhapkhel, Dhapakhel, Lalitpur",Lalitpur,125000,6,4,3.0,2,South,2016.0,437,3080 Sq. Feet,20 Feet / Blacktopped,20 Feet , Blacktopped,N/A Aana,10 months ago,"['Garage', 'Backyard', 'Lawn', 'Frontyard', 'Balcony', 'Garden', 'Microwave', 'Wifi', 'Drainage', 'Water Supply', 'Modular Kitchen', 'TV Cable', 'Solar Water', 'Water Tank']","Dhapakhel House On Rent : House For Rent In Dhapakhel,",House,3080.0
"House For Sale In Boudha, Kathmandu","Ramhiti, Boudha, Kathmandu",Kathmandu,33000000,0,0,4.0,0,East,,360,7 Aana,20 Feet,20 Feet,,N/A Sq. Feet,10 months ago,"['Balcony', 'TV Cable', 'Drainage', 'Water Supply', 'Water Tank']","House For Sale In Boudha,",House,2395.75
"Land Sale On Gongabu, Tokha : Land For Sale In Tokha, Kathmandu","Gongabu Tokha, Tokha, Kathmandu",Kathmandu,2100000,0,0,,0,East,,354,0-5-3-1 Aana,0 Feet,0 Feet,,N/A Aana,10 months ago,[],"Land Sale On Gongabu, Tokha : Land For Sale In Tokha,",Other,1989.328125
"House For Rent In Kupondole, Lalitpur","Kupondole, Kupondole, Lalitpur",Lalitpur,170000,0,0,,0,East,,409,8 Aana,13 Feet,13 Feet,,N/A Sq. Feet,10 months ago,"['Balcony', 'Wifi', 'Drainage', 'Water Supply', 'Water Tank']","House For Rent In Kupondole,",House,2738.0
"House For Rent In Baluwatar, Kathmandu","Baluwatar, Baluwatar, Kathmandu",Kathmandu,160000,7,5,3.0,5,South,,406,8 Aana,13 Feet,13 Feet,,N/A Sq. Feet,10 months ago,"['Balcony', 'TV Cable', 'Drainage', 'Water Supply', 'Water Tank']","House For Rent In Baluwatar,",House,2738.0
"House For Sale In Bhangal, Kathmandu","Bhangal, Bhangal, Kathmandu",Kathmandu,24500000,0,0,,0,South East,,782,4 Aana,14 Feet,14 Feet,,N/A Sq. Feet,10 months ago,"['Balcony', 'Modular Kitchen', 'TV Cable', 'Drainage', 'Water Supply', 'Water Tank']","House For Sale In Bhangal,",House,1369.0
"House For Sale In Hattigauda, Kathmandu","Hattigauda, Hattigauda, Kathmandu",Kathmandu,61500000,0,0,,0,South,,1.2K,18 Aana,15 Feet,15 Feet,,N/A Sq. Feet,10 months ago,"['Balcony', 'Garden', 'TV Cable', 'Drainage', 'Water Supply', 'Water Tank']","House For Sale In Hattigauda,",House,6160.5
"House For Sale In Banasthali, Kathmandu","Banasthali, Banasthali, Kathmandu",Kathmandu,70000000,4,5,3.0,0,South,,345,10 Aana,12 Feet,12 Feet,,3700 Sq. Feet,10 months ago,"['Balcony', 'Garden', 'Modular Kitchen', 'TV Cable', 'Wifi', 'Drainage', 'Water Supply', 'Water Tank']","House For Sale In Banasthali,",House,3422.5
"House For Rent In Tripureshwor, Kathmandu","Tripureshwor, Tripureshwor, Kathmandu",Kathmandu,1000000,0,0,5.0,0,North,,296,8 Aana,20 Feet,20 Feet,,14582 Sq. Feet,10 months ago,"['Wifi', 'Drainage', 'Water Supply']","House For Rent In Tripureshwor,",House,2738.0
"Land For Sale In Kupondole, Lalitpur","Nearby Nightingle School, Kupondole, Lalitpur",Lalitpur,70000000,9,4,4.0,0,South West,,423,1-1-2-0 Ropani,9 Feet,9 Feet,,N/A Sq. Feet,10 months ago,"['Balcony', 'Garden', 'Wifi', 'Drainage', 'Water Supply', 'Water Tank']","Land For Sale In Kupondole,",Other,5989.375
"House For Sale In Panauti, Kavre","Panauti, Panauti, Kavre",Kathmandu,9000000,7,3,3.0,0,East,,314,3 Aana,24 Feet,24 Feet,,2200 Sq. Feet,10 months ago,"['Balcony', 'TV Cable', 'Drainage', 'Water Supply', 'Water Tank']",Satdobato,House,1026.75
"House For Rent In Gongabu, Kathmandu","Gongabu, Gongabu, Kathmandu",Kathmandu,130000,9,3,3.0,0,North,,455,8 Sq. Feet,12 Feet,12 Feet,,N/A Sq. Feet,10 months ago,"['TV Cable', 'Drainage', 'Water Supply', 'Water Tank', 'Water Well']","House For Rent In Gongabu,",House,8.0
"Land On Sell At Sallaghari : Land For Sale In Sallaghari, Bhaktapur","Katunje, Sallaghari, Bhaktapur",Bhaktapur,1200000,0,0,,0,North East,,433,0-6-0-0 Aana,0 Feet / Soil Stabilized,0 Feet , Soil Stabilized,N/A Aana,10 months ago,[],"Land On Sell At Sallaghari : Land For Sale In Sallaghari,",Other,2053.5
"LAND ON SALE : Land For Sale In Mahankal, Kathmandu","Budhanilkantha, Mahankal, Kathmandu",Kathmandu,1950000,0,0,,0,South,,286,0-4-0-0 Ropani,15 Feet,15 Feet,,N/A Aana,10 months ago,[],"Land On Sale : Land For Sale In Mahankal,",Other,1369.0
"Fully Furnished Apartment : Apartment For Rent In Kuleshwor, Kathmandu","Test address, Kuleshwor, Kathmandu",Kathmandu,30000,2,1,5.0,1,South,2064.0,790,850 Sq. Feet,20 Feet / Blacktopped,20 Feet , Blacktopped,850 Sq. Feet,10 months ago,"['Solar Water', 'TV Cable', 'Drainage', 'Frontyard', 'Garage', 'Garden', 'Water Well', 'Water Supply', 'Balcony', 'Deck', 'Wifi', 'Water Tank', 'Modular Kitchen', 'Fencing', 'Lawn', 'Backyard']","Fully Furnished Apartment : Apartment For Rent In Kuleshwor,",Apartment,850.0
"House At Sell : House For Sale In Budhanilkantha, Kathmandu","024, Budhanilkantha, Kathmandu",Kathmandu,35000000,5,4,3.0,5,East,2076.0,257,2845 Sq. Feet,12 Feet / Blacktopped,12 Feet , Blacktopped,3420 Sq. Feet,10 months ago,"['Backyard', 'Balcony', 'Deck', 'Modular Kitchen', 'TV Cable', 'Wifi', 'Drainage', 'Water Supply']","House At Sell : House For Sale In Budhanilkantha,",House,2845.0
"Land Sale : Land For Sale In Madhyapur Thimi, Bhaktapur","madhyapur thimi, Madhyapur Thimi, Bhaktapur",Bhaktapur,2200000,0,0,,0,South West,,390,04 Aana,13 Feet / Gravelled,13 Feet , Gravelled,N/A Aana,10 months ago,[],"Land Sale : Land For Sale In Madhyapur Thimi,",Other,1369.0
"Land For Sale In Baniyatar, Kathmandu","Nearby Dhaneshor Temple, Baniyatar, Kathmandu",Kathmandu,2500000,0,0,0.0,0,East,,295,0-3-0 Ropani,10 Feet / Gravelled,10 Feet , Gravelled,N/A Sq. Feet,10 months ago,[],"Land For Sale In Baniyatar,",Other,1026.75
"Banasthali Home On Sale : House For Sale In Banasthali, Kathmandu","Banasthali, Banasthali, Kathmandu",Kathmandu,25000000,6,0,,1,North East,2018.0,483,4 Aana,16 Feet / Gravelled,16 Feet , Gravelled,2250 Sq. Feet,10 months ago,"['Garage', 'Backyard', 'Balcony', 'Garden', 'Microwave', 'Water Supply', 'Modular Kitchen', 'Water Well', 'Water Tank', 'Solar Water']","Banasthali Home On Sale : House For Sale In Banasthali,",House,1369.0
"House For Sale In Tikathali, Lalitpur","Test address, Tikathali, Lalitpur",Lalitpur,16000000,0,0,0.0,1,North,,331,0-3-0-0 Sq. Feet,13 Feet / Gravelled,13 Feet , Gravelled,0-2-2-0 Sq. Feet,10 months ago,[],"House For Sale In Tikathali,",House,1026.75
"Flat Vada/ Flat Rent : Apartment For Rent In Kausaltar, Bhaktapur","Tersatar, Kausaltar, Bhaktapur",Bhaktapur,16000,1,1,3.0,0,East,,1K,20 Aana,20 Feet / Blacktopped,20 Feet , Blacktopped,12 Aana,10 months ago,"['Lawn', 'Frontyard', 'Garden', 'Wifi', 'Water Supply']","Flat Vada/ Flat Rent : Apartment For Rent In Kausaltar,",Flat,6845.0
"Ghaderi : Land For Sale In Kalaiya, Bara","Test address, Kalaiya, Bara",Kathmandu,250000,0,0,0.0,0,West,,349,0-0-10-0 Dhur,10 Feet / Soil Stabilized,10 Feet , Soil Stabilized,N/A Sq. Feet,10 months ago,[],Satdobato,Other,855.625
"1 Storey House On Sale At Makalbari : House For Sale In Makalbari, Kathmandu","Makalbari, Makalbari, Kathmandu",Kathmandu,10500000,2,1,1.0,1,South West,2068.0,1.3K,3.2 Aana,12 Feet / Gravelled,12 Feet , Gravelled,750 Sq. Feet,10 months ago,"['Garage', 'Backyard', 'Deck', 'Frontyard', 'Modular Kitchen', 'TV Cable', 'Drainage', 'Water Supply', 'Water Well']","1 Storey House On Sale At Makalbari : House For Sale In Makalbari,",House,1095.2
"House At Baluwakhani, Kapan : House For Sale In Kapan, Kathmandu","Kapan Gumba, Kapan, Kathmandu",Kathmandu,12500000,3,3,3.0,0,North,2074.0,4.1K,3 Aana,10 Feet / Gravelled,10 Feet , Gravelled,700 Aana,10 months ago,"['Balcony', 'Deck', 'Fencing', 'Frontyard', 'TV Cable', 'Wifi', 'Drainage', 'Water Supply', 'Water Well']","House At Baluwakhani, Kapan : House For Sale In Kapan,",House,1026.75
"2 Rooms At Kumaripati : Office Space For Rent In Kumaripati, Lalitpur","Kumaripati, Kumaripati, Lalitpur",Lalitpur,22000,3,0,,0,North,,887,500 Sq. Feet,13 Feet,13 Feet,,N/A Sq. Feet,10 months ago,[],"2 Rooms At Kumaripati : Office Space For Rent In Kumaripati,",Other,500.0
"Bafal Home On Sale. : House For Sale In Bafal, Kathmandu","Bafal, Bafal, Kathmandu",Kathmandu,13500000,0,2,,0,East,,582,2-2 Aana,12 Feet,12 Feet,,N/A Aana,10 months ago,[],"Bafal Home On Sale. : House For Sale In Bafal,",House,11636.5
"Land For Sale : Land For Sale In Godawari, Lalitpur","Godawari, Godawari, Lalitpur",Lalitpur,1250000,0,0,,0,East,,406,0-8-0-0 Aana,22 Feet / Gravelled,22 Feet , Gravelled,0-8-0-0 Aana,10 months ago,[],"Land For Sale : Land For Sale In Godawari,",Other,2738.0
"Land For Sale In Hattigauda, Kathmandu","Hattigauda, Hattigauda, Kathmandu",Kathmandu,3000000,0,0,,0,East,,351,21 Aana,13 Feet,13 Feet,,N/A Sq. Feet,10 months ago,[],"Land For Sale In Hattigauda,",Other,7187.25
"House For Sale In Budhanilkantha, Kathmandu","Budhanilkantha, Budhanilkantha, Kathmandu",Kathmandu,142500000,42,0,,0,South,,331,7 Aana,22 Feet / Blacktopped,22 Feet , Blacktopped,N/A Sq. Feet,10 months ago,[],"House For Sale In Budhanilkantha,",House,2395.75
"House For Rent In Patandokha, Lalitpur","Patan Dhoka, Patandokha, Lalitpur",Lalitpur,90000,4,2,,0,South East,,366,7 Aana,20 Feet,20 Feet,,2000 Sq. Feet,10 months ago,"['Balcony', 'TV Cable', 'Drainage', 'Water Supply', 'Water Tank']","House For Rent In Patandokha,",House,2395.75
"House For Rent In Naxal, Kathmandu","Naxal, Naxal, Kathmandu",Kathmandu,250000,5,4,,0,East,,395,25 Aana,13 Feet,13 Feet,,N/A Sq. Feet,10 months ago,"['Garden', 'TV Cable', 'Drainage', 'Water Supply', 'Water Tank']","House For Rent In Naxal,",House,8556.25
"House For Rent In Nakkhu, Lalitpur","Nakkhu, Nakkhu, Lalitpur",Lalitpur,40000,0,0,,0,South,,497,3 Aana,13 Feet,13 Feet,,N/A Sq. Feet,10 months ago,"['Balcony', 'TV Cable', 'Drainage', 'Water Supply', 'Water Tank']","House For Rent In Nakkhu,",House,1026.75
"House For Rent In Bakhundol, Lalitpur","Bakhundol, Bakhundol, Lalitpur",Lalitpur,125000,0,0,,0,South East,,248,7 Aana,13 Feet,13 Feet,,N/A Sq. Feet,10 months ago,"['Balcony', 'TV Cable', 'Drainage', 'Water Supply', 'Water Tank']","House For Rent In Bakhundol,",House,2395.75
"House For Rent In Kupondole, Lalitpur","Kupondole, Kupondole, Lalitpur",Lalitpur,100000,0,0,,0,South East,,349,10 Aana,13 Feet,13 Feet,,N/A Sq. Feet,10 months ago,"['Garden', 'TV Cable', 'Drainage', 'Water Supply', 'Water Tank']","House For Rent In Kupondole,",House,3422.5
"House For Rent In Baluwatar, Kathmandu","Baluwatar, Baluwatar, Kathmandu",Kathmandu,175000,0,0,,0,North,,256,10 Aana,15 Feet,15 Feet,,N/A Aana,10 months ago,"['Balcony', 'Garden', 'TV Cable', 'Drainage', 'Water Supply', 'Water Tank']","House For Rent In Baluwatar,",House,3422.5
"House For Rent In Sanepa, Lalitpur","Sanepa, Sanepa, Lalitpur",Lalitpur,150000,0,0,,0,South,,327,9 Aana,13 Feet,13 Feet,,N/A Sq. Feet,10 months ago,"['Balcony', 'TV Cable', 'Drainage', 'Water Supply', 'Water Tank']","House For Rent In Sanepa,",House,3080.25
"House For Rent In Pasikot, Kathmandu","Khumti, Pasikot, Kathmandu",Kathmandu,125000,6,4,3.0,0,East,,337,17 Aana,15 Feet,15 Feet,,N/A Sq. Feet,10 months ago,"['Balcony', 'Garden', 'Modular Kitchen', 'TV Cable', 'Wifi', 'Drainage', 'Water Supply', 'Water Tank']","House For Rent In Pasikot,",House,5818.25
"House For Rent In Bhaisepati, Lalitpur","Bhaisepati, Bhaisepati, Lalitpur",Lalitpur,100000,3,3,3.0,0,South East,,259,4 Aana,18 Feet,18 Feet,,N/A Sq. Feet,10 months ago,"['Balcony', 'TV Cable', 'Drainage', 'Water Supply', 'Water Tank']","House For Rent In Bhaisepati,",House,1369.0
"Land For Sale In Chandragiri, Kathmandu","Nearby Cablecar godam Buspark, Chandragiri, Kathmandu",Kathmandu,1500000,0,0,,0,East,,262,0-3-0-0 Ropani,12 Feet / Blacktopped,12 Feet , Blacktopped,N/A Sq. Feet,10 months ago,[],"Land For Sale In Chandragiri,",Other,1026.75
"House For Sale In Khumaltar, Lalitpur","Khumaltar, Khumaltar, Lalitpur",Lalitpur,19500000,6,5,3.0,0,South,,1.9K,4 Aana,14 Feet,14 Feet,,N/A Sq. Feet,10 months ago,"['Balcony', 'Garden', 'TV Cable', 'Drainage', 'Water Supply', 'Water Tank']","House For Sale In Khumaltar,",House,1369.0
"House For Sale In Bhaisepati, Lalitpur","La pu na pa Ward no 18, Bhaisepati, Lalitpur",Lalitpur,97500000,3,0,2.0,0,East,2019.0,1.8K,24 Aana,20 Feet / Soil Stabilized,20 Feet , Soil Stabilized,4000 Aana,10 months ago,"['Lawn', 'Garage', 'Backyard', 'Frontyard', 'Modular Kitchen', 'Drainage', 'Water Tank']","House For Sale In Bhaisepati,",House,8214.0
"House For Sale In Kalanki, Kathmandu","Kalanki, Kalanki, Kathmandu",Kathmandu,38000000,7,4,3.0,0,East,,451,6.1 Aana,14 Feet,14 Feet,,3400 Sq. Feet,10 months ago,"['Balcony', 'TV Cable', 'Drainage', 'Water Supply', 'Water Tank']","House For Sale In Kalanki,",House,2087.725
"House For Rent In Bhaisepati, Lalitpur","Bhaisepati, Bhaisepati, Lalitpur",Lalitpur,125000,4,6,3.0,0,South,,734,16 Aana,14 Feet,14 Feet,,N/A Sq. Feet,10 months ago,"['Balcony', 'Garden', 'TV Cable', 'Drainage', 'Water Supply', 'Water Tank']","House For Rent In Bhaisepati,",House,5476.0
"Business For Sale In Dallu, Kathmandu","Nearby Buddha Jyoti School, Dallu, Kathmandu",Kathmandu,550000,0,0,,0,West,,231,150 Sq. Feet,15 Feet / Blacktopped,15 Feet , Blacktopped,N/A Sq. Feet,10 months ago,[],"Business For Sale In Dallu,",Other,150.0
"Land For Sale In Sankhamul, Kathmandu","Sankhamul, Sankhamul, Kathmandu",Kathmandu,4500000,0,0,,0,South East,,286,4 Aana,8 Meter,8 Meter,,N/A Sq. Feet,10 months ago,[],"Land For Sale In Sankhamul,",Other,1369.0
"House For Rent In Kalanki, Kathmandu","Kalanki, Kalanki, Kathmandu",Kathmandu,210000,0,0,5.0,3,South,,385,4 Aana,20 Feet,20 Feet,,N/A Sq. Feet,10 months ago,"['Drainage', 'Water Supply']","House For Rent In Kalanki,",House,1369.0
"House For Sale In Sitapaila, Kathmandu","Sita Home Colony, Sitapaila, Kathmandu",Kathmandu,29500000,4,3,3.0,0,South East,,742,7 Aana,20 Feet,20 Feet,,N/A Sq. Feet,10 months ago,"['Balcony', 'Garden', 'TV Cable', 'Drainage', 'Water Supply', 'Water Tank']","House For Sale In Sitapaila,",House,2395.75
"Land For Sale In Sanepa, Lalitpur","Sanepa, Sanepa, Lalitpur",Lalitpur,4500000,0,0,,0,North,,422,3.5 Aana,10 Feet,10 Feet,,N/A Sq. Feet,10 months ago,[],"Land For Sale In Sanepa,",Other,1197.875
"House For Sale In Tokha, Kathmandu","Near, Grandy, Tokha, Kathmandu",Kathmandu,14000000,6,0,,0,North,,504,4 Aana,12 Feet / Soil Stabilized,12 Feet , Soil Stabilized,N/A Sq. Feet,10 months ago,"['Balcony', 'TV Cable', 'Wifi', 'Drainage', 'Water Supply', 'Water Tank']","House For Sale In Tokha,",House,1369.0
"Apartment For Rent In Panipokhari, Kathmandu","Nearby Japanese Embassy, Panipokhari, Kathmandu",Kathmandu,120000,3,3,2.0,0,East,,352,1385 Sq. Feet,20 Feet,20 Feet,,1385 Sq. Feet,10 months ago,"['Balcony', 'TV Cable', 'Wifi', 'Drainage', 'Water Supply']","Apartment For Rent In Panipokhari,",Apartment,1385.0
"Flat For Rent In Budhanilkantha, Kathmandu","Behind Nepal electricity authority office, Budhanilkantha, Kathmandu",Kathmandu,30000,5,0,,0,North,,507,2200 Sq. Feet,15 Feet / Blacktopped,15 Feet , Blacktopped,N/A Sq. Feet,10 months ago,[],"Flat For Rent In Budhanilkantha,",Flat,2200.0
"House For Rent In Imadol, Lalitpur","Imadol, Imadol, Lalitpur",Lalitpur,185000,5,5,3.0,0,East,,343,23 Aana,14 Feet,14 Feet,,N/A Sq. Feet,10 months ago,"['Balcony', 'Garden', 'Modular Kitchen', 'TV Cable', 'Wifi', 'Drainage', 'Water Supply', 'Solar Water', 'Water Tank']","House For Rent In Imadol,",House,7871.75
"House For Sale In Hattisar, Kathmandu","Hattisar, Hattisar, Kathmandu",Kathmandu,43500000,0,0,3.0,0,West,,301,3.85 Aana,20 Feet,20 Feet,,N/A Sq. Feet,10 months ago,"['Drainage', 'Water Supply']","House For Sale In Hattisar,",House,1317.6625000000001
"Land For Sale In Hattiban, Lalitpur","Hattiban, Hattiban, Lalitpur",Lalitpur,2800000,0,0,,0,South,,341,7.1 Aana,20 Feet,20 Feet,,N/A Sq. Feet,10 months ago,[],"Land For Sale In Hattiban,",Other,2429.975
"House For Rent In Jhamsikhel, Lalitpur","Nearby St. Mary School, Jhamsikhel, Lalitpur",Lalitpur,200000,5,4,3.0,0,South East,,224,4 Aana,20 Feet,20 Feet,,N/A Sq. Feet,10 months ago,"['Balcony', 'Wifi', 'Drainage', 'Water Supply', 'Solar Water', 'Water Tank']","House For Rent In Jhamsikhel,",House,1369.0
"House For Sale In Boudha, Kathmandu","Boudha, Boudha, Kathmandu",Kathmandu,22000000,10,3,3.0,0,South,,335,0-3-1-0 Aana,20 Feet,20 Feet,,N/A Aana,10 months ago,"['Drainage', 'Water Supply', 'Water Tank']","House For Sale In Boudha,",House,1112.3125
"Land Sale In Biratnagar (Lakhantari-Vdc),Morang : Land For Sale In Bhaswar Marg, Biratnagar","Test address, Bhaswar Marg, Biratnagar",Kathmandu,1125000,0,0,0.0,0,West,,256,3 Sq. Feet,20 Feet / Gravelled,20 Feet , Gravelled,N/A Sq. Feet,10 months ago,[],Satdobato,Other,3.0
"House For Rent In Bhaisepati, Lalitpur","Fulbarimarga, Bhaisepati, Lalitpur",Lalitpur,120000,5,3,3.0,0,South East,,246,8 Aana,13 Feet,13 Feet,,N/A Sq. Feet,10 months ago,"['Balcony', 'TV Cable', 'Drainage', 'Water Supply', 'Water Tank']","House For Rent In Bhaisepati,",House,2738.0
"House For Sale At Civil Homes Phase 3 Sunakothi : House For Sale In Civil Homes, Lalitpur","Civil homes phase 3 Sunakothi, Civil Homes, Lalitpur",Lalitpur,29500000,3,2,3.0,1,West,2013.0,838,6 Aana,18 Feet / Blacktopped,18 Feet , Blacktopped,1785 sqft Aana,10 months ago,"['Lawn', 'Backyard', 'Balcony', 'Frontyard', 'Gym', 'Garden', 'Microwave', 'Wifi', 'Drainage', 'Water Supply', 'Modular Kitchen', 'Swimming Pool', 'TV Cable', 'Washing Machine', 'Solar Water', 'Water Tank']","House For Sale At Civil Homes Phase 3 Sunakothi : House For Sale In Civil Homes,",House,2053.5
"Dhumbarahi Bangalow : House For Sale In Dhumbarahi, Kathmandu","Dhumbarahi bangalow, Dhumbarahi, Kathmandu",Kathmandu,45000000,5,5,,3,South,,511,0-7-0-0 Aana,12 Feet / Soil Stabilized,12 Feet , Soil Stabilized,0-4-0-0 Aana,10 months ago,[],"Dhumbarahi Bangalow : House For Sale In Dhumbarahi,",House,2395.75
"House For Sale In Dadikot, Bhaktapur","Dadikot, Dadikot, Bhaktapur",Bhaktapur,22500000,12,4,4.0,0,South East,,228,4 Aana,20 Feet,20 Feet,,2610 Sq. Feet,10 months ago,"['Balcony', 'TV Cable', 'Drainage', 'Water Supply', 'Water Tank']","House For Sale In Dadikot,",House,1369.0
"Land For Sale In Naghdaha, Lalitpur","Naghdaha, Naghdaha, Lalitpur",Lalitpur,1600000,0,0,,0,North,,205,16 Aana,20 Feet,20 Feet,,N/A Sq. Feet,10 months ago,[],"Land For Sale In Naghdaha,",Other,5476.0
"Business For Sale In Thamel, Kathmandu","Nearby Antarik Rajeshwor Karyalaya, Thamel, Kathmandu",Kathmandu,3000000,0,0,,0,North,,343,600 Sq. Feet,15 Feet / Blacktopped,15 Feet , Blacktopped,N/A Sq. Feet,10 months ago,[],"Business For Sale In Thamel,",Other,600.0
"House For Rent In Bhaisepati, Lalitpur","Vinayak Colony, Bhaisepati, Lalitpur",Lalitpur,100000,4,3,3.0,0,East,,317,5 Aana,13 Feet,13 Feet,,N/A Sq. Feet,10 months ago,"['Balcony', 'TV Cable', 'Drainage', 'Water Supply', 'Water Tank']","House For Rent In Bhaisepati,",House,1711.25
"Business For Sale In Mangal Bazar, Lalitpur","Behind Bhimsen Temple, Mangal Bazar, Lalitpur",Lalitpur,1700000,0,0,,0,North,,246,400 Sq. Feet,15 Feet / Blacktopped,15 Feet , Blacktopped,N/A Sq. Feet,10 months ago,[],"Business For Sale In Mangal Bazar,",Other,400.0
"Land For Sale In Imadol, Lalitpur","Imadol, Imadol, Lalitpur",Lalitpur,2500000,0,0,,0,South,,334,0-5-3-2 Aana,12 Feet,12 Feet,,N/A Sq. Feet,10 months ago,[],"Land For Sale In Imadol,",Other,2010.71875
"House For Sale In Sitapaila, Kathmandu","Dada Pauwa, Sitapaila, Kathmandu",Kathmandu,18000000,3,4,3.0,0,South,,506,3.5 Aana,13 Feet,13 Feet,,N/A Sq. Feet,10 months ago,"['Balcony', 'TV Cable', 'Drainage', 'Water Supply', 'Water Tank']","House For Sale In Sitapaila,",House,1197.875
"House For Sale In Sukedhara, Kathmandu","Sukedhara, Sukedhara, Kathmandu",Kathmandu,34500000,9,4,4.0,0,East,,327,6.3 Aana,12 Feet,12 Feet,,N/A Sq. Feet,10 months ago,"['Balcony', 'Garden', 'TV Cable', 'Drainage', 'Water Supply', 'Water Tank']","House For Sale In Sukedhara,",House,2156.1749999999997
"House For Sale In Basundhara, Kathmandu","Basundhara, Basundhara, Kathmandu",Kathmandu,72500000,7,6,,0,South West,,220,14 Aana,20 Feet,20 Feet,,N/A Sq. Feet,10 months ago,"['Balcony', 'Garden', 'TV Cable', 'Drainage', 'Water Supply', 'Water Tank']","House For Sale In Basundhara,",House,4791.5
"House For Sale In Tokha, Kathmandu","Nearby, Grandy Hospital, Tokha, Kathmandu",Kathmandu,11500000,2,1,1.0,0,North,,537,3 Aana,13 Feet / Gravelled,13 Feet , Gravelled,N/A Sq. Feet,10 months ago,"['TV Cable', 'Water Supply', 'Water Tank']","House For Sale In Tokha,",House,1026.75
"House For Sale In Lazimpat, Kathmandu","Lazimpat, Lazimpat, Kathmandu",Kathmandu,27500000,9,7,,0,North,,926,5 Aana,13 Feet,13 Feet,,N/A Aana,10 months ago,"['Balcony', 'TV Cable', 'Drainage', 'Water Supply', 'Water Tank']","House For Sale In Lazimpat,",House,1711.25
"Land Rent On Koteshwor : Land For Rent In Koteshwor, Kathmandu","pepsi road, Koteshwor, Kathmandu",Kathmandu,100000,0,0,,0,East,,347,54 Aana,9 Meter / Gravelled,9 Meter , Gravelled,N/A Aana,10 months ago,[],"Land Rent On Koteshwor : Land For Rent In Koteshwor,",Other,18481.5
"Land Sale On Koteshwor : Land For Sale In Koteshwor, Kathmandu","pepsi road, Koteshwor, Kathmandu",Kathmandu,3500000,0,0,,0,East,,444,4 Aana,12 Feet,12 Feet,,N/A Aana,10 months ago,[],"Land Sale On Koteshwor : Land For Sale In Koteshwor,",Other,1369.0
"Land For Sale In Biratnagar (Jhorahat)Commercial : Land For Sale In Bhaswar Marg, Biratnagar","Test address, Bhaswar Marg, Biratnagar",Kathmandu,875000,0,0,0.0,0,East,,277,15 Sq. Feet,40 Feet / Gravelled,40 Feet , Gravelled,N/A Sq. Feet,10 months ago,[],Satdobato,Other,15.0
"Chandol Bangalow : House For Sale In Chandol, Kathmandu","Chandol siddhartha colony, Chandol, Kathmandu",Kathmandu,31500000,4,4,,1,West,,441,0-4-0-0 Aana,20 Feet,20 Feet,,0-4-0-0 Aana,10 months ago,['Garage'],"Chandol Bangalow : House For Sale In Chandol,",House,1369.0
"House For Sale In Sukedhara, Kathmandu","Sukedhara, Sukedhara, Kathmandu",Kathmandu,170000000,0,0,,0,North,,408,19 Aana,20 Feet,20 Feet,,N/A Sq. Feet,10 months ago,[],"House For Sale In Sukedhara,",House,6502.75
"2 Ropani Land For Sale At Dhulikhel : Land For Sale In Dhulikhel, Kavre","Basghari, Dhulikhel, Kavre",Kathmandu,1700000,0,0,,0,East,,272,1-12-0-0 Ropani,14 Feet,14 Feet,,N/A Aana,10 months ago,[],Satdobato,Other,9583.0
"House For Sale In New Baneshwor : House For Sale In Baneshwor, Kathmandu","30 Okharbot Galli, New Baneshwor, Baneshwor, Kathmandu",Kathmandu,7700000,0,2,2.0,1,South,,684,0-5-5-0 Aana,14 Feet,14 Feet,,0-4-0-0 Aana,10 months ago,"['Frontyard', 'Fencing', 'Drainage', 'Water Supply', 'Solar Water', 'Water Tank', 'Water Well']","House For Sale In New Baneshwor : House For Sale In Baneshwor,",House,2139.0625
"9.5 Aana Residential Land At Budhanilkantha : Land For Sale In Budhanilkantha, Kathmandu","Thapa Gaun, Budhanilkantha, Kathmandu",Kathmandu,2650000,0,0,,0,South West,,385,9.5 Aana,10 Feet / Gravelled,10 Feet , Gravelled,N/A Aana,10 months ago,[],"9.5 Aana Residential Land At Budhanilkantha : Land For Sale In Budhanilkantha,",Other,3251.375
"Land For Sale In Maharajgunj, Kathmandu","Maharajgunj, Maharajgunj, Kathmandu",Kathmandu,6200000,0,0,,0,North,,295,7 Aana,20 Feet / Blacktopped,20 Feet , Blacktopped,N/A Sq. Feet,10 months ago,[],"Land For Sale In Maharajgunj,",Other,2395.75
"House For Sale In Basundhara, Kathmandu","Basundhara, Basundhara, Kathmandu",Kathmandu,37500000,2,3,3.0,0,North,,313,5 Aana,14 Feet / Blacktopped,14 Feet , Blacktopped,N/A Sq. Feet,10 months ago,"['Balcony', 'TV Cable', 'Wifi', 'Drainage', 'Water Supply', 'Water Tank']","House For Sale In Basundhara,",House,1711.25
"Land For Sale In Budhanilkantha, Kathmandu","Ganesh Chowk, Budhanilkantha, Kathmandu",Kathmandu,3800000,0,0,,0,South,,275,12 Aana,15 Feet / Gravelled,15 Feet , Gravelled,N/A Sq. Feet,10 months ago,[],"Land For Sale In Budhanilkantha,",Other,4107.0
"House For Sale In Bhangal, Kathmandu","Bhangal, Bhangal, Kathmandu",Kathmandu,32500000,4,3,3.0,1,South,2074.0,261,0-4-2-0 Sq. Feet,26 Feet / Paved,26 Feet , Paved,2856 Sq. Feet,10 months ago,"['Water Tank', 'Solar Water', 'Washing Machine', 'TV Cable', 'Garage', 'Wifi', 'Water Supply', 'Modular Kitchen']","House For Sale In Bhangal,",House,1540.125
"Semi Commercial : Office Space For Rent In Basundhara, Kathmandu","Basundara, Basundhara, Kathmandu",Kathmandu,80000,3,3,,5,West,2019.0,408,0-8-0 Aana,20 Feet / Blacktopped,20 Feet , Blacktopped,0-4-0 Aana,10 months ago,"['Garage', 'Balcony', 'Water Supply', 'Solar Water', 'Water Well', 'Water Tank']","Semi Commercial : Office Space For Rent In Basundhara,",Other,2738.0
"Land For Sale In Biratnagar (Kanchanbari) Ghaderi : Land For Sale In Bhaswar Marg, Biratnagar","Kanchanbari, Bhaswar Marg, Biratnagar",Kathmandu,600000,0,0,0.0,0,East,,521,17 Dhur,20 Feet / Gravelled,20 Feet , Gravelled,N/A Sq. Feet,10 months ago,[],Satdobato,Other,1239300.0
"Land Sale At Budhanilkantha : Land For Sale In Budhanilkantha, Kathmandu","Budhanilkantha, Budhanilkantha, Kathmandu",Kathmandu,1900000,0,0,,0,South East,,465,0-7-1-2 Aana,14 Feet / Gravelled,14 Feet , Gravelled,N/A Aana,10 months ago,[],"Land Sale At Budhanilkantha : Land For Sale In Budhanilkantha,",Other,2524.09375
"Jharuwarasi Santaneshwor : Land For Sale In Godawari, Lalitpur","Jharuwarasi, Godawari, Lalitpur",Lalitpur,1000000,0,0,,0,North,,334,0-8-0-0 Aana,20 Feet / Gravelled,20 Feet , Gravelled,N/A Aana,10 months ago,[],"Jharuwarasi Santaneshwor : Land For Sale In Godawari,",Other,2738.0
"Land For Sale In Sallaghari, Bhaktapur","Sallaghari, Sallaghari, Bhaktapur",Bhaktapur,2400000,0,0,,0,South,,397,7 Aana,18 Feet,18 Feet,,N/A Sq. Feet,10 months ago,[],"Land For Sale In Sallaghari,",Other,2395.75
"Land For Sale In Devdaha Municipality : Land For Sale In Tilottama, Rupandehi","Devdaha municipality, Tilottama, Rupandehi",Kathmandu,390000,0,0,0.0,0,West,,367,3280 Sq. Feet,20 Feet / Blacktopped,20 Feet , Blacktopped,N/A Sq. Feet,10 months ago,[],Satdobato,Other,3280.0
"House For Sale In Pasikot, Kathmandu","Pasikot, Pasikot, Kathmandu",Kathmandu,17500000,0,0,3.0,0,West,,574,4 Aana,16 Feet,16 Feet,,N/A Sq. Feet,10 months ago,[],"House For Sale In Pasikot,",House,1369.0
"House For Sale In Hattigauda, Kathmandu","Hattigauda, Hattigauda, Kathmandu",Kathmandu,37500000,0,0,3.0,0,South,,389,6 Aana,20 Feet,20 Feet,,N/A Sq. Feet,10 months ago,"['Balcony', 'TV Cable', 'Drainage', 'Water Supply', 'Water Tank']","House For Sale In Hattigauda,",House,2053.5
"House For Sale In Dharan, Dharan","Dharan-13, Dharan, Dharan",Kathmandu,12500000,0,0,2.0,0,North,,921,16 Dhur,15 Feet / Blacktopped,15 Feet , Blacktopped,N/A Sq. Feet,10 months ago,[],Satdobato,House,1166400.0
"Land For Sale In Dharan, Dharan","Deurali path, Dharan, Dharan",Kathmandu,380000,0,0,,0,West,,312,10 Dhur,15 Feet / Soil Stabilized,15 Feet , Soil Stabilized,N/A Sq. Feet,10 months ago,[],Satdobato,Other,729000.0
"House For Sale In Tarahara, Sunsari","Harsala Toll, Tarahara, Sunsari",Kathmandu,15000000,0,0,3.0,0,North,,323,15 Dhur,15 Feet / Blacktopped,15 Feet , Blacktopped,N/A Dhur,10 months ago,[],Satdobato,House,1093500.0
"Business For Sale In Kalanki, Kathmandu","Nearby Nepal National Hospital, Kalanki, Kathmandu",Kathmandu,900000,0,0,,0,South,,198,400 Sq. Feet,15 Feet / Blacktopped,15 Feet , Blacktopped,N/A Sq. Feet,10 months ago,[],"Business For Sale In Kalanki,",Other,400.0
"Business For Sale In Lagankhel, Lalitpur","Langankhel Buspark, Lagankhel, Lalitpur",Lalitpur,1300000,0,0,,0,South,,208,700 Sq. Feet,20 Feet / Blacktopped,20 Feet , Blacktopped,N/A Sq. Feet,10 months ago,[],"Business For Sale In Lagankhel,",Other,700.0
"घर र जग्गा बिक्रिमा : Land For Sale In Balkot, Bhaktapur","Khalpitar, Balkot, Bhaktapur",Bhaktapur,25000000,2,1,1.0,1,East,,549,7 Aana,13 Feet / Gravelled,13 Feet , Gravelled,N/A Aana,10 months ago,[],"घर र जग्गा बिक्रिमा : Land For Sale In Balkot,",Other,2395.75
"House For Sale In Hattigauda, Kathmandu","Hattigauda, Hattigauda, Kathmandu",Kathmandu,18000000,0,0,3.0,0,South,,380,3 Aana,13 Feet,13 Feet,,N/A Sq. Feet,10 months ago,[],"House For Sale In Hattigauda,",House,1026.75
"A Brand New 2.5 Storied Residential House For Rent : House For Rent In Chovar, Kathmandu","Chobhar, Chovar, Kathmandu",Kathmandu,65000,3,3,2.0,1,North,2018.0,425,6 Aana,20 Feet / Blacktopped,20 Feet , Blacktopped,2100 Aana,10 months ago,"['Lawn', 'Garage', 'Backyard', 'Balcony', 'Deck', 'Frontyard', 'Drainage', 'Water Supply']","A Brand New 2.5 Storied Residential House For Rent : House For Rent In Chovar,",House,2053.5
"Land For Sale In Sallaghari, Bhaktapur","Sallaghari, Sallaghari, Bhaktapur",Bhaktapur,2000000,0,0,,0,East,,340,4.5 Aana,15 Feet / Soil Stabilized,15 Feet , Soil Stabilized,N/A Aana,10 months ago,[],"Land For Sale In Sallaghari,",Other,1540.125
"Office Space For Rent In Kapan, Kathmandu","Kapan, Narayan Chowk, Kapan, Kathmandu",Kathmandu,30000,0,0,,0,North,,281,1000 Sq. Feet,0 Feet,0 Feet,,N/A Aana,10 months ago,[],"Office Space For Rent In Kapan,",Other,1000.0
"Office Space For Rent In Machha Pokhari, Kathmandu","Machapokhari, Machha Pokhari, Kathmandu",Kathmandu,25000,2,1,,4,West,,236,700 Aana,15 Feet / Blacktopped,15 Feet , Blacktopped,N/A Aana,10 months ago,"['Garage', 'Balcony']","Office Space For Rent In Machha Pokhari,",Other,239575.0
"Flat For Rent In Satdobato, Lalitpur","Satdobato, Near BNB Hospital, Satdobato, Lalitpur",Lalitpur,22000,3,2,,2,West,,653,1300 Sq. Feet,15 Feet / Blacktopped,15 Feet , Blacktopped,N/A Aana,10 months ago,['Garage'],"Flat For Rent In Satdobato,",Flat,1300.0
"Flat For Rent In Ranibari, Kathmandu","Samakhusi, Ranibari, Kathmandu",Kathmandu,20000,2,1,,2,East,,505,800 Sq. Feet,15 Feet / Gravelled,15 Feet , Gravelled,N/A Sq. Feet,10 months ago,['Garage'],"Flat For Rent In Ranibari,",Flat,800.0
"Land For Sale In Sanobharyang, Kathmandu","Sanobharyang, Sanobharyang, Kathmandu",Kathmandu,4200000,0,0,,0,East,,295,11 Aana,20 Feet / Blacktopped,20 Feet , Blacktopped,N/A Aana,10 months ago,[],"Land For Sale In Sanobharyang,",Other,3764.75
"House For Sale In Dhulikhel, Kavre","Dhulikhel near KU, Dhulikhel, Kavre",Kathmandu,15200000,11,2,3.0,2,South,2018.0,352,817 Sq. Feet,10 Feet / Gravelled,10 Feet , Gravelled,0-4-0-2 Aana,10 months ago,"['Water Well', 'TV Cable', 'Water Supply', 'Wifi', 'Garage', 'Balcony', 'Fencing', 'Garden']",Satdobato,House,817.0
"House For Sale In Pasikot, Kathmandu","Budhanilkantha, Pasikot, Kathmandu",Kathmandu,13800000,2,1,,0,East,,529,0-4-3-0 Ropani,12 Feet / Soil Stabilized,12 Feet , Soil Stabilized,N/A Aana,10 months ago,"['Garage', 'Wifi', 'Drainage', 'Water Well', 'Water Supply', 'Modular Kitchen', 'TV Cable']","House For Sale In Pasikot,",House,1625.6875
"A Newly House Built In A Nice And Quiet Residential Area On Sale : House For Sale In Basbari, Kathmandu","Hepali height, Basbari, Kathmandu",Kathmandu,45000000,4,0,,2,South,2018.0,441,7-0-2 Aana,20 Feet / Paved,20 Feet , Paved,N/A Aana,10 months ago,"['Lawn', 'Backyard', 'Balcony', 'Frontyard', 'Fencing', 'Garden', 'Drainage', 'Water Supply', 'Modular Kitchen', 'Air Condition', 'TV Cable', 'Washing Machine', 'Solar Water', 'Water Tank']","A Newly House Built In A Nice And Quiet Residential Area On Sale : House For Sale In Basbari,",House,38503.125
"House For Sale In Budhanilkantha, Kathmandu","Siddhartha Colony, Budhanilkantha, Kathmandu",Kathmandu,57500000,4,6,3.0,0,South,,635,7 Aana,20 Feet,20 Feet,,N/A Sq. Feet,10 months ago,"['Balcony', 'Garden', 'Modular Kitchen', 'TV Cable', 'Wifi', 'Drainage', 'Water Supply', 'Water Tank']","House For Sale In Budhanilkantha,",House,2395.75
"Business For Sale In Gwarko, Lalitpur","Gwarko, Gwarko, Lalitpur",Lalitpur,600000,0,0,,0,South,,182,500 Sq. Feet,15 Feet / Blacktopped,15 Feet , Blacktopped,N/A Aana,10 months ago,[],"Business For Sale In Gwarko,",Other,500.0
"House For Rent In Baluwatar, Kathmandu","Baluwatar, Baluwatar, Kathmandu",Kathmandu,175000,4,3,2.0,3,North,,333,12 Aana,13 Feet,13 Feet,,N/A Sq. Feet,10 months ago,"['Balcony', 'TV Cable', 'Wifi', 'Drainage', 'Water Supply', 'Water Tank']","House For Rent In Baluwatar,",House,4107.0
"Business For Sale In Kupondole, Lalitpur","Kupondole, Kupondole, Lalitpur",Lalitpur,700000,0,0,,0,North,,244,600 Sq. Feet,15 Feet / Blacktopped,15 Feet , Blacktopped,N/A Aana,10 months ago,"['Wifi', 'Water Supply', 'Modular Kitchen']","Business For Sale In Kupondole,",Other,600.0
"Land For Sale In Kavresthali, Kathmandu","Kavresthali, Kavresthali, Kathmandu",Kathmandu,1350000,0,0,,0,North,,262,0-2-5-0 Aana,15 Feet / Soil Stabilized,15 Feet , Soil Stabilized,N/A Aana,10 months ago,[],"Land For Sale In Kavresthali,",Other,1112.3125
"House For Sale In Dallu : House For Sale In Dallu, Kathmandu","Dallu, Dallu, Kathmandu",Kathmandu,29000000,8,4,3.0,1,West,2071.0,457,0-3-1-2 Aana,20 Feet / Blacktopped,20 Feet , Blacktopped,N/A Aana,10 months ago,"['Balcony', 'Water Well', 'Water Tank', 'Solar Water']","House For Sale In Dallu : House For Sale In Dallu,",House,1155.09375
"House For Sale In Budhanilkantha, Kathmandu","Bhangal, Sundarbasti, Budhanilkantha, Kathmandu",Kathmandu,17800000,7,0,2.0,0,North,,627,0-3-1-0 Aana,15 Feet / Gravelled,15 Feet , Gravelled,N/A Sq. Feet,10 months ago,"['Balcony', 'TV Cable', 'Wifi', 'Drainage', 'Water Supply', 'Water Tank']","House For Sale In Budhanilkantha,",House,1112.3125
"House For Sale In Golfutar, Kathmandu","Golfutar, Golfutar, Kathmandu",Kathmandu,29000000,5,3,2.5,0,South West,,437,4 Aana,15 Feet / Blacktopped,15 Feet , Blacktopped,N/A Sq. Feet,10 months ago,"['Balcony', 'TV Cable', 'Wifi', 'Drainage', 'Water Supply', 'Water Tank']","House For Sale In Golfutar,",House,1369.0
"Land For Sale In Chapali, Kathmandu","Nearby, Ganesh Chowk, Chapali, Kathmandu",Kathmandu,2400000,0,0,,0,North,,260,0-4-1-1 Ropani,14 Feet / Gravelled,14 Feet , Gravelled,N/A Sq. Feet,10 months ago,[],"Land For Sale In Chapali,",Other,1475.953125
"Land For Sale In Chapali, Kathmandu","Chapali, Chapali, Kathmandu",Kathmandu,2100000,0,0,,0,West,,294,2-13-0-0 Ropani,16 Feet,16 Feet,,N/A Sq. Feet,10 months ago,[],"Land For Sale In Chapali,",Other,15401.25
"DT : Office Space For Rent In Jawalakhel, Lalitpur","Jawalakhel, Lalitpur, Jawalakhel, Lalitpur",Lalitpur,155000150000,0,0,2.0,0,South West,2000.0,301,1-12-0-0 Aana,32 Feet / Blacktopped,32 Feet , Blacktopped,5 Aana,10 months ago,[],"Dt : Office Space For Rent In Jawalakhel,",Other,9583.0
"House For Sale In Kalanki, Kathmandu","Nearby, Makalu Petrol Pump, Kalanki, Kathmandu",Kathmandu,6750000,7,5,3.0,3,North East,,14.2K,0-13-1-2 Ropani,15 Feet / Blacktopped,15 Feet , Blacktopped,N/A Ropani,10 months ago,"['Balcony', 'TV Cable', 'Wifi', 'Drainage', 'Water Supply', 'Solar Water', 'Water Tank']","House For Sale In Kalanki,",House,4577.59375
"Bungmati : Land For Sale In Bhaisepati, Lalitpur","Bhainsepati, Lalitpur, Bhaisepati, Lalitpur",Lalitpur,9000000,0,0,,0,East,,472,0-3-2-0 Aana,12 Feet / Gravelled,12 Feet , Gravelled,N/A Aana,10 months ago,[],"Bungmati : Land For Sale In Bhaisepati,",Other,1197.875
"House At Lazimpat : House For Rent In Lazimpat, Kathmandu","Kholagal Marg Near Uttar Dhoka Marg, (North of Narayanhiti Sangrahalaya), Lazimpat, Kathmandu",Kathmandu,400000,5,4,3.0,4,South West,2044.0,511,25 Aana,16 Feet / Blacktopped,16 Feet , Blacktopped,About 4000 Sq. Feet,10 months ago,"['Balcony', 'Garden', 'Water Supply', 'TV Cable', 'Water Well', 'Lawn', 'Frontyard', 'Fencing', 'Wifi', 'Backyard', 'Modular Kitchen', 'Solar Water', 'Deck', 'Drainage', 'Water Tank']","House At Lazimpat : House For Rent In Lazimpat,",House,8556.25
"Near Kohinoor Housing : Land For Sale In Bafal, Kathmandu","Near Kohinoor Housing, Bafal, Kathmandu",Kathmandu,3500000,0,0,,0,East,,340,0-4-2-0 Ropani,10 Feet / Soil Stabilized,10 Feet , Soil Stabilized,N/A Aana,10 months ago,[],"Near Kohinoor Housing : Land For Sale In Bafal,",Other,1540.125
"373 Pachali Marg : Land For Sale In Teku, Kathmandu","373 Pachali Marg, Teku, Kathmandu",Kathmandu,45000000,0,0,4.0,0,East,2025.0,227,0-4-2-3 Ropani,9 Meter / Blacktopped,9 Meter , Blacktopped,0-4-2-3 Ropani,10 months ago,"['Drainage', 'Water Supply', 'Water Tank']","373 Pachali Marg : Land For Sale In Teku,",Other,1604.296875
"Business For Sale In Baneshwor, Kathmandu","Himalayan Bank Building, Baneshwor, Kathmandu",Kathmandu,2500000,0,0,,0,North,,242,420 Sq. Feet,15 Feet / Blacktopped,15 Feet , Blacktopped,N/A Sq. Feet,10 months ago,[],"Business For Sale In Baneshwor,",Other,420.0
"Land For Sale In Budhanilkantha, Kathmandu","Hepali Height, Budhanilkantha, Kathmandu",Kathmandu,4100000,0,0,,0,West,,287,10 Aana,15 Feet / Soil Stabilized,15 Feet , Soil Stabilized,N/A Sq. Feet,10 months ago,[],"Land For Sale In Budhanilkantha,",Other,3422.5
"House For Sale In Mandikatar, Kathmandu","Mandikatar Height, Mandikatar, Kathmandu",Kathmandu,51000000,0,0,3.0,0,South,,464,8 Aana,15 Feet / Blacktopped,15 Feet , Blacktopped,N/A Sq. Feet,10 months ago,"['Balcony', 'Garden', 'TV Cable', 'Wifi', 'Drainage', 'Water Supply', 'Solar Water', 'Water Tank']","House For Sale In Mandikatar,",House,2738.0
"Land For Sale In Dhangadhi, Kailali","Dhangadhi, Kailali, Dhangadhi, Kailali",Kathmandu,6700000,0,0,,0,East,,396,12 Dhur,33 Feet / Blacktopped,33 Feet , Blacktopped,N/A Aana,10 months ago,[],Satdobato,Other,874800.0
"Balaju Tenpepale : Land For Sale In Balaju, Kathmandu","Balaju tenpepale ktm., Balaju, Kathmandu",Kathmandu,550000,0,0,,0,East,,393,5-0-0-0 Ropani,9 Meter / Blacktopped,9 Meter , Blacktopped,5-0-0-0 Ropani,10 months ago,[],"Balaju Tenpepale : Land For Sale In Balaju,",Other,27380.0
"Under Construction Bungalow : House For Sale In Budhanilkantha, Kathmandu","Budhanilkantha, Muhanpokhari, Budhanilkantha, Kathmandu",Kathmandu,29000000,0,0,3.0,0,North East,2076.0,1.3K,0-5-0-3 Aana,20 Feet / Gravelled,20 Feet , Gravelled,N/A Aana,10 months ago,"['Modular Kitchen', 'Solar Water', 'TV Cable', 'Water Tank', 'Frontyard', 'Fencing', 'Water Supply', 'Balcony']","Under Construction Bungalow : House For Sale In Budhanilkantha,",Bungalow,1775.421875
"Land For Sale In Dhapasi, Kathmandu","Dhapasi, Kathmandu, Dhapasi, Kathmandu",Kathmandu,99000003300000,0,0,,0,East,,271,3 Aana,12 Feet / Blacktopped,12 Feet , Blacktopped,N/A Aana,10 months ago,[],"Land For Sale In Dhapasi,",Other,1026.75
"Balkot 4 Anna 2 Paisa 1 Daam : Land For Sale In Balkot, Bhaktapur","Balkot Bkaktapur, Balkot, Bhaktapur",Bhaktapur,1900000,0,0,,0,East,,457,0-4-2-1 Aana,13 Feet / Gravelled,13 Feet , Gravelled,0-4-2-1 Aana,10 months ago,[],"Balkot 4 Anna 2 Paisa 1 Daam : Land For Sale In Balkot,",Other,1561.515625
"Commercial Building : House For Sale In Gatthaghar, Bhaktapur","Gathaghar, Bhaktapur, Gatthaghar, Bhaktapur",Bhaktapur,75000000,0,0,5.0,0,South,2075.0,572,0-6-2-0 Aana,20 Feet / Blacktopped,20 Feet , Blacktopped,7500 Sq. Feet,10 months ago,"['Garage', 'Balcony', 'Solar Water', 'Water Well', 'Wifi', 'Water Tank', 'Modular Kitchen', 'Water Supply', 'TV Cable', 'Drainage']","Commercial Building : House For Sale In Gatthaghar,",House,2224.625
"House For Sale In Basundhara, Kathmandu","Basundhara, Basundhara, Kathmandu",Kathmandu,26500000,0,0,3.0,0,East,,439,3.5 Aana,12 Feet,12 Feet,,N/A Sq. Feet,10 months ago,"['Balcony', 'TV Cable', 'Drainage', 'Water Supply', 'Water Tank']","House For Sale In Basundhara,",House,1197.875
"New House : House For Sale In Mahendrapul, Pokhara","Pokhara -11 ranipauwa, Mahendrapul, Pokhara",Kathmandu,36500000,0,0,3.0,0,East,2074.0,509,6.5 Aana,20 Feet / Gravelled,20 Feet , Gravelled,6.5 Aana,10 months ago,"['Garage', 'Garden', 'Wifi', 'Water Supply', 'TV Cable', 'Solar Water', 'Water Well', 'Water Tank', 'Washing Machine', 'Balcony', 'Fencing', 'Backyard', 'Gym', 'Frontyard', 'Modular Kitchen']",Satdobato,House,2224.625
"Swarsati Kunj : House For Sale In Balkhu, Kathmandu","Balkhu, Balkhu, Kathmandu",Kathmandu,41000000,0,0,3.0,0,East,2075.0,457,4 Aana,12 Feet / Blacktopped,12 Feet , Blacktopped,750 Sq. Feet,10 months ago,"['Balcony', 'Wifi', 'Fencing', 'Drainage', 'Solar Water', 'Washing Machine', 'Garden', 'Water Supply', 'TV Cable', 'Water Tank']","Swarsati Kunj : House For Sale In Balkhu,",House,1369.0
"Badhikhel Lalitpurma 6 Roppani 8 Aana Jagga Bikrima Total Price 4 Crore : Land For Sale In Godawari, Lalitpur","Badikhel, godawari, Godawari, Lalitpur",Lalitpur,40000000,0,0,,0,East,,383,6-8-0-0 Aana,13 Feet / Gravelled,13 Feet , Gravelled,N/A Aana,10 months ago,[],Badhikhel,Other,35594.0
"Land For Sale In Pokhara, Pokhara","Hemja, Milan Chowk-8, Pokhara, Pokhara, Pokhara",Kathmandu,5600000,0,0,,0,East,,1.2K,8-2-0-0 Ropani,14 Feet / Soil Stabilized,14 Feet , Soil Stabilized,8-2-0-0 Ropani,10 months ago,[],Satdobato,Other,44492.5
"PD1-101, A Apartments : Flat For Rent In Patandokha, Lalitpur","Patan Dhoka, Patandokha, Lalitpur",Lalitpur,40000,0,0,,0,South,,631,500 Sq. Feet,20 Feet / Blacktopped,20 Feet , Blacktopped,N/A Aana,10 months ago,"['Water Supply', 'Microwave', 'Washing Machine', 'Wifi', 'Solar Water', 'Water Tank']","Pd1-101, A Apartments : Flat For Rent In Patandokha,",Flat,500.0
"House For Sale In Basundhara, Kathmandu","Basundhara, Basundhara, Kathmandu",Kathmandu,30000000,0,0,3.0,0,East,,508,6 Aana,12 Feet,12 Feet,,N/A Sq. Feet,10 months ago,"['Balcony', 'TV Cable', 'Drainage', 'Water Supply', 'Water Tank']","House For Sale In Basundhara,",House,2053.5
"House For Sale In Tokha, Kathmandu","Bhutkhel Park, Tokha, Kathmandu",Kathmandu,14200000,4,2,2.0,0,West,,430,0-3-1-0 Aana,13 Feet,13 Feet,,N/A Sq. Feet,10 months ago,"['Balcony', 'TV Cable', 'Drainage', 'Water Supply', 'Water Tank']","House For Sale In Tokha,",House,1112.3125
"Land For Sale In Samakhusi, Kathmandu","Nearby Samakhusi Town Planning, Samakhusi, Kathmandu",Kathmandu,5500000,0,0,,0,West,,264,8 Aana,13 Feet,13 Feet,,N/A Sq. Feet,10 months ago,[],"Land For Sale In Samakhusi,",Other,2738.0
"Land For Sale In Jagati, Bhaktapur","Sipadol, Jagati, Bhaktapur",Bhaktapur,1700000,0,0,,0,South,,288,3 Aana,15 Feet / Soil Stabilized,15 Feet , Soil Stabilized,N/A Sq. Feet,10 months ago,[],"Land For Sale In Jagati,",Other,1026.75
"BaSu Home : Office Space For Rent In Jhamsikhel, Lalitpur","Jhamshikhel, Lalitpur -5, Jhamsikhel, Lalitpur",Lalitpur,75,0,0,6.0,0,South West,2076.0,348,1-0-1 Ropani,12 Feet / Gravelled,12 Feet , Gravelled,1735 Sq. Feet,10 months ago,"['Fencing', 'Backyard', 'Deck', 'Drainage', 'Water Supply', 'Water Well', 'Water Tank']","Basu Home : Office Space For Rent In Jhamsikhel,",Other,5561.5625
"Business For Sale In Pulchowk, Lalitpur","Nearby Everest Bank, Pulchowk, Lalitpur",Lalitpur,3200000,0,0,,0,North,,181,700 Sq. Feet,15 Feet / Blacktopped,15 Feet , Blacktopped,N/A Sq. Feet,10 months ago,[],"Business For Sale In Pulchowk,",Other,700.0
"House For Sale In Dhapasi, Kathmandu","Nearby Grande International Hospital, Dhapasi, Kathmandu",Kathmandu,17500000,0,0,3.0,0,North East,,1.2K,3.5 Aana,13 Feet,13 Feet,,N/A Sq. Feet,10 months ago,"['Balcony', 'TV Cable', 'Drainage', 'Water Supply', 'Water Tank']","House For Sale In Dhapasi,",House,1197.875
"Land For Sale In Lekhnath, Pokhara","Pokhara-27, Archale Village, Lekhnath, Pokhara",Kathmandu,7500000750000,0,0,1.0,0,South East,,290,10 Aana,12 Feet / Soil Stabilized,12 Feet , Soil Stabilized,N/A Aana,10 months ago,"['Frontyard', 'Fencing', 'Garden']",Satdobato,Other,3422.5
"House For Sale In Hadigaun, Kathmandu","Hadigaun, Hadigaun, Kathmandu",Kathmandu,20000000,0,0,2.0,0,South,,523,4 Aana,13 Feet / Blacktopped,13 Feet , Blacktopped,N/A Sq. Feet,10 months ago,"['Balcony', 'TV Cable', 'Wifi', 'Drainage', 'Water Supply', 'Water Tank']","House For Sale In Hadigaun,",House,1369.0
"Land For Sale In Chundevi, Kathmandu","Chundevi, Chundevi, Kathmandu",Kathmandu,2000000,0,0,,0,South East,,328,10 Aana,13 Feet,13 Feet,,N/A Sq. Feet,10 months ago,[],"Land For Sale In Chundevi,",Other,3422.5
"Land For Sale In Baluwatar, Kathmandu","Tudaldevi Mandir, Baluwatar, Kathmandu",Kathmandu,3800000,0,0,,0,East,,518,5 Sq. Feet,13 Feet / Gravelled,13 Feet , Gravelled,N/A Sq. Feet,10 months ago,[],"Land For Sale In Baluwatar,",Other,5.0
"Radha Bhawan : Office Space For Sale In Tripureshwor, Kathmandu","5th floor, Radha Bhawan, Opposite UWTC, first left from Tripureshwor chowk towards teku., Tripureshwor, Kathmandu",Kathmandu,20000,0,1,,2,North West,,376,1450 Sq. Feet,36 Feet,36 Feet,,1850 Sq. Feet,10 months ago,"['Water Supply', 'Parking', 'Drainage', 'Solar Water', 'Water Well', 'CCTV', 'Lift', 'Electricity Backup']","Radha Bhawan : Office Space For Sale In Tripureshwor,",Other,1450.0
"Thapa Niwas : House For Sale In Goldhunga, Kathmandu","Purano Gujyeswori, Balaju, Goldhunga, Kathmandu",Kathmandu,1800000020,0,0,4.0,0,North East,2073.0,258,0-3-0-0 Aana,10 Feet / Paved,10 Feet , Paved,1018 Aana,10 months ago,"['Balcony', 'Fencing', 'Modular Kitchen', 'TV Cable', 'Wifi', 'Drainage', 'Water Supply', 'Water Tank']","Thapa Niwas : House For Sale In Goldhunga,",House,1026.75
"Land For Sale In Gongabu, Kathmandu","Gongabu, Gongabu, Kathmandu",Kathmandu,3000000,0,0,,0,South East,,297,0-9-0-0 Aana,9 Feet / Blacktopped,9 Feet , Blacktopped,N/A Aana,10 months ago,[],"Land For Sale In Gongabu,",Other,3080.25
"House For Sale In Kapan, Kathmandu","Kapan, Kapan, Kathmandu",Kathmandu,15000000,2,1,1.0,0,South,,514,5 Aana,11 Feet,11 Feet,,N/A Sq. Feet,10 months ago,"['TV Cable', 'Drainage', 'Water Supply', 'Water Tank']","House For Sale In Kapan,",House,1711.25
"House For Sale In Maharajgunj, Kathmandu","Maharajgunj, Maharajgunj, Kathmandu",Kathmandu,70000000,13,0,4.5,0,South East,,508,13 Aana,14 Feet / Gravelled,14 Feet , Gravelled,N/A Sq. Feet,10 months ago,"['Balcony', 'TV Cable', 'Wifi', 'Drainage', 'Water Supply', 'Solar Water', 'Water Tank']","House For Sale In Maharajgunj,",House,4449.25
"House For Sale In Baniyatar, Kathmandu","Baniyatar, Baniyatar, Kathmandu",Kathmandu,16500000,6,3,3.0,0,South,,468,3.1 Aana,10 Feet / Blacktopped,10 Feet , Blacktopped,N/A Sq. Feet,10 months ago,"['Balcony', 'TV Cable', 'Drainage', 'Water Supply', 'Water Tank']","House For Sale In Baniyatar,",House,1060.9750000000001
"House For Sale In Tokha, Kathmandu","Opposite of Grandy Hospital, Tokha, Kathmandu",Kathmandu,53000000,6,4,3.0,3,West,,313,7.5 Aana,15 Feet / Blacktopped,15 Feet , Blacktopped,N/A Sq. Feet,10 months ago,"['Balcony', 'TV Cable', 'Wifi', 'Drainage', 'Water Supply', 'Solar Water', 'Water Tank']","House For Sale In Tokha,",House,2566.875
"Land For Sale In Budhanilkantha, Kathmandu","Hepali Height, Budhanilkantha, Kathmandu",Kathmandu,3200000,0,0,,0,North,,363,5.5 Aana,13 Feet / Paved,13 Feet , Paved,N/A Sq. Feet,10 months ago,[],"Land For Sale In Budhanilkantha,",Other,1882.375
"Land For Sale In Khusibu, Kathmandu","Khusibu Town Planning, Khusibu, Kathmandu",Kathmandu,5500000,0,0,,0,North,,406,7 Aana,20 Feet / Blacktopped,20 Feet , Blacktopped,N/A Sq. Feet,10 months ago,[],"Land For Sale In Khusibu,",Other,2395.75
"Land For Sale In Hattigauda, Kathmandu","Ganesh Chowk, Hattigauda, Kathmandu",Kathmandu,3200000,0,0,,0,South East,,220,7 Aana,15 Feet / Soil Stabilized,15 Feet , Soil Stabilized,N/A Sq. Feet,10 months ago,[],"Land For Sale In Hattigauda,",Other,2395.75
"Land For Sale In Hattigauda, Kathmandu","Hattigauda, Hattigauda, Kathmandu",Kathmandu,2550000,0,0,,0,North,,276,16.5 Aana,15 Feet / Soil Stabilized,15 Feet , Soil Stabilized,N/A Sq. Feet,10 months ago,[],"Land For Sale In Hattigauda,",Other,5647.125
"Land For Sale In Dadikot, Bhaktapur","Dadikot, Dadikot, Bhaktapur",Bhaktapur,1350000,0,0,,0,West,,260,3.2 Aana,13 Feet / Soil Stabilized,13 Feet , Soil Stabilized,N/A Sq. Feet,10 months ago,[],"Land For Sale In Dadikot,",Other,1095.2
"Land For Sale In Mulpani, Kathmandu","Mulpani, Mulpani, Kathmandu",Kathmandu,3200000,0,0,,0,West,,290,2.2 Aana,6 Meter / Concrete,6 Meter , Concrete,N/A Sq. Feet,10 months ago,[],"Land For Sale In Mulpani,",Other,752.95
"House For Sale In Tokha, Kathmandu","Grande, Tokha, Kathmandu",Kathmandu,43000000,6,5,3.0,3,South East,2074.0,403,8 Aana,12 Feet / Gravelled,12 Feet , Gravelled,5 Aana,10 months ago,"['Garage', 'Backyard', 'Balcony', 'Frontyard', 'Garden', 'Modular Kitchen', 'Swimming Pool', 'Washing Machine', 'Wifi', 'Drainage', 'Water Supply', 'Solar Water', 'Water Tank']","House For Sale In Tokha,",House,2738.0
"House For Sale : House For Sale In Bhaktapur, Bhaktapur","bhaktapur, Bhaktapur, Bhaktapur",Bhaktapur,21500000,9,1,3.0,1,West,2076.0,633,0-6-0-0 Aana,20 Feet,20 Feet,,0-3-0-0 Aana,10 months ago,['Garage'],House For Sale : House For Sale In,House,2053.5
"Durbarmarg Next To Annapurna Cake Shop : House For Sale In Durbar Marg, Kathmandu","durbarmarg, Durbar Marg, Kathmandu",Kathmandu,250000000,0,0,,0,East,,486,4 Aana,20 Feet / Blacktopped,20 Feet , Blacktopped,4 Aana,10 months ago,[],"Durbarmarg Next To Annapurna Cake Shop : House For Sale In Durbar Marg,",House,1369.0
"House For Sale In Itahari, Sunsari","Halgada, Itahari, Sunsari",Kathmandu,6400000,3,1,1.0,0,North,,905,6 Dhur,15 Feet / Soil Stabilized,15 Feet , Soil Stabilized,N/A Sq. Feet,10 months ago,"['TV Cable', 'Drainage', 'Water Supply', 'Water Tank']",Satdobato,House,437400.0
"Chandol Kanchan Housing : Land For Sale In Chandol, Kathmandu","Chandol kathmandu, Chandol, Kathmandu",Kathmandu,4300000,0,0,,0,South,,399,1-4-0-0 Aana,14 Feet / Blacktopped,14 Feet , Blacktopped,1-4-0-0 Aana,10 months ago,[],"Chandol Kanchan Housing : Land For Sale In Chandol,",Other,6845.0
"Chandol House : House For Sale In Chandol, Kathmandu","Chandol Kathmandu, Chandol, Kathmandu",Kathmandu,24500000,4,3,2.0,2,East,2073.0,556,0-3-2-0 Aana,4 Meter / Soil Stabilized,4 Meter , Soil Stabilized,0-3-2-0 Aana,10 months ago,"['Garage', 'Garden', 'Water Supply', 'TV Cable', 'Solar Water', 'Water Tank', 'Modular Kitchen']","Chandol House : House For Sale In Chandol,",House,1197.875
"Bansbari Mainroad : House For Sale In Maharajgunj, Kathmandu","Bansbari mainroad, Maharajgunj, Kathmandu",Kathmandu,80000000,18,6,4.0,0,East,2060.0,346,0-8-0-0 Aana,9 Meter / Soil Stabilized,9 Meter , Soil Stabilized,0-8-0-0 Aana,10 months ago,['Water Supply'],"Bansbari Mainroad : House For Sale In Maharajgunj,",House,2738.0
"Land : Land For Sale In Bhaisepati, Lalitpur","Bhaisepati ,Lalitpur, Bhaisepati, Lalitpur",Lalitpur,3600000,0,0,,0,South,,511,4 Aana,12 Feet,12 Feet,,N/A Aana,11 months ago,[],"Land : Land For Sale In Bhaisepati,",Other,1369.0
"Chitwanma Sasto Ghaderi : Land For Sale In Chitrawan, Chitwan","Bharatpur 14 chitwan, Chitrawan, Chitwan",Kathmandu,3800000,0,0,,0,West,,595,20 Dhur,9 Meter / Blacktopped,9 Meter , Blacktopped,N/A Dhur,11 months ago,"['Wifi', 'Water Supply', 'TV Cable']",Satdobato,Other,1458000.0
"Land For Sale In Baluwatar, Kathmandu","Tudaldevi, Baluwatar, Kathmandu",Kathmandu,3600000,0,0,,0,North,,643,13 Aana,10 Feet / Gravelled,10 Feet , Gravelled,N/A Sq. Feet,11 months ago,[],"Land For Sale In Baluwatar,",Other,4449.25
"House For Sale In Bharatpur, Chitwan","2, Bharatpur, Chitwan",Kathmandu,23000000,15,6,3.0,10,North,2075.0,363,10 Dhur,20 Feet / Blacktopped,20 Feet , Blacktopped,10 Dhur,11 months ago,"['Garage', 'Balcony', 'Fencing', 'TV Cable', 'Wifi', 'Water Supply', 'Water Tank']",Satdobato,House,729000.0
"House For Sale In Baluwatar, Kathmandu","Near PM Quarter, Baluwatar, Kathmandu",Kathmandu,33500000,0,0,3.0,1,East,,1K,5 Aana,20 Feet / Blacktopped,20 Feet , Blacktopped,N/A Sq. Feet,11 months ago,"['Balcony', 'TV Cable', 'Drainage', 'Water Supply', 'Water Tank']","House For Sale In Baluwatar,",House,1711.25
"House For Sale In Baniyatar, Kathmandu","Baniyatar, Baniyatar, Kathmandu",Kathmandu,32000000,9,4,,0,East,,342,5 Aana,10 Feet / Blacktopped,10 Feet , Blacktopped,N/A Sq. Feet,11 months ago,"['Balcony', 'TV Cable', 'Wifi', 'Drainage', 'Water Supply', 'Solar Water', 'Water Tank']","House For Sale In Baniyatar,",House,1711.25
"House For Sale In Jorpati, Kathmandu","Jorpati, Jorpati, Kathmandu",Kathmandu,14000000,0,0,3.0,1,East,,444,2.5 Aana,10 Feet,10 Feet,,N/A Sq. Feet,11 months ago,"['Balcony', 'TV Cable', 'Drainage', 'Water Supply', 'Water Tank']","House For Sale In Jorpati,",House,855.625
"House For Sale In Baniyatar, Kathmandu","Baniyatar, Baniyatar, Kathmandu",Kathmandu,35000000,10,3,3.0,0,North,,265,4 Aana,16 Feet / Blacktopped,16 Feet , Blacktopped,N/A Sq. Feet,11 months ago,"['Balcony', 'TV Cable', 'Wifi', 'Drainage', 'Water Supply', 'Water Tank']","House For Sale In Baniyatar,",House,1369.0
"House For Sale In Nakkhu, Lalitpur","Nearby of Medicity Hospital, Nakkhu, Lalitpur",Lalitpur,25500000,4,4,2.5,0,North West,,755,4.2 Aana,14 Feet / Gravelled,14 Feet , Gravelled,N/A Sq. Feet,11 months ago,"['Balcony', 'TV Cable', 'Wifi', 'Drainage', 'Water Supply', 'Solar Water', 'Water Tank']","House For Sale In Nakkhu,",House,1437.45
"House For Sale In Thasikhel, Lalitpur","Shabyatanagar, Lalitpur, Thasikhel, Lalitpur",Lalitpur,24000000,12,4,3.0,4,South East,,303,4 Aana,0 Feet,0 Feet,,4 Aana,11 months ago,"['Water Supply', 'Balcony', 'Water Well', 'Fencing', 'TV Cable', 'Wifi', 'Drainage']","House For Sale In Thasikhel,",House,1369.0
"House For Sale In Dhapasi, Kathmandu","Dhapashi, Basundhara, Tokha - 5, Dhapasi, Kathmandu",Kathmandu,18700000,1,1,3.0,1,East,,412,0-5-1-0 Aana,7 Feet,7 Feet,,0-3-0-0 Aana,11 months ago,"['Backyard', 'Water Supply', 'Drainage', 'Garden', 'Fencing', 'Water Well']","House For Sale In Dhapasi,",House,1796.8125
"Flat For Rent In Sankhamul, Kathmandu","Newbaneshwar , Radhamarga, Sankhamul, Kathmandu",Kathmandu,19500,0,0,,0,East,,646,800 Sq. Feet,0 Feet,0 Feet,,N/A Aana,11 months ago,[],"Flat For Rent In Sankhamul,",Flat,800.0
"Attractive Land In Kirtipur : Land For Sale In Kirtipur, Kirtipur","Bhutkhel, Kirtipur, Kathmandu",Kathmandu,1600000,0,0,,0,East,,257,28 Aana,20 Feet / Gravelled,20 Feet , Gravelled,28 Aana,11 months ago,[],Satdobato,Other,9583.0
"House For Sale In Imadol, Lalitpur","Near Buddha Party Palace, Imadol, Lalitpur",Lalitpur,16500000,5,3,3.0,0,South,,635,3.5 Aana,13 Feet / Blacktopped,13 Feet , Blacktopped,N/A Sq. Feet,11 months ago,"['Balcony', 'TV Cable', 'Wifi', 'Drainage', 'Water Supply', 'Water Tank']","House For Sale In Imadol,",House,1197.875
"Prachanda Chitrakar : Hostel For Rent In Ason, Kathmandu","Thahity, Ason, Kathmandu",Kathmandu,190000150000,0,0,7.0,3,West,1994.0,352,2 Aana,20 Feet / Blacktopped,20 Feet , Blacktopped,5500 Sq. Feet,11 months ago,"['Drainage', 'Water Supply']","Prachanda Chitrakar : Hostel For Rent In Ason,",Other,684.5
"Land For Sale In Gokarneshwor, Kathmandu","Nearby, Baluwa Gaabisa, Gokarneshwor, Kathmandu",Kathmandu,750000,0,0,,0,West,,375,4 Aana,13 Feet / Soil Stabilized,13 Feet , Soil Stabilized,N/A Sq. Feet,11 months ago,[],"Land For Sale In Gokarneshwor,",Other,1369.0
"House For Sale In Hadigaun, Kathmandu","Hadigaun, Hadigaun, Kathmandu",Kathmandu,25000000,0,0,4.0,0,West,,323,3 Aana,13 Feet,13 Feet,,N/A Sq. Feet,11 months ago,"['Balcony', 'TV Cable', 'Drainage', 'Water Supply', 'Water Tank']","House For Sale In Hadigaun,",House,1026.75
"House For Sale In Sukedhara, Kathmandu","Sukedhara, Sukedhara, Kathmandu",Kathmandu,31800000,10,0,3.0,0,East,,473,5.1 Aana,14 Feet / Blacktopped,14 Feet , Blacktopped,N/A Sq. Feet,11 months ago,"['Balcony', 'TV Cable', 'Wifi', 'Drainage', 'Water Supply', 'Water Tank']","House For Sale In Sukedhara,",House,1745.475
"Land For Sale In Hattigauda, Kathmandu","Hattigauda, Hattigauda, Kathmandu",Kathmandu,2500000,0,0,,0,South,,346,9 Aana,15 Feet / Soil Stabilized,15 Feet , Soil Stabilized,N/A Sq. Feet,11 months ago,[],"Land For Sale In Hattigauda,",Other,3080.25
"House For Sale In Sukedhara, Kathmandu","Sukedhara, Sukedhara, Kathmandu",Kathmandu,27500000,0,0,,0,North,,351,4 Aana,13 Feet / Gravelled,13 Feet , Gravelled,N/A Sq. Feet,11 months ago,[],"House For Sale In Sukedhara,",House,1369.0
"Land : Land For Sale In Joranku, Kathmandu","Tarkeshwor Municipality, Joranku, Kathmandu",Kathmandu,84000002100000,0,0,,0,East,,208,4 Aana,10 Feet / Gravelled,10 Feet , Gravelled,N/A Aana,11 months ago,[],"Land : Land For Sale In Joranku,",Other,1369.0
"6 Aana 4 Kune Plating Jagga : Land For Sale In Lalitpur, Lalitpur","Jharuwarashi, Lalitpur, Lalitpur",Lalitpur,78000001300000,0,0,,0,East,,414,0-6-0-0 Aana,20 Feet,20 Feet,,0-6-0-0 Aana,11 months ago,[],6 Aana 4 Kune Plating Jagga : Land For Sale In,Other,2053.5
"House For Sale In Tokha, Kathmandu","Greenland Chowk, Tokha, Kathmandu",Kathmandu,26000000,0,0,3.0,0,West,,309,4.1 Aana,15 Feet / Blacktopped,15 Feet , Blacktopped,N/A Sq. Feet,11 months ago,"['Balcony', 'TV Cable', 'Wifi', 'Drainage', 'Water Supply', 'Water Tank']","House For Sale In Tokha,",House,1403.225
"Business For Sale In Pepsicola, Kathmandu","Nearby, Sunsite, Pepsicola, Kathmandu",Kathmandu,800000,0,0,,0,West,,216,600 Sq. Feet,15 Feet / Blacktopped,15 Feet , Blacktopped,N/A Sq. Feet,11 months ago,[],"Business For Sale In Pepsicola,",Other,600.0
"House For Sale In Satungal, Kathmandu","Satungal, Satungal, Kathmandu",Kathmandu,9500000,4,0,,0,South,,595,4 Aana,15 Feet / Soil Stabilized,15 Feet , Soil Stabilized,N/A Sq. Feet,11 months ago,"['TV Cable', 'Drainage', 'Water Supply', 'Water Tank']","House For Sale In Satungal,",House,1369.0
"House For Sale In Kapan, Kathmandu","Aakashaydhara, Kapan, Kathmandu",Kathmandu,15000000,0,0,,0,West,,329,3 Aana,13 Feet / Blacktopped,13 Feet , Blacktopped,N/A Sq. Feet,11 months ago,"['Garden', 'TV Cable', 'Wifi', 'Drainage', 'Water Supply', 'Water Tank']","House For Sale In Kapan,",House,1026.75
"House For Rent In Budhanilkantha, Kathmandu","italittar, Budhanilkantha, Kathmandu",Kathmandu,43000,4,3,,0,West,,399,2000 Sq. Feet,15 Feet / Blacktopped,15 Feet , Blacktopped,N/A Sq. Feet,11 months ago,"['Balcony', 'TV Cable', 'Drainage', 'Water Supply', 'Water Tank']","House For Rent In Budhanilkantha,",House,2000.0
"2 Commerical House Sale In Naxal : House For Sale In Naxal, Kathmandu","naxal main road , next to NMB Bank, Naxal, Kathmandu",Kathmandu,150000000,0,0,3.5,0,North,2065.0,372,0-6-2-0 Aana,20 Feet,20 Feet,,4000 Sq. Feet,11 months ago,"['Garage', 'Garden', 'Water Supply', 'TV Cable', 'Water Well', 'Drainage', 'Water Tank']","2 Commerical House Sale In Naxal : House For Sale In Naxal,",House,2224.625
"House For Sale In Budhanilkantha, Kathmandu","Hepali Height, Budhanilkantha, Kathmandu",Kathmandu,42500000,5,4,,0,South West,,2.9K,5.5 Aana,20 Feet,20 Feet,,N/A Sq. Feet,11 months ago,"['Balcony', 'TV Cable', 'Wifi', 'Drainage', 'Water Supply', 'Water Tank']","House For Sale In Budhanilkantha,",House,1882.375
"Flat For Rent In Hattiban, Lalitpur","Nearby, Cancer Hospital, Hattiban, Lalitpur",Lalitpur,30000,0,0,,0,North,,885,800 Sq. Feet,15 Feet / Blacktopped,15 Feet , Blacktopped,N/A Sq. Feet,11 months ago,"['Balcony', 'TV Cable', 'Wifi', 'Drainage', 'Water Supply', 'Solar Water', 'Water Tank']","Flat For Rent In Hattiban,",Flat,800.0
"Land For Sale In Suryabinayak, Bhaktapur","Suryabinayak, Suryabinayak, Bhaktapur",Bhaktapur,1675000,0,0,,0,East,,306,0-4-0-2 Aana,31 Feet,31 Feet,,N/A Sq. Feet,11 months ago,[],"Land For Sale In Suryabinayak,",Other,1411.78125
"Business For Sale In Kalimati, Kathmandu","Nearby Solti Hotel, Kalimati, Kathmandu",Kathmandu,6000000,0,0,,0,West,,214,700 Sq. Feet,15 Feet / Blacktopped,15 Feet , Blacktopped,N/A Sq. Feet,11 months ago,[],"Business For Sale In Kalimati,",Other,700.0
"House For Sale In Tokha, Kathmandu","Mahadevtar, Tokha, Kathmandu",Kathmandu,60000000,0,0,3.0,3,East,,242,9 Aana,13 Feet,13 Feet,,N/A Sq. Feet,11 months ago,"['Balcony', 'TV Cable', 'Drainage', 'Water Supply', 'Water Tank']","House For Sale In Tokha,",House,3080.25
"House For Sale In Tahachal, Kathmandu","Tahachal, Kathmandu, Tahachal, Kathmandu",Kathmandu,40000000,0,0,2.5,0,West,,354,6.1 Aana,20 Feet / Paved,20 Feet , Paved,3.5 Aana,11 months ago,[],"House For Sale In Tahachal,",House,2087.725
"Bafal Kohinoor Housing Colony : House For Sale In Kalimati, Kathmandu","Purano Kalimati, Kalimati, Kathmandu",Kathmandu,29500000,0,0,,0,East,,430,0-3-3-0 Aana,0 Feet,0 Feet,,N/A Aana,11 months ago,[],"Bafal Kohinoor Housing Colony : House For Sale In Kalimati,",House,1283.4375
"House For Sale In Sukedhara, Kathmandu","Sukedhara, Sukedhara, Kathmandu",Kathmandu,19000000,3,2,2.0,0,South West,,1.1K,3.1 Aana,24 Feet / Blacktopped,24 Feet , Blacktopped,N/A Sq. Feet,11 months ago,"['Balcony', 'TV Cable', 'Wifi', 'Drainage', 'Water Supply', 'Water Tank']","House For Sale In Sukedhara,",House,1060.9750000000001
"Land For Sale In Thapathali, Kathmandu","Behind Rastra Bank, Thapathali, Kathmandu",Kathmandu,7500000,0,0,,0,East,,282,12.5 Aana,18 Feet / Gravelled,18 Feet , Gravelled,N/A Sq. Feet,11 months ago,[],"Land For Sale In Thapathali,",Other,4278.125
"House For Sale In Basundhara, Kathmandu","Basundhara, Basundhara, Kathmandu",Kathmandu,32500000,4,3,,0,North West,,335,5.5 Aana,16 Feet / Gravelled,16 Feet , Gravelled,N/A Sq. Feet,11 months ago,"['Balcony', 'TV Cable', 'Wifi', 'Drainage', 'Water Supply', 'Water Tank']","House For Sale In Basundhara,",House,1882.375
"House For Sale In Bhaisepati, Lalitpur","Gokul Aawas, Bhaisepati, Lalitpur",Lalitpur,44500000,5,5,3.0,0,North,,641,6.5 Aana,16 Feet / Gravelled,16 Feet , Gravelled,N/A Sq. Feet,11 months ago,[],"House For Sale In Bhaisepati,",House,2224.625
"House For Sale In Hattigauda, Kathmandu","Hattigauda, Hattigauda, Kathmandu",Kathmandu,32000000,5,4,3.0,0,South,,301,5 Aana,15 Feet / Gravelled,15 Feet , Gravelled,N/A Sq. Feet,11 months ago,"['Balcony', 'TV Cable', 'Wifi', 'Drainage', 'Water Supply', 'Solar Water', 'Water Tank']","House For Sale In Hattigauda,",House,1711.25
"House For Sale In Basundhara, Kathmandu","Basundhara, Basundhara, Kathmandu",Kathmandu,26000000,5,3,3.0,0,East,,3.4K,4.3 Aana,12 Feet / Blacktopped,12 Feet , Blacktopped,N/A Sq. Feet,11 months ago,"['Balcony', 'TV Cable', 'Wifi', 'Drainage', 'Water Supply', 'Solar Water', 'Water Tank']","House For Sale In Basundhara,",House,1471.675
"Land For Sale In Hattigauda, Kathmandu","Hattigauda, Hattigauda, Kathmandu",Kathmandu,2800000,0,0,,0,West,,276,18 Aana,15 Feet / Soil Stabilized,15 Feet , Soil Stabilized,N/A Sq. Feet,11 months ago,[],"Land For Sale In Hattigauda,",Other,6160.5
"House For Sale In Nagdhunga, Kathmandu","Nagdhunga, Nagdhunga, Kathmandu",Kathmandu,9500000,4,2,2.0,0,West,,460,3.2 Aana,15 Feet / Soil Stabilized,15 Feet , Soil Stabilized,N/A Sq. Feet,11 months ago,"['Balcony', 'TV Cable', 'Wifi', 'Drainage', 'Water Supply', 'Water Tank']","House For Sale In Nagdhunga,",House,1095.2
"Land For Sale In Dakshinkali, Kathmandu","Farsidol, Dakshinkali, Kathmandu",Kathmandu,400000,0,0,,0,East,,341,16 Aana,0 Feet,0 Feet,,N/A Aana,11 months ago,[],"Land For Sale In Dakshinkali,",Other,5476.0
"House For Sale In Sitapaila, Kathmandu","Sitapaila, Sitapaila, Kathmandu",Kathmandu,25000000,6,4,3.0,0,North,,636,5 Aana,13 Feet / Blacktopped,13 Feet , Blacktopped,N/A Sq. Feet,11 months ago,"['Balcony', 'TV Cable', 'Wifi', 'Drainage', 'Water Supply', 'Water Tank']","House For Sale In Sitapaila,",House,1711.25
"House For Sale In Thankot, Kathmandu","Near by kalikasthan temple, Thankot, Kathmandu",Kathmandu,17500000,5,2,3.0,0,South,,344,4 Aana,16 Feet / Blacktopped,16 Feet , Blacktopped,N/A Sq. Feet,11 months ago,"['Balcony', 'TV Cable', 'Wifi', 'Drainage', 'Water Supply', 'Water Tank']","House For Sale In Thankot,",House,1369.0
"House For Rent In Chabahil, Kathmandu","Bulbule, Chabahil, Kathmandu",Kathmandu,100000,1,1,4.0,1,West,2070.0,458,4 Aana,16 Feet,16 Feet,,3.5 Aana,11 months ago,"['Garage', 'Balcony', 'Fencing', 'Garden', 'Drainage', 'Water Supply', 'TV Cable', 'Water Tank']","House For Rent In Chabahil,",House,1369.0
"Flat For Rent In Sanepa, Lalitpur","sanepa, Sanepa, Lalitpur",Lalitpur,19900,2,1,,1,East,,586,00 Aana,20 Feet / Blacktopped,20 Feet , Blacktopped,N/A Aana,11 months ago,['Water Supply'],"Flat For Rent In Sanepa,",Flat,0.0
"Darkroom : Business For Sale In Kupondole, Lalitpur","Kupondole, Kupondole, Lalitpur",Lalitpur,2200000,0,1,4.0,10,East,,195,1000 Sq. Feet,14 Feet / Paved,14 Feet , Paved,1000 Sq. Feet,11 months ago,[],"Darkroom : Business For Sale In Kupondole,",Other,1000.0
"House For Sale In Syuchatar, Kathmandu","Nagarjun, Syuchatar, Kathmandu",Kathmandu,40000000,0,0,,0,South,,413,20 Aana,16 Feet / Blacktopped,16 Feet , Blacktopped,N/A Sq. Feet,11 months ago,"['Balcony', 'Garden', 'TV Cable', 'Wifi', 'Drainage', 'Water Supply', 'Solar Water', 'Water Tank']","House For Sale In Syuchatar,",House,6845.0
"Business For Sale In Machha Pokhari, Kathmandu","Opp. to Machapokhari Complex, Machha Pokhari, Kathmandu",Kathmandu,1800000,0,0,,0,North,,211,300 Sq. Feet,13 Feet / Blacktopped,13 Feet , Blacktopped,N/A Sq. Feet,11 months ago,[],"Business For Sale In Machha Pokhari,",Other,300.0
"House For Sale In Goldhunga, Kathmandu","Nearby, Rangasala, Goldhunga, Kathmandu",Kathmandu,6500000,3,1,1.0,0,West,,608,2.5 Aana,10 Feet / Soil Stabilized,10 Feet , Soil Stabilized,N/A Sq. Feet,11 months ago,"['TV Cable', 'Drainage', 'Water Supply', 'Water Tank']","House For Sale In Goldhunga,",House,855.625
"Land For Sale In Swayambhu, Kathmandu","Swayambhu, Swayambhu, Kathmandu",Kathmandu,850000,0,0,,0,South,,639,4.3 Aana,13 Feet / Soil Stabilized,13 Feet , Soil Stabilized,N/A Sq. Feet,11 months ago,[],"Land For Sale In Swayambhu,",Other,1471.675
"Land : Land For Sale In Dakshinkali, Kathmandu","Chalnakhel, dakshinkali-1, Dakshinkali, Kathmandu",Kathmandu,1350000,0,0,,0,East,,230,12 Aana,14 Feet,14 Feet,,N/A Aana,11 months ago,['Water Supply'],"Land : Land For Sale In Dakshinkali,",Other,4107.0
"House : House For Sale In Kadaghari, Kathmandu","Kadaghari.pepsicola, Kadaghari, Kathmandu",Kathmandu,12500000,3,1,1.0,1,North East,2074.0,496,3 Aana,13 Feet / Gravelled,13 Feet , Gravelled,3 Aana,11 months ago,[],"House : House For Sale In Kadaghari,",House,1026.75
"2BHK Flat : Flat For Rent In Mulpani, Kathmandu","Dumadevi Mandir, Mulpani, Mulpani, Kathmandu",Kathmandu,14999,2,1,3.0,3,West,2075.0,459,4 Aana,8 Feet / Soil Stabilized,8 Feet , Soil Stabilized,N/A Aana,11 months ago,[],"2Bhk Flat : Flat For Rent In Mulpani,",Flat,1369.0
"Devi Bhandari : House For Sale In Samakhusi, Kathmandu","samakhushi, Samakhusi, Kathmandu",Kathmandu,130000004000000,2,1,1.0,1,South,2071.0,350,0-2 -0-2 Aana,10 Feet / Soil Stabilized,10 Feet , Soil Stabilized,0-2-0-2 Aana,11 months ago,"['Water Well', 'Water Tank', 'Water Supply', 'Drainage']","Devi Bhandari : House For Sale In Samakhusi,",House,684.5
"Land For Sale In Sankhamul, Kathmandu","Ganesh Marga, Sankhamul, Kathmandu",Kathmandu,6000000,0,0,,0,East,,4K,4.5 Aana,13 Feet,13 Feet,,N/A Aana,11 months ago,[],"Land For Sale In Sankhamul,",Other,1540.125
"House On Sale : House For Sale In Maharajgunj, Kathmandu","Chapal kharkhana, Maharajgunj, Kathmandu",Kathmandu,70000000,7,5,3.0,8,East,2059.0,828,15 Aana,12 Feet / Blacktopped,12 Feet , Blacktopped,6 Aana,11 months ago,"['Lawn', 'Backyard', 'Balcony', 'Garden', 'Water Supply', 'Solar Water', 'Water Tank']","House On Sale : House For Sale In Maharajgunj,",House,5133.75
"Business For Sale In Gatthaghar, Bhaktapur","Nearby Siddhartha School, Gatthaghar, Bhaktapur",Bhaktapur,1700000,0,0,,0,North,,232,800 Sq. Feet,13 Feet / Blacktopped,13 Feet , Blacktopped,N/A Sq. Feet,11 months ago,[],"Business For Sale In Gatthaghar,",Other,800.0
"House For Sale In Imadol, Lalitpur","Near Pawan Prakriti School, Imadol, Lalitpur",Lalitpur,14200000,2,1,1.0,4,East,2074.0,531,3.5 Aana,20 Feet / Gravelled,20 Feet , Gravelled,N/A Aana,11 months ago,[],"House For Sale In Imadol,",House,1197.875
"Business For Sale In Jorpati, Kathmandu","Jorpati Chowk, Jorpati, Kathmandu",Kathmandu,1300000,0,0,,0,South,,194,600 Sq. Feet,15 Feet / Blacktopped,15 Feet , Blacktopped,N/A Sq. Feet,11 months ago,[],"Business For Sale In Jorpati,",Other,600.0
"Business For Sale In Koteshwor, Kathmandu","Nearby Mahadevsthan Mandir, Koteshwor, Kathmandu",Kathmandu,1000000,0,0,,0,North,,174,700 Sq. Feet,13 Feet / Blacktopped,13 Feet , Blacktopped,N/A Sq. Feet,11 months ago,[],"Business For Sale In Koteshwor,",Other,700.0
"Land On Sale At Budhanilkantha : Land For Sale In Budhanilkantha, Kathmandu","Jyotinagar, Budhanilkantha, Kathmandu",Kathmandu,2500000,0,0,,0,East,,1.4K,0-4-2-0 Aana,20 Feet / Gravelled,20 Feet , Gravelled,N/A Sq. Feet,11 months ago,[],"Land On Sale At Budhanilkantha : Land For Sale In Budhanilkantha,",Other,1540.125
"Land At Jyotinagar : Land For Sale In Budhanilkantha, Kathmandu","Jyotinagar, Budhanilkantha, Kathmandu",Kathmandu,2800000,0,0,,0,North East,,282,0-4-3-2 Aana,13 Feet / Paved,13 Feet , Paved,N/A Sq. Feet,11 months ago,[],"Land At Jyotinagar : Land For Sale In Budhanilkantha,",Other,1668.46875
"Italian/Coffee Shop/Fire Wooden Pizza/Barista Academy : Business For Sale In Kumaripati, Lalitpur","kumaripati, Kumaripati, Lalitpur",Lalitpur,2500000,0,0,2.0,0,South,,258,1600sq/ft Aana,22 Meter / Soil Stabilized,22 Meter , Soil Stabilized,N/A Aana,11 months ago,"['Water Supply', 'Balcony', 'TV Cable', 'Frontyard', 'Wifi', 'Gym', 'Water Tank', 'Modular Kitchen']","Italian/Coffee Shop/Fire Wooden Pizza/Barista Academy : Business For Sale In Kumaripati,",Other,547600.0
"Land For Sale In Thecho, Lalitpur","Thecho, Thecho, Lalitpur",Lalitpur,1400000,0,0,,0,South,,283,7 Aana,23 Feet,23 Feet,,N/A Sq. Feet,11 months ago,[],"Land For Sale In Thecho,",Other,2395.75
"House For Sale In Samakhusi, Kathmandu","Samakhusi, Samakhusi, Kathmandu",Kathmandu,55000000,0,0,3.0,0,East,,307,8 Sq. Feet,13 Feet,13 Feet,,N/A Sq. Feet,11 months ago,"['Balcony', 'TV Cable', 'Drainage', 'Water Supply', 'Water Tank']","House For Sale In Samakhusi,",House,8.0
"Sitapila : Land For Sale In Sitapaila, Kathmandu","Sitapila, Sitapaila, Kathmandu",Kathmandu,216000002700000,0,0,,0,East,,405,0-8-1-0 Aana,12 Feet / Paved,12 Feet , Paved,2738 Sq. Feet,11 months ago,[],"Sitapila : Land For Sale In Sitapaila,",Other,2823.5625
"House For Sale In Lazimpat, Kathmandu","Lazimpat, Lazimpat, Kathmandu",Kathmandu,30000000,0,0,3.0,0,South East,,550,6 Aana,10 Feet,10 Feet,,N/A Sq. Feet,11 months ago,"['Balcony', 'TV Cable', 'Drainage', 'Water Supply', 'Water Tank']","House For Sale In Lazimpat,",House,2053.5
"New Ghar Bikarima Kapan Ekatabasti : House For Sale In Budhanilkantha, Kathmandu","Kapan, Budhanilkantha, Kathmandu",Kathmandu,12800000,2,1,1.0,2,West,2075.0,630,3.2 Aana,12 Feet / Gravelled,12 Feet , Gravelled,3.1 Aana,11 months ago,"['Water Supply', 'Garden', 'Modular Kitchen', 'TV Cable', 'Water Tank']","New Ghar Bikarima Kapan Ekatabasti : House For Sale In Budhanilkantha,",House,1095.2
"House For Sale In Manamaiju, Kathmandu","Manamaiju, Manamaiju, Kathmandu",Kathmandu,25000000,0,0,3.0,0,West,,420,5.5 Aana,13 Feet,13 Feet,,N/A Sq. Feet,11 months ago,"['Balcony', 'TV Cable', 'Drainage', 'Water Supply', 'Water Tank']","House For Sale In Manamaiju,",House,1882.375
"House For Sale In Gongabu, Kathmandu","Nearby Indraini Bridge, Gongabu, Kathmandu",Kathmandu,12500000,0,0,1.0,1,East,,517,3.25 Aana,10 Feet,10 Feet,,N/A Sq. Feet,11 months ago,"['TV Cable', 'Drainage', 'Water Supply', 'Water Tank']","House For Sale In Gongabu,",House,1112.3125
"Land For Sale In Gongabu, Kathmandu","New Buspark, Gongabu, Kathmandu",Kathmandu,4500000,0,0,,0,North West,,197,5 Aana,15 Feet,15 Feet,,N/A Sq. Feet,11 months ago,[],"Land For Sale In Gongabu,",Other,1711.25
"House For Sale In Dhungedhara, Kathmandu","Dhungedhara, Dhungedhara, Kathmandu",Kathmandu,23000000,0,0,3.0,0,South,,2.3K,4 Aana,12 Feet,12 Feet,,N/A Sq. Feet,11 months ago,"['Balcony', 'TV Cable', 'Drainage', 'Water Supply', 'Water Tank']","House For Sale In Dhungedhara,",House,1369.0
"House For Sale In Chandol, Kathmandu","Chandol, Chandol, Kathmandu",Kathmandu,15000000,0,0,,0,South East,,354,2 Aana,20 Feet,20 Feet,,N/A Sq. Feet,11 months ago,"['Drainage', 'Water Tank']","House For Sale In Chandol,",House,684.5
"Land For Sale In Kapan, Kathmandu","Chunikhel, Kapan, Kathmandu",Kathmandu,1600000,0,0,,0,South,,346,0-18-0-2 Aana,20 Feet,20 Feet,,N/A Sq. Feet,11 months ago,[],"Land For Sale In Kapan,",Other,6203.28125
"House For Sale In Budhanilkantha, Kathmandu","Chappali Bhadrakali, Budhanilkantha, Kathmandu",Kathmandu,25000000,0,0,,1,South East,,520,4 Aana,13 Feet,13 Feet,,N/A Sq. Feet,11 months ago,"['Balcony', 'TV Cable', 'Drainage', 'Water Supply', 'Water Tank']","House For Sale In Budhanilkantha,",House,1369.0
"Land For Sale In Fulbari, Pokhara","Fulbari, Near to Ward 11 office, Fulbari, Pokhara",Kathmandu,2300000,0,0,,0,South,,515,5 Aana,15 Feet / Blacktopped,15 Feet , Blacktopped,N/A Sq. Feet,11 months ago,[],Satdobato,Other,1711.25
"Hotel Rupa Begnas Lake Inn : House For Sale In Lekhnath, Pokhara","Begnas lake, Lekhnath, Pokhara",Kathmandu,2000000025,9,10,3.0,3,North,2074.0,439,0-4-0-0 Aana,20 Feet / Gravelled,20 Feet , Gravelled,0-2-3-0 Aana,11 months ago,"['Garage', 'Backyard', 'Balcony', 'Frontyard', 'Garden', 'Microwave', 'TV Cable', 'Washing Machine', 'Wifi', 'Water Supply', 'Solar Water']",Satdobato,House,1369.0
"Land For Sale In Balaju, Kathmandu","Balaju Bypass, Balaju, Kathmandu",Kathmandu,4500000,0,0,,0,West,,310,0-9-2-1 Aana,16 Feet,16 Feet,,N/A Sq. Feet,11 months ago,[],"Land For Sale In Balaju,",Other,3272.765625
"House For Sale In Jorpati, Kathmandu","Besigaun, Jorpati, Kathmandu",Kathmandu,39000000,9,4,5.0,0,East,,295,3 Aana,11 Meter,11 Meter,,N/A Sq. Feet,11 months ago,"['Balcony', 'Drainage', 'Water Supply', 'Water Tank', 'Water Well']","House For Sale In Jorpati,",House,1026.75
"Beautiful Land Sale On Radhe Radhe Bhaktapur : Land For Sale In Bhaktapur, Bhaktapur","Bhaktapur, Bhaktapur, Bhaktapur",Bhaktapur,140000003500000,0,0,,0,South,2076.0,515,0-4-0-0 Aana,13 Feet / Gravelled,13 Feet , Gravelled,N/A Aana,11 months ago,[],Beautiful Land Sale On Radhe Radhe,Other,1369.0
"Land For Sale In Gokarneshwor, Kathmandu","Suntakhan, Gokarneshwor, Kathmandu",Kathmandu,950000,0,0,,0,West,,261,1-0-0-3 Ropani,32 Feet / Soil Stabilized,32 Feet , Soil Stabilized,N/A Sq. Feet,11 months ago,[],"Land For Sale In Gokarneshwor,",Other,5540.171875
"Land For Sale In Gokarneshwor, Kathmandu","Nearby, Nayapati Gumba, Gokarneshwor, Kathmandu",Kathmandu,1650000,0,0,,0,North,,435,5.2 Aana,20 Feet / Soil Stabilized,20 Feet , Soil Stabilized,N/A Sq. Feet,11 months ago,[],"Land For Sale In Gokarneshwor,",Other,1779.7
"House For Sale In Nakhipot, Lalitpur","Milan Chowk, Nakhipot, Lalitpur",Lalitpur,20500000,0,0,3.0,0,South,,694,4 Aana,10 Feet / Gravelled,10 Feet , Gravelled,N/A Sq. Feet,11 months ago,"['Balcony', 'TV Cable', 'Wifi', 'Drainage', 'Water Supply', 'Solar Water', 'Water Tank']","House For Sale In Nakhipot,",House,1369.0
"Land For Sale In Jorpati, Kathmandu","Chamunda Mandir, Jorpati, Kathmandu",Kathmandu,2100000,0,0,,0,North,,281,4.2 Aana,13 Feet / Soil Stabilized,13 Feet , Soil Stabilized,N/A Sq. Feet,11 months ago,[],"Land For Sale In Jorpati,",Other,1437.45
"Land For Sale In Jorpati, Kathmandu","Aarubot, Jorpati, Kathmandu",Kathmandu,2100000,0,0,,0,South,,382,4 Aana,13 Feet / Gravelled,13 Feet , Gravelled,N/A Sq. Feet,11 months ago,[],"Land For Sale In Jorpati,",Other,1369.0
"Under Construction House On Sale : House For Sale In Budhanilkantha, Kathmandu","Jyotinagar, Budhanilkantha, Kathmandu",Kathmandu,27500000,10,3,3.0,2,South,2076.0,1.3K,0-4-1-0 Aana,13 Feet / Blacktopped,13 Feet , Blacktopped,N/A Sq. Feet,11 months ago,"['Garage', 'Backyard', 'Fencing', 'Frontyard', 'Microwave', 'Modular Kitchen', 'TV Cable', 'Drainage', 'Water Supply']","Under Construction House On Sale : House For Sale In Budhanilkantha,",House,1454.5625
"Land For Sale In Thali, Kathmandu","Near by Shanti Batika., Thali, Kathmandu",Kathmandu,1650000,0,0,,0,South,,219,4 Aana,13 Feet / Soil Stabilized,13 Feet , Soil Stabilized,N/A Sq. Feet,11 months ago,[],"Land For Sale In Thali,",Other,1369.0
"House For Sale In Balkhu, Kathmandu","Brihat Cluster, Balkhu, Kathmandu",Kathmandu,22835000,4,3,,0,West,,819,0-3-1-2 Sq. Feet,20 Feet,20 Feet,,1650 Sq. Feet,11 months ago,"['Balcony', 'TV Cable', 'Drainage', 'Water Supply', 'Water Tank']","House For Sale In Balkhu,",House,1155.09375
"House For Sale In Jorpati, Kathmandu","Narayantar, Jorpati, Kathmandu",Kathmandu,16500000,9,3,3.0,0,South West,,614,3 Aana,10 Feet / Gravelled,10 Feet , Gravelled,N/A Sq. Feet,11 months ago,"['Balcony', 'TV Cable', 'Wifi', 'Drainage', 'Water Supply', 'Solar Water', 'Water Tank']","House For Sale In Jorpati,",House,1026.75
"Land For Sale In Budhanilkantha, Kathmandu","Nearby, Panchkanyaa School, Budhanilkantha, Kathmandu",Kathmandu,2100000,0,0,,0,North,,328,4 Aana,13 Feet / Soil Stabilized,13 Feet , Soil Stabilized,N/A Sq. Feet,11 months ago,[],"Land For Sale In Budhanilkantha,",Other,1369.0
"Land For Sale In Tokha, Kathmandu","Nearby, Manakamana Mandir, Tokha, Kathmandu",Kathmandu,1600000,0,0,,0,North,,261,4 Aana,12 Feet / Gravelled,12 Feet , Gravelled,N/A Sq. Feet,11 months ago,[],"Land For Sale In Tokha,",Other,1369.0
"Land For Sale In Lele, Lalitpur","Lele, Lele, Lalitpur",Lalitpur,600000,0,0,,0,South East,,288,37 Aana,15 Feet / Soil Stabilized,15 Feet , Soil Stabilized,N/A Sq. Feet,11 months ago,[],"Land For Sale In Lele,",Other,12663.25
"Newly Constructed House : House For Sale In Budhanilkantha, Kathmandu","Jyotinagar, Budhanilkantha, Budhanilkantha, Kathmandu",Kathmandu,32000000,5,4,3.0,2,South East,2076.0,4K,0-5-1-0 Aana,13 Feet / Blacktopped,13 Feet , Blacktopped,N/A Sq. Feet,11 months ago,"['Garage', 'Backyard', 'Balcony', 'Deck', 'Fencing', 'Frontyard', 'Modular Kitchen', 'TV Cable', 'Wifi', 'Drainage', 'Water Supply', 'Solar Water', 'Water Well']","Newly Constructed House : House For Sale In Budhanilkantha,",House,1796.8125
"Land Near Prithivi Highway : Land For Sale In Chauthe, Pokhara","Chauthe, Pokhara, Chauthe, Pokhara",Kathmandu,12000000,0,0,,0,North East,,453,20 Aana,20 Feet / Gravelled,20 Feet , Gravelled,N/A Aana,11 months ago,[],Satdobato,Other,6845.0
"22 Aana Land For Sale Near Iceland Hotel Pokhara : Land For Sale In Dhampus, Kaski","Pokhara, Dhampus, Kaski",Kathmandu,1500000015,0,0,,0,East,,438,22 Aana,20 Feet / Soil Stabilized,20 Feet , Soil Stabilized,N/A Aana,11 months ago,[],Satdobato,Other,7529.5
"DeepLila Sadan : House For Sale In Dhapakhel, Lalitpur","Dhapakhel Height, Dhapakhel, Lalitpur",Lalitpur,42000000,6,5,4.0,5,South West,2068.0,303,11 Aana,0 Feet / Blacktopped,0 Feet , Blacktopped,N/A Aana,11 months ago,"['Garage', 'Balcony', 'Garden', 'Water Supply', 'Water Well', 'Microwave', 'Water Tank', 'Solar Water', 'Fencing', 'Backyard', 'Frontyard', 'TV Cable', 'Washing Machine', 'Wifi', 'Drainage']","Deeplila Sadan : House For Sale In Dhapakhel,",House,3764.75
"Office Space For Rent In Kupondole, Lalitpur","Kupandole, Kupondole, Lalitpur",Lalitpur,50000,3,2,2.0,4,East,2015.0,644,4.5 Aana,25 Feet / Blacktopped,25 Feet , Blacktopped,650 Sq. Feet,11 months ago,"['Drainage', 'Water Supply']","Office Space For Rent In Kupondole,",Other,1540.125
"House For Sale In Budhanilkantha, Kathmandu","Chapali, Budhanilkantha, Kathmandu",Kathmandu,66000000,0,0,3.0,0,East,,387,8.3 Aana,40 Feet / Blacktopped,40 Feet , Blacktopped,N/A Sq. Feet,11 months ago,"['Balcony', 'TV Cable', 'Wifi', 'Drainage', 'Water Supply', 'Water Tank']","House For Sale In Budhanilkantha,",House,2840.675
"Land For Sale In Thaiba, Lalitpur","Thaiba, Thaiba, Lalitpur",Lalitpur,1850000,0,0,,0,South,,300,4 Aana,20 Feet / Soil Stabilized,20 Feet , Soil Stabilized,N/A Sq. Feet,11 months ago,[],"Land For Sale In Thaiba,",Other,1369.0
"Land For Sale In Hetauda, Makwanpur","Piple Marg, Hetauda, Makwanpur",Kathmandu,600000,0,0,,0,East,,382,10 Dhur,3.5 Meter,3.5 Meter,,N/A Dhur,11 months ago,[],Satdobato,Other,729000.0
"Land For Sale In Chandragiri, Kathmandu","Matatirtha, Chandragiri, Kathmandu",Kathmandu,1200000,0,0,,0,North East,,1.3K,4 Aana,20 Feet,20 Feet,,N/A Sq. Feet,11 months ago,[],"Land For Sale In Chandragiri,",Other,1369.0
"House For Sale In Dhapasi, Kathmandu","Dhapasi, Dhapasi, Kathmandu",Kathmandu,17000000,4,3,3.0,0,East,,553,3.1 Aana,13 Feet / Blacktopped,13 Feet , Blacktopped,N/A Sq. Feet,11 months ago,"['Balcony', 'TV Cable', 'Wifi', 'Drainage', 'Water Supply', 'Solar Water', 'Water Tank']","House For Sale In Dhapasi,",House,1060.9750000000001
"Land For Sale In Budhanilkantha, Kathmandu","Deuba Chowk, Budhanilkantha, Kathmandu",Kathmandu,3500000,0,0,,0,South East,,271,17.5 Aana,20 Feet,20 Feet,,N/A Sq. Feet,11 months ago,[],"Land For Sale In Budhanilkantha,",Other,5989.375
"Land For Sale In Budhanilkantha, Kathmandu","Narayanthan, Budhanilkantha, Kathmandu",Kathmandu,13000000,3,3,2.0,0,South,,427,3.2 Aana,13 Feet / Blacktopped,13 Feet , Blacktopped,N/A Sq. Feet,11 months ago,[],"Land For Sale In Budhanilkantha,",Other,1095.2
"Land For Sale In Nagarkot, Bhaktapur","Nagarkot, Nagarkot, Bhaktapur",Bhaktapur,1500000,0,0,,0,South,,263,5.5 Aana,20 Feet / Blacktopped,20 Feet , Blacktopped,N/A Sq. Feet,1 year ago,[],"Land For Sale In Nagarkot,",Other,1882.375
"Business For Sale In Madhyapur Thimi, Bhaktapur","Nearby Kathmandu School of Law, Madhyapur Thimi, Bhaktapur",Bhaktapur,1100000,0,0,,0,West,,214,600 Sq. Feet,15 Feet / Blacktopped,15 Feet , Blacktopped,N/A Sq. Feet,1 year ago,[],"Business For Sale In Madhyapur Thimi,",Other,600.0
"House For Sale In Kausaltar, Bhaktapur","Kausaltar, Kausaltar, Bhaktapur",Bhaktapur,19500000,10,0,4.0,0,East,,479,3.5 Aana,20 Feet / Soil Stabilized,20 Feet , Soil Stabilized,N/A Sq. Feet,1 year ago,"['Balcony', 'TV Cable', 'Wifi', 'Drainage', 'Water Supply', 'Water Tank']","House For Sale In Kausaltar,",House,1197.875
"Land For Sale In Jorpati, Kathmandu","Nearby, Vens School, Jorpati, Kathmandu",Kathmandu,2900000,0,0,,0,South,,286,3.5 Aana,10 Feet / Gravelled,10 Feet , Gravelled,N/A Sq. Feet,1 year ago,[],"Land For Sale In Jorpati,",Other,1197.875
"Land For Sale In Balaju, Kathmandu","Bypass, Balaju, Kathmandu",Kathmandu,4500000,0,0,,0,West,,274,0-9-2-1 Aana,16 Feet / Blacktopped,16 Feet , Blacktopped,N/A Sq. Feet,1 year ago,[],"Land For Sale In Balaju,",Other,3272.765625
"Land For Sale In Gokarneshwor, Kathmandu","Nearby, Hanuman Chowk, Gokarneshwor, Kathmandu",Kathmandu,1600000,0,0,,0,South,,183,34 Aana,15 Feet / Soil Stabilized,15 Feet , Soil Stabilized,N/A Sq. Feet,1 year ago,[],"Land For Sale In Gokarneshwor,",Other,11636.5
"Land For Sale In Bhaktapur, Bhaktapur","Chamasing, Bhaktapur, Bhaktapur",Bhaktapur,1000000,0,0,,0,North East,,344,15 Aana,12 Feet / Soil Stabilized,12 Feet , Soil Stabilized,N/A Sq. Feet,1 year ago,[],Land For Sale In,Other,5133.75
"Land For Sale In Chandragiri, Kathmandu","Srijana chowk, Chandragiri, Kathmandu",Kathmandu,1100000,0,0,,0,North,,256,14 Aana,8 Feet / Soil Stabilized,8 Feet , Soil Stabilized,N/A Sq. Feet,1 year ago,[],"Land For Sale In Chandragiri,",Other,4791.5
"House For Sale In Kamalpokhari, Kathmandu","Kamalpokhari, Kamalpokhari, Kathmandu",Kathmandu,55000000,2,3,,0,North East,,586,3400 Sq. Feet,0 Feet,0 Feet,,3400 Sq. Feet,1 year ago,"['Balcony', 'Garden', 'Gym', 'Modular Kitchen', 'Swimming Pool', 'TV Cable', 'Wifi', 'Drainage', 'Water Supply', 'Water Tank']","House For Sale In Kamalpokhari,",House,3400.0
"Land For Sale In Mahalaxmi Nagarpalika, Lalitpur","Changathali, Mahalaxmi Nagarpalika, Lalitpur",Lalitpur,2250000,0,0,,0,South,,280,4 Aana,13 Feet / Soil Stabilized,13 Feet , Soil Stabilized,N/A Sq. Feet,1 year ago,[],"Land For Sale In Mahalaxmi Nagarpalika,",Other,1369.0
"Apartment For Sale In Chandol, Kathmandu","Prestige Apartment, Chandol, Kathmandu",Kathmandu,22500000,3,4,,0,North East,,1.3K,1780 Sq. Feet,20 Feet,20 Feet,,1780 Sq. Feet,1 year ago,"['Balcony', 'Gym', 'Modular Kitchen', 'Swimming Pool', 'TV Cable', 'Wifi', 'Drainage', 'Water Supply']","Apartment For Sale In Chandol,",Apartment,1780.0
"Apartment For Sale In Panipokhari, Kathmandu","Nearby Japanese Embassy, Panipokhari, Kathmandu",Kathmandu,30000000,3,3,,0,South East,,727,1380 Sq. Feet,11 Meter,11 Meter,,1380 Sq. Feet,1 year ago,"['Balcony', 'Gym', 'Swimming Pool', 'TV Cable', 'Drainage', 'Water Supply']","Apartment For Sale In Panipokhari,",Apartment,1380.0
"Apartment For Sale In Swayambhu, Kathmandu","Bijeshwori, Swayambhu, Kathmandu",Kathmandu,20000000,3,3,,0,East,,596,1500 Sq. Feet,0 Feet,0 Feet,,N/A Sq. Feet,1 year ago,"['Balcony', 'TV Cable', 'Drainage', 'Water Supply']","Apartment For Sale In Swayambhu,",Apartment,1500.0
"Land For Sale In Minbhawan, Kathmandu","Nearby KENNT collage of Technology, Minbhawan, Kathmandu",Kathmandu,6500000,0,0,,0,North,,262,5 Aana,20 Feet / Blacktopped,20 Feet , Blacktopped,N/A Sq. Feet,1 year ago,[],"Land For Sale In Minbhawan,",Other,1711.25
"Land For Sale In Naya Bazar, Kathmandu","Naya Bazar, Naya Bazar, Kathmandu",Kathmandu,6700000,0,0,,0,South West,,291,12 Aana,12 Feet,12 Feet,,N/A Sq. Feet,1 year ago,[],"Land For Sale In Naya Bazar,",Other,4107.0
"Land For Sale In Pasikot, Kathmandu","Pasikot, Pasikot, Kathmandu",Kathmandu,2500000,0,0,,0,South West,,229,12 Aana,13 Feet,13 Feet,,N/A Sq. Feet,1 year ago,[],"Land For Sale In Pasikot,",Other,4107.0
"Land For Sale In Mahalaxmisthan, Lalitpur","Nearby Sobahiti, Mahalaxmisthan, Lalitpur",Lalitpur,2600000,0,0,,0,South,,344,12 Aana,26 Feet,26 Feet,,N/A Sq. Feet,1 year ago,[],"Land For Sale In Mahalaxmisthan,",Other,4107.0
"Land For Sale In Bhaisepati, Lalitpur","Bhaisepati, Bhaisepati, Lalitpur",Lalitpur,2600000,0,0,,0,North,,509,5 Aana,13 Feet / Soil Stabilized,13 Feet , Soil Stabilized,N/A Sq. Feet,1 year ago,[],"Land For Sale In Bhaisepati,",Other,1711.25
"House For Sale In Maligaon, Kathmandu","Maligaon, Maligaon, Kathmandu",Kathmandu,65000000,5,6,,0,North West,,2K,12 Aana,13 Feet,13 Feet,,N/A Sq. Feet,1 year ago,[],"House For Sale In Maligaon,",House,4107.0
"House For Sale In Makalbari, Kathmandu","Makalbari, Makalbari, Kathmandu",Kathmandu,28000000,6,4,,0,South,,303,6.5 Aana,13 Feet,13 Feet,,N/A Sq. Feet,1 year ago,[],"House For Sale In Makalbari,",House,2224.625
"Business For Sale In Chabahil, Kathmandu","Nearby AC Complex, Chabahil, Kathmandu",Kathmandu,500000,0,0,,0,North,,360,300 Sq. Feet,13 Feet / Blacktopped,13 Feet , Blacktopped,N/A Sq. Feet,1 year ago,[],"Business For Sale In Chabahil,",Other,300.0
"House For Sale In Sitapaila, Kathmandu","Padma Colony, Sitapaila, Kathmandu",Kathmandu,23000000,4,3,3.0,0,South,,441,0-5-2-2 Aana,20 Feet,20 Feet,,N/A Sq. Feet,1 year ago,"['Balcony', 'TV Cable', 'Drainage', 'Water Supply', 'Water Tank']","House For Sale In Sitapaila,",House,1925.15625
"House For Sale In Jhamsikhel, Lalitpur","Jhamsikhel, Jhamsikhel, Lalitpur",Lalitpur,35000000,5,4,3.0,0,South,,705,3 Aana,20 Feet,20 Feet,,N/A Sq. Feet,1 year ago,"['Balcony', 'Garden', 'TV Cable', 'Drainage', 'Water Supply', 'Water Tank']","House For Sale In Jhamsikhel,",House,1026.75
"Modern House For Sale At Bhaisepati! : House For Sale In Bhaisepati, Lalitpur","27.6845464, Bhaisepati, Lalitpur",Lalitpur,70000000,5,5,3.0,4,South West,,1.1K,10 Aana,13 Feet,13 Feet,,3000 Sq. Feet,1 year ago,"['Balcony', 'TV Cable', 'Drainage', 'Water Supply', 'Water Tank', 'Garage', 'Lawn', 'Fencing', 'Jacuzzi', 'Air Condition', 'Washing Machine', 'Frontyard', 'Garden', 'Microwave', 'Internet', 'Water Well', 'Intercom', 'Solar Water', 'Modular Kitchen', 'Deck', 'Electricity Backup']","Modern House For Sale At Bhaisepati! : House For Sale In Bhaisepati,",House,3422.5
"House For Sale In Dhapasi, Kathmandu","Grande Villa, Dhapasi, Kathmandu",Kathmandu,23500000,3,3,2.0,0,East,,2.6K,4+ Aana,20 Feet,20 Feet,,N/A Sq. Feet,1 year ago,"['Balcony', 'TV Cable', 'Drainage', 'Water Supply', 'Water Tank']","House For Sale In Dhapasi,",House,1369.0
"House For Sale In Budhanilkantha, Kathmandu","CG Hills Housing, Hattigauda, Budhanilkantha, Kathmandu",Kathmandu,80000000,6,7,,4,South East,,814,14.75 Aana,13 Feet,13 Feet,,5320 Sq. Feet,1 year ago,[],"House For Sale In Budhanilkantha,",House,5048.1875
"House For Sale In Imadol, Lalitpur","Behind Swimming Pool, Imadol, Lalitpur",Lalitpur,22500000,7,4,3.0,0,South West,,280,3.3 Aana,13 Feet,13 Feet,,N/A Sq. Feet,1 year ago,[],"House For Sale In Imadol,",House,1129.425
"House For Sale In Khumaltar, Lalitpur","Khumaltar, Khumaltar, Lalitpur",Lalitpur,60000000,5,5,3.0,0,South,,372,10 Aana,20 Feet,20 Feet,,N/A Sq. Feet,1 year ago,"['Balcony', 'Garden', 'TV Cable', 'Drainage', 'Water Supply', 'Water Tank']","House For Sale In Khumaltar,",House,3422.5
"Business For Sale In Thamel, Kathmandu","Mandala street, Thamel, Kathmandu",Kathmandu,2500000,0,0,,0,South East,,229,200 Sq. Feet,0 Feet,0 Feet,,N/A Sq. Feet,1 year ago,[],"Business For Sale In Thamel,",Other,200.0
"House For Sale In Thulo Bharyang, Kathmandu","Thulobharyang, Thulo Bharyang, Kathmandu",Kathmandu,22700000,5,2,3.0,0,West,,274,3.5 Aana,12 Feet / Gravelled,12 Feet , Gravelled,N/A Sq. Feet,1 year ago,"['Balcony', 'TV Cable', 'Wifi', 'Drainage', 'Water Supply', 'Water Tank']","House For Sale In Thulo Bharyang,",House,1197.875
"House For Sale In Basundhara, Kathmandu","Basundhara, Basundhara, Kathmandu",Kathmandu,19800000,9,0,3.0,0,South East,,316,3.5 Aana,12 Feet / Gravelled,12 Feet , Gravelled,N/A Sq. Feet,1 year ago,"['Balcony', 'TV Cable', 'Wifi', 'Drainage', 'Water Supply', 'Water Tank']","House For Sale In Basundhara,",House,1197.875
"House For Sale In Raniban, Kathmandu","Raniban, Raniban, Kathmandu",Kathmandu,33500000,7,3,3.0,0,East,,353,6 Aana,14 Feet / Soil Stabilized,14 Feet , Soil Stabilized,N/A Sq. Feet,1 year ago,"['Balcony', 'TV Cable', 'Wifi', 'Drainage', 'Water Supply', 'Water Tank']","House For Sale In Raniban,",House,2053.5
"Business For Sale In Kapan, Kathmandu","Aakashedhara, Kapan, Kathmandu",Kathmandu,850000,0,0,,0,North,,166,200 Sq. Feet,0 Feet,0 Feet,,N/A Sq. Feet,1 year ago,[],"Business For Sale In Kapan,",Other,200.0
"Business For Sale In Sankhamul, Kathmandu","Nearby Livepool International School., Sankhamul, Kathmandu",Kathmandu,2500000,0,0,,0,North,,213,300 Sq. Feet,0 Feet,0 Feet,,N/A Sq. Feet,1 year ago,[],"Business For Sale In Sankhamul,",Other,300.0
"House For Sale In Baneshwor, Kathmandu","Buddhanagar, Baneshwor, Kathmandu",Kathmandu,52500000,0,0,3.0,0,West,,408,5 Aana,0 Feet,0 Feet,,N/A Sq. Feet,1 year ago,"['Balcony', 'TV Cable', 'Wifi', 'Drainage', 'Water Supply', 'Solar Water', 'Water Tank']","House For Sale In Baneshwor,",House,1711.25
"Business For Sale In Dhungedhara, Kathmandu","Near Nursury Chowk, Dhungedhara, Kathmandu",Kathmandu,630000,0,0,,0,South East,,219,250 Sq. Feet,0 Feet,0 Feet,,N/A Sq. Feet,1 year ago,[],"Business For Sale In Dhungedhara,",Other,250.0
"House For Sale In Nakhipot, Lalitpur","Near Kantipur Colony, Nakhipot, Lalitpur",Lalitpur,15100000,0,0,2.0,0,North,,551,3.2 Aana,0 Feet,0 Feet,,N/A Sq. Feet,1 year ago,"['Balcony', 'TV Cable', 'Wifi', 'Water Supply', 'Water Tank']","House For Sale In Nakhipot,",House,1095.2
"House For Sale In Budhanilkantha, Kathmandu","Budhanilkantha, Budhanilkantha, Kathmandu",Kathmandu,25000000,6,4,3.0,3,West,,305,4.5 Aana,13 Feet / Soil Stabilized,13 Feet , Soil Stabilized,N/A Sq. Feet,1 year ago,"['Balcony', 'TV Cable', 'Wifi', 'Drainage', 'Water Supply', 'Water Tank']","House For Sale In Budhanilkantha,",House,1540.125
"House For Sale In Sitapaila, Kathmandu","Near Padma Colony, Sitapaila, Kathmandu",Kathmandu,17000000,4,4,3.0,0,North,,802,3.1 Aana,0 Feet,0 Feet,,N/A Sq. Feet,1 year ago,"['Balcony', 'TV Cable', 'Wifi', 'Drainage', 'Water Supply', 'Water Tank']","House For Sale In Sitapaila,",House,1060.9750000000001
"Business For Sale In Imadol, Lalitpur","Nearby Kist Medical Collage, Imadol, Lalitpur",Lalitpur,1700000,0,0,,0,South,,190,1200 Sq. Feet,0 Feet,0 Feet,,N/A Sq. Feet,1 year ago,[],"Business For Sale In Imadol,",Other,1200.0
"Business For Sale In Jorpati, Kathmandu","Opposite to Jubi Petrol Pump, Jorpati, Kathmandu",Kathmandu,3500000,0,0,,0,South,,288,1000 Sq. Feet,0 Feet,0 Feet,,N/A Sq. Feet,1 year ago,[],"Business For Sale In Jorpati,",Other,1000.0
"House For Sale In Samakhusi, Kathmandu","Samakhusi, Samakhusi, Kathmandu",Kathmandu,25500000,5,2,3.0,2,North,,1.1K,0-3-1-1 Aana,0 Feet,0 Feet,,N/A Sq. Feet,1 year ago,"['Balcony', 'TV Cable', 'Wifi', 'Drainage', 'Water Supply', 'Water Tank']","House For Sale In Samakhusi,",House,1133.703125
"Business For Sale In Taukhel, Lalitpur","Nearby KItini High School, Taukhel, Lalitpur",Lalitpur,600000,0,0,,0,South West,,213,200 Sq. Feet,0 Feet,0 Feet,,N/A Sq. Feet,1 year ago,[],"Business For Sale In Taukhel,",Other,200.0
"House For Sale In Gongabu, Kathmandu","Ganesthan, Gongabu, Kathmandu",Kathmandu,22500000,0,0,3.0,0,North,,449,3.5 Aana,0 Feet,0 Feet,,N/A Sq. Feet,1 year ago,"['Balcony', 'TV Cable', 'Wifi', 'Drainage', 'Water Supply', 'Water Tank']","House For Sale In Gongabu,",House,1197.875
"House For Sale In Samakhusi, Kathmandu","Samakhusi, Samakhusi, Kathmandu",Kathmandu,34500000,10,0,3.0,0,South,,266,4.2 Aana,6 Meter,6 Meter,,N/A Sq. Feet,1 year ago,"['Balcony', 'TV Cable', 'Wifi', 'Drainage', 'Water Supply', 'Solar Water', 'Water Tank']","House For Sale In Samakhusi,",House,1437.45
"Business For Sale In Gaushala, Kathmandu","Pingalasthan, Gaushala, Kathmandu",Kathmandu,2000000,0,0,,0,North,,207,250 Sq. Feet,0 Feet,0 Feet,,N/A Sq. Feet,1 year ago,[],"Business For Sale In Gaushala,",Other,250.0
"Business For Sale In Gokarneshwor, Kathmandu","Nearby Sarbeshwor Mandir, Nayabasti, Gokarneshwor, Kathmandu",Kathmandu,750000,0,0,,0,North,,236,200 Sq. Feet,0 Feet,0 Feet,,N/A Sq. Feet,1 year ago,['Lawn'],"Business For Sale In Gokarneshwor,",Other,200.0
"Business For Sale In Naya Bazar, Kathmandu","Khusibu, Naya Bazar, Kathmandu",Kathmandu,300000,0,0,,0,East,,169,150 Sq. Feet,0 Feet,0 Feet,,N/A Sq. Feet,1 year ago,[],"Business For Sale In Naya Bazar,",Other,150.0
"Business For Sale In Samakhusi, Kathmandu","Kapurdhara, Samakhusi, Kathmandu",Kathmandu,550000,0,0,,0,East,,189,250 Sq. Feet,0 Feet,0 Feet,,N/A Sq. Feet,1 year ago,['Water Supply'],"Business For Sale In Samakhusi,",Other,250.0
"Land For Sale In Basundhara, Kathmandu","Nearby Diyalo Party palace, Basundhara, Kathmandu",Kathmandu,4500000,0,0,,0,North,,224,1-7-2-0 Ropani,12 Feet,12 Feet,,N/A Sq. Feet,1 year ago,[],"Land For Sale In Basundhara,",Other,8042.875
"Land For Sale In Kirtipur, Kathmandu","Bhatkeko Pati, Kirtipur, Kathmandu",Kathmandu,2100000,0,0,,0,North West,,266,6 Aana,22 Feet,22 Feet,,N/A Sq. Feet,1 year ago,[],"Land For Sale In Kirtipur,",Other,2053.5
"Office Space For Rent In Jamal, Kathmandu","Kantipath, Jamal, Kathmandu",Kathmandu,90,0,0,1.0,0,North,,369,2378 Sq. Feet,42 Feet / Blacktopped,42 Feet , Blacktopped,N/A Sq. Feet,1 year ago,[],"Office Space For Rent In Jamal,",Other,2378.0
"Land For Sale In Bode, Bhaktapur","Bode, Bode, Bhaktapur",Bhaktapur,2500000,0,0,,0,North,,247,0-10-3-2 Aana,20 Feet,20 Feet,,N/A Sq. Feet,1 year ago,[],"Land For Sale In Bode,",Other,3721.96875
"Land For Sale In Kalanki, Kathmandu","Dhungeadda, Kalanki, Kathmandu",Kathmandu,4000000,0,0,,0,South,,221,5 Aana,20 Feet,20 Feet,,N/A Sq. Feet,1 year ago,[],"Land For Sale In Kalanki,",Other,1711.25
"Business For Sale In Kapan, Kathmandu","Nearby Prashanti Chowk., Kapan, Kathmandu",Kathmandu,450000,0,0,,0,East,,207,150 Sq. Feet,0 Feet,0 Feet,,N/A Sq. Feet,1 year ago,[],"Business For Sale In Kapan,",Other,150.0
"Business For Sale In Jorpati, Kathmandu","Namuna Chowk, Jorpati, Kathmandu",Kathmandu,1200000,0,0,,0,South,,240,200 Sq. Feet,0 Feet,0 Feet,,N/A Sq. Feet,1 year ago,[],"Business For Sale In Jorpati,",Other,200.0
"Business For Sale In Nepaltar, Kathmandu","Near by Gramin School, Nepaltar, Kathmandu",Kathmandu,400000,0,0,,0,East,,193,300 Sq. Feet,0 Feet,0 Feet,,N/A Sq. Feet,1 year ago,[],"Business For Sale In Nepaltar,",Other,300.0
"Business For Sale In Maitidevi, Kathmandu","Opposite Citizen Bank, Maitidevi, Kathmandu",Kathmandu,750000,0,0,,0,North,,228,500 Sq. Feet,0 Feet,0 Feet,,N/A Sq. Feet,1 year ago,['Water Supply'],"Business For Sale In Maitidevi,",Other,500.0
"House For Rent In Sanobharyang, Kathmandu","Sanobharayang, Sanobharyang, Kathmandu",Kathmandu,50000,3,2,,0,West,,703,4 Aana,0 Feet,0 Feet,,N/A Sq. Feet,1 year ago,"['Balcony', 'TV Cable', 'Drainage', 'Water Supply', 'Water Tank']","House For Rent In Sanobharyang,",House,1369.0
"Business For Sale In Balaju, Kathmandu","Bypass Chowk, Balaju, Kathmandu",Kathmandu,3500000,0,0,,0,North,,198,500 Sq. Feet,0 Feet,0 Feet,,N/A Sq. Feet,1 year ago,[],"Business For Sale In Balaju,",Other,500.0
"Business For Sale In Kumaripati, Lalitpur","Opposite to Prabhu Bank, Kumaripati, Lalitpur",Lalitpur,1500000,0,0,,0,West,,220,600 Sq. Feet,0 Feet,0 Feet,,N/A Sq. Feet,1 year ago,['Water Supply'],"Business For Sale In Kumaripati,",Other,600.0
"Business For Sale In Koteshwor, Kathmandu","Nearby Mahadevsthan Mandir, Koteshwor, Kathmandu",Kathmandu,1300000,0,0,,0,North East,,189,800 Sq. Feet,0 Feet,0 Feet,,N/A Sq. Feet,1 year ago,['Water Supply'],"Business For Sale In Koteshwor,",Other,800.0
"Business For Sale In Chandragiri, Kathmandu","Chandragiri, Chandragiri, Kathmandu",Kathmandu,600000,0,0,,0,South,,190,150 Sq. Feet,0 Feet,0 Feet,,N/A Sq. Feet,1 year ago,[],"Business For Sale In Chandragiri,",Other,150.0
"Business For Sale In Ekantakuna, Lalitpur","Nearby Kharibot, Ekantakuna, Lalitpur",Lalitpur,600000,0,0,,0,South East,,169,500 Sq. Feet,0 Feet,0 Feet,,N/A Sq. Feet,1 year ago,[],"Business For Sale In Ekantakuna,",Other,500.0
"Business For Sale In Samakhusi, Kathmandu","Samakhusi, Samakhusi, Kathmandu",Kathmandu,650000,0,0,,0,South,,239,1000 Sq. Feet,0 Feet,0 Feet,,N/A Sq. Feet,1 year ago,[],"Business For Sale In Samakhusi,",Other,1000.0
"Business For Sale In Kalanki, Kathmandu","Kalanki, Kalanki, Kathmandu",Kathmandu,450000,0,0,,0,North,,198,500 Sq. Feet,0 Feet,0 Feet,,N/A Sq. Feet,1 year ago,[],"Business For Sale In Kalanki,",Other,500.0
"Business For Sale In Kalopul, Kathmandu","Kalopul, Kalopul, Kathmandu",Kathmandu,450000,0,0,,0,South East,,236,1200 Sq. Feet,0 Feet,0 Feet,,N/A Sq. Feet,1 year ago,[],"Business For Sale In Kalopul,",Other,1200.0
"Business For Sale In Pepsicola, Kathmandu","Pepsicola, Pepsicola, Kathmandu",Kathmandu,500000,0,0,,0,South East,,203,200 Sq. Feet,0 Feet,0 Feet,,N/A Sq. Feet,1 year ago,[],"Business For Sale In Pepsicola,",Other,200.0
"House For Sale In Sukedhara, Kathmandu","Brindaban Colony, Sukedhara, Kathmandu",Kathmandu,52500000,5,4,3.0,4,South,,3.9K,15 Aana,13 Feet / Gravelled,13 Feet , Gravelled,N/A Sq. Feet,1 year ago,"['Balcony', 'Garden', 'Modular Kitchen', 'TV Cable', 'Wifi', 'Drainage', 'Water Supply', 'Solar Water', 'Water Tank']","House For Sale In Sukedhara,",House,5133.75
"Land For Sale In Godawari, Lalitpur","Taukhel, Godawari, Lalitpur",Lalitpur,1700000,0,0,,0,South West,,294,5 aana Aana,20 Feet,20 Feet,,N/A Sq. Feet,1 year ago,[],"Land For Sale In Godawari,",Other,1711.25
"Land For Sale In Kadaghari, Kathmandu","Kadaghari, Kadaghari, Kathmandu",Kathmandu,2100000,0,0,,0,South East,,322,3 Aana,20 Feet,20 Feet,,N/A Sq. Feet,1 year ago,[],"Land For Sale In Kadaghari,",Other,1026.75
"Business For Sale In Old Baneshwor, Kathmandu","Old Baneshwor, Old Baneshwor, Kathmandu",Kathmandu,6000000,0,0,,0,South,,317,1500 Sq. Feet,0 Feet,0 Feet,,N/A Sq. Feet,1 year ago,"['Drainage', 'Water Supply']","Business For Sale In Old Baneshwor,",Other,1500.0
"Land For Sale In Lubhu, Lalitpur","Sirutar, Lubhu, Lalitpur, Lubhu, Lalitpur",Lalitpur,5860000,0,0,,0,South West,,512,0-4-0-3 Aana,8 Meter / Gravelled,8 Meter , Gravelled,N/A Aana,1 year ago,[],"Land For Sale In Lubhu,",Other,1433.171875
"Flat For Rent In Sukedhara, Kathmandu","Sukedhara, Sukedhara, Kathmandu",Kathmandu,9000,0,0,,0,North,,1.8K,500 Sq. Feet,0 Feet,0 Feet,,N/A Sq. Feet,1 year ago,[],"Flat For Rent In Sukedhara,",Flat,500.0
"Flat For Rent In Thamel, Kathmandu","Near Kaldhara, Thamel, Kathmandu",Kathmandu,60000,2,1,,0,South,,386,1200 Sq. Feet,0 Feet,0 Feet,,N/A Sq. Feet,1 year ago,"['Modular Kitchen', 'TV Cable', 'Wifi', 'Drainage', 'Water Supply']","Flat For Rent In Thamel,",Flat,1200.0
"Flat For Rent In Dhobighat, Lalitpur","Dhobighat, Dhobighat, Lalitpur",Lalitpur,40000,2,2,,0,South,,438,900 Sq. Feet,0 Feet,0 Feet,,N/A Sq. Feet,1 year ago,"['Modular Kitchen', 'TV Cable', 'Washing Machine', 'Drainage', 'Water Supply', 'Water Tank']","Flat For Rent In Dhobighat,",Flat,900.0
"Flat For Rent In Lazimpat, Kathmandu","Lazimpat., Lazimpat, Kathmandu",Kathmandu,40000,3,1,,0,South West,,628,1200 Sq. Feet,0 Feet,0 Feet,,N/A Sq. Feet,1 year ago,[],"Flat For Rent In Lazimpat,",Flat,1200.0
"Land For Sale In Narephate, Kathmandu","Narephate, Narephate, Kathmandu",Kathmandu,3400000,0,0,,0,North,,263,7 Aana,20 Feet,20 Feet,,N/A Sq. Feet,1 year ago,[],"Land For Sale In Narephate,",Other,2395.75
"Best Price For The Property : Land For Sale In Bharatpur, Chitwan","Baraghare, Bharatpur, Chitwan",Kathmandu,605000055,0,0,,0,South,,1K,8 Dhur,14 Feet,14 Feet,,N/A Dhur,1 year ago,[],Satdobato,Other,583200.0
"House For Sale In Balambu, Kathmandu","Nearby Hariyali Basti, Balambu, Kathmandu",Kathmandu,20500000,7,5,,0,South East,,389,5 Aana,14 Feet / Gravelled,14 Feet , Gravelled,N/A Sq. Feet,1 year ago,"['Balcony', 'Garden', 'Modular Kitchen', 'Wifi', 'Drainage', 'Water Supply', 'Solar Water', 'Water Tank']","House For Sale In Balambu,",House,1711.25
"Land For Sale In Chandol, Kathmandu","Chandol, Chandol, Kathmandu",Kathmandu,5700000,0,0,,0,East,,271,0-5-2-0 Aana,24 Feet,24 Feet,,N/A Sq. Feet,1 year ago,[],"Land For Sale In Chandol,",Other,1882.375
"BRIHAT HOUSING : House For Sale In Bhaisepati, Lalitpur","Khokana Dobato, Bhaisepati, Lalitpur",Lalitpur,39077000,4,4,3.0,1,South,2076.0,5K,0-8-2-0 Aana,16 Feet / Concrete,16 Feet , Concrete,2300 Sq. Feet,1 year ago,"['Balcony', 'Fencing', 'Garden', 'TV Cable', 'Drainage', 'Water Supply', 'Water Tank']","Brihat Housing : House For Sale In Bhaisepati,",House,2909.125
"House For Sale In Khumaltar, Lalitpur","Khumaltar, Khumaltar, Lalitpur",Lalitpur,37500000,6,5,4.0,0,South West,,719,0-6-1-0 Sq. Feet,13 Feet,13 Feet,,N/A Sq. Feet,1 year ago,[],"House For Sale In Khumaltar,",House,2139.0625
"Flat For Rent In Pulchowk, Lalitpur","Pulchowk, Pulchowk, Lalitpur",Lalitpur,25000,2,1,,0,North,,437,800 Sq. Feet,13 Feet / Gravelled,13 Feet , Gravelled,N/A Sq. Feet,1 year ago,"['Balcony', 'TV Cable', 'Water Supply']","Flat For Rent In Pulchowk,",Flat,800.0
"House For Sale In Chundevi, Kathmandu","Chundevi, Chundevi, Kathmandu",Kathmandu,31000000,8,3,4.0,1,South West,,385,4 Aana,14 Feet / Gravelled,14 Feet , Gravelled,N/A Sq. Feet,1 year ago,"['Balcony', 'Garden', 'Drainage', 'Water Supply', 'Solar Water', 'Water Tank']","House For Sale In Chundevi,",House,1369.0
"House For Sale In Ekantakuna, Lalitpur","Ekantakuna, Ekantakuna, Lalitpur",Lalitpur,27000000,5,3,3.0,0,West,,418,0-3-1-2 Aana,22 Feet / Blacktopped,22 Feet , Blacktopped,N/A Sq. Feet,1 year ago,"['Wifi', 'Drainage', 'Water Supply', 'Solar Water', 'Water Tank']","House For Sale In Ekantakuna,",House,1155.09375
"Flat For Rent In Satdobato, Lalitpur","Satdobato, Satdobato, Lalitpur",Lalitpur,22000,2,1,1.0,0,South East,,341,6 Aana,13 Feet / Soil Stabilized,13 Feet , Soil Stabilized,N/A Sq. Feet,1 year ago,"['TV Cable', 'Water Supply']","Flat For Rent In Satdobato,",Flat,2053.5
"House For Sale In Dhapakhel, Lalitpur","Dhapakhel, Dhapakhel, Lalitpur",Lalitpur,21500000,0,0,3.0,0,South West,,854,0-4-2-0 Aana,10 Feet,10 Feet,,N/A Sq. Feet,1 year ago,"['Balcony', 'TV Cable', 'Drainage', 'Water Supply', 'Water Tank']","House For Sale In Dhapakhel,",House,1540.125
"House For Sale In Lokanthali, Bhaktapur","Lokanthali, Lokanthali, Bhaktapur",Bhaktapur,25500000,0,0,4.0,0,South West,,333,5 Aana,10 Feet,10 Feet,,N/A Sq. Feet,1 year ago,"['Balcony', 'TV Cable', 'Drainage', 'Water Supply', 'Water Tank']","House For Sale In Lokanthali,",House,1711.25
"House For Rent In Mulpani, Kathmandu","Green Hill City Housing, Mulpani, Kathmandu",Kathmandu,45000,4,4,,0,North East,,551,3.5 Aana,6 Meter,6 Meter,,N/A Sq. Feet,1 year ago,"['Balcony', 'TV Cable', 'Wifi', 'Drainage', 'Water Supply', 'Water Tank']","House For Rent In Mulpani,",House,1197.875
"House For Rent In Old Baneshwor, Kathmandu","Old Baneshwor, Old Baneshwor, Kathmandu",Kathmandu,85000,3,3,,1,South East,,434,8 Aana,12 Feet,12 Feet,,N/A Sq. Feet,1 year ago,"['Balcony', 'Garden', 'TV Cable', 'Drainage', 'Water Supply', 'Water Tank']","House For Rent In Old Baneshwor,",House,2738.0
"House For Rent In Dhobighat, Lalitpur","Thado Dhunga, Dhobighat, Lalitpur",Lalitpur,300000,4,4,3.0,3,South East,,356,2-8-0-0 Ropani,15 Feet,15 Feet,,N/A Sq. Feet,1 year ago,"['Garage', 'Balcony', 'Garden', 'TV Cable', 'Wifi', 'Drainage', 'Water Supply', 'Water Tank']","House For Rent In Dhobighat,",House,13690.0
"House For Rent In Jhamsikhel, Lalitpur","Jhamsikhel, Jhamsikhel, Lalitpur",Lalitpur,250000,5,3,3.0,4,South,,403,20 Aana,15 Feet,15 Feet,,N/A Sq. Feet,1 year ago,"['Balcony', 'TV Cable', 'Drainage', 'Water Supply', 'Water Tank']","House For Rent In Jhamsikhel,",House,6845.0
"House For Rent In Sitapaila, Kathmandu","Padma Colony, Sitapaila, Kathmandu",Kathmandu,60000,4,4,3.0,0,South,,293,5 Sq. Feet,15 Feet,15 Feet,,N/A Sq. Feet,1 year ago,"['Balcony', 'TV Cable', 'Drainage', 'Water Supply', 'Water Tank']","House For Rent In Sitapaila,",House,5.0
"House For Rent In Bhaisepati, Lalitpur","Bhaisepati, Bhaisepati, Lalitpur",Lalitpur,150000,5,3,3.0,3,South,,315,12 Sq. Feet,15 Feet,15 Feet,,N/A Sq. Feet,1 year ago,"['Balcony', 'Garden', 'TV Cable', 'Drainage', 'Water Supply', 'Solar Water', 'Water Tank', 'Water Well']","House For Rent In Bhaisepati,",House,12.0
"Land For Sale In Budhanilkantha, Kathmandu","Pasikot, Budhanilkantha, Kathmandu",Kathmandu,2400000,0,0,,0,East,,348,6 Aana,20 Feet / Gravelled,20 Feet , Gravelled,N/A Sq. Feet,1 year ago,[],"Land For Sale In Budhanilkantha,",Other,2053.5
"House For Sale In Dhobighat, Lalitpur","Nayabato, Dhobighat, Lalitpur",Lalitpur,40000000,4,2,3.0,2,East,,385,8 Aana,20 Feet,20 Feet,,N/A Sq. Feet,1 year ago,"['Balcony', 'Garden', 'TV Cable', 'Drainage', 'Water Supply', 'Water Tank']","House For Sale In Dhobighat,",House,2738.0
"Land For Sale In Samakhusi, Kathmandu","Samakhusi, Samakhusi, Kathmandu",Kathmandu,3300000,0,0,,0,South West,,302,10 Aana,10 Feet / Concrete,10 Feet , Concrete,N/A Sq. Feet,1 year ago,[],"Land For Sale In Samakhusi,",Other,3422.5
"House For Sale In Kapan, Kathmandu","Aakashedhara, Kapan, Kathmandu",Kathmandu,20000000,0,0,3.0,0,East,,592,4.2 Aana,12 Feet / Gravelled,12 Feet , Gravelled,N/A Sq. Feet,1 year ago,"['Balcony', 'TV Cable', 'Wifi', 'Drainage', 'Water Supply', 'Solar Water', 'Water Tank']","House For Sale In Kapan,",House,1437.45
"House For Rent In Dhobighat, Lalitpur","Dhobighat, Dhobighat, Lalitpur",Lalitpur,325000,7,5,3.0,5,South East,,273,14 Sq. Feet,13 Feet,13 Feet,,N/A Sq. Feet,1 year ago,"['Balcony', 'TV Cable', 'Drainage', 'Water Supply', 'Water Tank']","House For Rent In Dhobighat,",House,14.0
"House For Sale In Tokha, Kathmandu","Near Veena's Residency, Tokha, Kathmandu",Kathmandu,32500000,0,0,3.0,0,East,,697,0-6-3-2 Aana,13 Feet / Gravelled,13 Feet , Gravelled,N/A Sq. Feet,1 year ago,"['Balcony', 'TV Cable', 'Wifi', 'Drainage', 'Water Supply', 'Water Tank']","House For Sale In Tokha,",House,2352.96875
"House For Rent In Maharajgunj, Kathmandu","Nearby Chappal Karkhana, Maharajgunj, Kathmandu",Kathmandu,100000,5,2,,0,South East,,517,8 Aana,15 Feet,15 Feet,,N/A Sq. Feet,1 year ago,"['Balcony', 'TV Cable', 'Drainage', 'Water Supply', 'Water Tank']","House For Rent In Maharajgunj,",House,2738.0
"House For Rent In Nakkhu, Lalitpur","Nakkhu, Nakkhu, Lalitpur",Lalitpur,70000,6,4,3.0,0,East,,305,0-3-2-0 Aana,13 Feet,13 Feet,,N/A Sq. Feet,1 year ago,"['Balcony', 'Swimming Pool', 'TV Cable', 'Water Supply', 'Water Tank', 'Water Well']","House For Rent In Nakkhu,",House,1197.875
"House For Sale In Budhanilkantha, Kathmandu","Bagaichaa Colony, Budhanilkantha, Kathmandu",Kathmandu,45000000,0,0,3.0,0,East,,480,8 Aana,20 Feet / Gravelled,20 Feet , Gravelled,N/A Sq. Feet,1 year ago,"['Balcony', 'TV Cable', 'Wifi', 'Drainage', 'Water Supply', 'Water Tank']","House For Sale In Budhanilkantha,",House,2738.0
"House For Rent In Nakhipot, Lalitpur","Nakhipot, Nakhipot, Lalitpur",Lalitpur,100000,0,0,,0,South,,330,8 Aana,13 Feet,13 Feet,,N/A Sq. Feet,1 year ago,"['Balcony', 'Garden', 'TV Cable', 'Drainage', 'Water Supply', 'Water Tank']","House For Rent In Nakhipot,",House,2738.0
"House For Sale In Budhanilkantha, Kathmandu","Nearby Hepali Height, Budhanilkantha, Kathmandu",Kathmandu,21500000,4,3,3.0,0,West,,295,4 Aana,4 Meter / Blacktopped,4 Meter , Blacktopped,N/A Sq. Feet,1 year ago,"['Balcony', 'TV Cable', 'Drainage', 'Water Supply', 'Water Tank']","House For Sale In Budhanilkantha,",House,1369.0
"Land For Sale In Budhanilkantha, Kathmandu","Taulung, Budhanilkantha, Kathmandu",Kathmandu,1200000,0,0,,0,South East,,481,11 Aana,13 Feet / Soil Stabilized,13 Feet , Soil Stabilized,N/A Sq. Feet,1 year ago,[],"Land For Sale In Budhanilkantha,",Other,3764.75
"House For Rent In Kumaripati, Lalitpur","Kumaripati, Kumaripati, Lalitpur",Lalitpur,125000,4,3,,2,South East,,335,2100 Sq. Feet,13 Feet,13 Feet,,N/A Sq. Feet,1 year ago,"['Balcony', 'Garden', 'TV Cable', 'Drainage', 'Water Supply', 'Water Tank']","House For Rent In Kumaripati,",House,2100.0
"Land For Sale In Budhanilkantha, Kathmandu","Budhanilkantha, Budhanilkantha, Kathmandu",Kathmandu,600000,0,0,,0,South East,,366,42 Aana,20 Feet / Soil Stabilized,20 Feet , Soil Stabilized,N/A Sq. Feet,1 year ago,[],"Land For Sale In Budhanilkantha,",Other,14374.5
"House For Rent In Sanepa, Lalitpur","Nearby Nepal Law Collage, Sanepa, Lalitpur",Lalitpur,150000,3,4,2.0,0,South West,,326,8 Aana,0 Feet,0 Feet,,N/A Sq. Feet,1 year ago,"['Balcony', 'Garden', 'TV Cable', 'Drainage', 'Water Supply', 'Water Tank']","House For Rent In Sanepa,",House,2738.0
"House For Rent In Bhaisepati, Lalitpur","Near Saptarishi Mandir, Bhaisepati, Lalitpur",Lalitpur,55000,5,2,,0,South West,,300,0-3-2-0 Aana,13 Feet,13 Feet,,N/A Sq. Feet,1 year ago,"['Balcony', 'TV Cable', 'Drainage', 'Water Supply', 'Water Tank']","House For Rent In Bhaisepati,",House,1197.875
"Land For Sale In Maharajgunj, Kathmandu","Chappal Karkhana, Maharajgunj, Kathmandu",Kathmandu,3300000,0,0,,0,South,,299,4 Aana,20 Feet / Soil Stabilized,20 Feet , Soil Stabilized,N/A Sq. Feet,1 year ago,[],"Land For Sale In Maharajgunj,",Other,1369.0
"House For Rent In Baluwatar, Kathmandu","Baluwatar, Baluwatar, Kathmandu",Kathmandu,150000,5,5,3.0,0,South East,,466,7 Aana,15 Feet,15 Feet,,N/A Sq. Feet,1 year ago,"['Balcony', 'TV Cable', 'Drainage', 'Water Supply', 'Solar Water', 'Water Tank']","House For Rent In Baluwatar,",House,2395.75
"House For Rent In Bhaisepati, Lalitpur","Bhaisepati, Bhaisepati, Lalitpur",Lalitpur,200000,5,5,,0,South East,,268,0-5-2-0 Aana,15 Feet,15 Feet,,N/A Sq. Feet,1 year ago,"['Balcony', 'Garden', 'Modular Kitchen', 'TV Cable', 'Washing Machine', 'Drainage', 'Water Supply', 'Water Tank']","House For Rent In Bhaisepati,",House,1882.375
"House For Sale In Budhanilkantha, Kathmandu","Rudhreshwor Chowk, Budhanilkantha, Kathmandu",Kathmandu,47500000,0,0,,4,West,,258,8 Aana,16 Feet / Gravelled,16 Feet , Gravelled,N/A Sq. Feet,1 year ago,"['Balcony', 'TV Cable', 'Wifi', 'Drainage', 'Water Supply', 'Solar Water', 'Water Tank']","House For Sale In Budhanilkantha,",House,2738.0
"Land For Sale In Patan, Lalitpur","Chakupat, Patan, Lalitpur",Lalitpur,3500000,0,0,,0,North,,461,20 Aana,13 Feet / Blacktopped,13 Feet , Blacktopped,N/A Sq. Feet,1 year ago,[],"Land For Sale In Patan,",Other,6845.0
"House For Rent In Bhaisepati, Lalitpur","Bhaisepati, Bhaisepati, Lalitpur",Lalitpur,150000,5,4,3.0,2,South East,,817,13 Aana,13 Feet,13 Feet,,N/A Sq. Feet,1 year ago,"['Balcony', 'Garden', 'TV Cable', 'Drainage', 'Water Supply', 'Water Tank']","House For Rent In Bhaisepati,",House,4449.25
"House For Rent In Dhobighat, Lalitpur","Dhobighat, Dhobighat, Lalitpur",Lalitpur,180000,0,0,,0,South,,290,15 Aana,15 Feet,15 Feet,,N/A Sq. Feet,1 year ago,"['Balcony', 'TV Cable', 'Drainage', 'Water Supply', 'Water Tank', 'Water Well']","House For Rent In Dhobighat,",House,5133.75
"House For Rent In Baluwatar, Kathmandu","Baluwatar, Baluwatar, Kathmandu",Kathmandu,350000,8,4,,5,South West,,371,1-0-1-0 Ropani,13 Feet,13 Feet,,N/A Sq. Feet,1 year ago,"['Balcony', 'Garden', 'TV Cable', 'Drainage', 'Water Supply', 'Water Tank']","House For Rent In Baluwatar,",House,5561.5625
"Apartment For Sale In Baluwatar, Kathmandu","Baluwatar, Baluwatar, Kathmandu",Kathmandu,25000000,3,3,,0,South East,,710,1800 Sq. Feet,0 Feet,0 Feet,,N/A Sq. Feet,1 year ago,"['Air Condition', 'Balcony', 'TV Cable', 'Wifi', 'Drainage', 'Water Supply']","Apartment For Sale In Baluwatar,",Apartment,1800.0
"Apartment For Sale In Bishal Nagar, Kathmandu","Central Park Apartment, Bishal Nagar, Kathmandu",Kathmandu,45000000,4,4,,0,North East,,416,3700 Sq. Feet,0 Feet,0 Feet,,N/A Sq. Feet,1 year ago,"['Air Condition', 'Gym', 'Wifi', 'Water Supply']","Apartment For Sale In Bishal Nagar,",Apartment,3700.0
"Apartment For Sale In Bishal Nagar, Kathmandu","Central Park Apartment, Bishal Nagar, Kathmandu",Kathmandu,45000000,4,4,,0,North East,,602,3700 Sq. Feet,0 Feet,0 Feet,,N/A Sq. Feet,1 year ago,"['Air Condition', 'Gym', 'Wifi', 'Water Supply']","Apartment For Sale In Bishal Nagar,",Apartment,3700.0
"Apartment For Sale In Kamalpokhari, Kathmandu","Kamalpokhari, Kamalpokhari, Kathmandu",Kathmandu,35000000,3,3,,0,South East,,591,2450 Sq. Feet,0 Feet,0 Feet,,N/A Sq. Feet,1 year ago,"['Balcony', 'Gym', 'TV Cable', 'Wifi', 'Drainage', 'Water Supply']","Apartment For Sale In Kamalpokhari,",Apartment,2450.0
"Land For Sale In Chandol, Kathmandu","Chandol, Chandol, Kathmandu",Kathmandu,3700000,0,0,,0,South,,235,21 Aana,18 Feet,18 Feet,,N/A Sq. Feet,1 year ago,[],"Land For Sale In Chandol,",Other,7187.25
"House For Sale In Jorpati, Kathmandu","Jorpati, Jorpati, Kathmandu",Kathmandu,11400000,0,0,1.0,0,South,,377,3 Aana,13 Feet / Gravelled,13 Feet , Gravelled,N/A Sq. Feet,1 year ago,"['TV Cable', 'Wifi', 'Drainage', 'Water Supply', 'Water Tank']","House For Sale In Jorpati,",House,1026.75
"House For Sale In Chabahil, Kathmandu","Nearby, Gopikrishna flim hall, Chabahil, Kathmandu",Kathmandu,11400000,0,0,3.0,0,South,,560,0-2-2-1 Aana,10 Feet / Soil Stabilized,10 Feet , Soil Stabilized,N/A Sq. Feet,1 year ago,"['Balcony', 'TV Cable', 'Wifi', 'Drainage', 'Water Supply', 'Water Tank']","House For Sale In Chabahil,",House,877.015625
"Land For Sale In Chandol, Kathmandu","Chandol, Chandol, Kathmandu",Kathmandu,4000000,0,0,,0,South East,,253,20 Aana,13 Feet,13 Feet,,N/A Sq. Feet,1 year ago,[],"Land For Sale In Chandol,",Other,6845.0
"Land For Sale In Kapan, Kathmandu","Nearby, Silvershine School, Kapan, Kathmandu",Kathmandu,1750000,0,0,,0,South,,294,3 Aana,32 Feet / Soil Stabilized,32 Feet , Soil Stabilized,N/A Sq. Feet,1 year ago,[],"Land For Sale In Kapan,",Other,1026.75
"Land For Sale In Baluwatar, Kathmandu","Behind Kalika tower, Baluwatar, Kathmandu",Kathmandu,4800000,0,0,,0,East,,399,8 Aana,15 Feet,15 Feet,,N/A Sq. Feet,1 year ago,[],"Land For Sale In Baluwatar,",Other,2738.0
"House For Sale In Jorpati, Kathmandu","Jorpati Nayabasti, Jorpati, Kathmandu",Kathmandu,12000000,4,0,1.0,0,East,,623,3.2 Aana,12 Feet / Soil Stabilized,12 Feet , Soil Stabilized,N/A Sq. Feet,1 year ago,[],"House For Sale In Jorpati,",House,1095.2
"Land For Sale In Changunarayan, Bhaktapur","Dachhi, Changunarayan, Bhaktapur",Bhaktapur,366666,0,0,,0,South,,288,3 Aana,13 Feet / Soil Stabilized,13 Feet , Soil Stabilized,N/A Sq. Feet,1 year ago,[],"Land For Sale In Changunarayan,",Other,1026.75
"Land For Sale In Chovar, Kathmandu","Chovar, Chovar, Kathmandu",Kathmandu,1500000,0,0,,0,East,,353,0-3-3-1 Aana,20 Feet,20 Feet,,N/A Sq. Feet,1 year ago,[],"Land For Sale In Chovar,",Other,1304.828125
"Land For Sale In Budhanilkantha, Kathmandu","Budhanilkantha, Budhanilkantha, Kathmandu",Kathmandu,2700000,0,0,,0,South,,215,4.2 Aana,12 Feet / Soil Stabilized,12 Feet , Soil Stabilized,N/A Sq. Feet,1 year ago,[],"Land For Sale In Budhanilkantha,",Other,1437.45
"Land For Sale In Bhaktapur, Bhaktapur","Chhaaling, Bhaktapur, Bhaktapur",Bhaktapur,1050000,0,0,,0,South East,,289,14 Aana,20 Feet / Soil Stabilized,20 Feet , Soil Stabilized,N/A Sq. Feet,1 year ago,[],Land For Sale In,Other,4791.5
"House For Sale In Tikathali, Lalitpur","Mahalaxmi Nagarpalika-4, Tikathali, Lalitpur",Lalitpur,14500000,10,0,3.0,4,East,,383,3.1 Aana,10 Feet,10 Feet,,N/A Sq. Feet,1 year ago,"['Balcony', 'TV Cable', 'Wifi', 'Drainage', 'Water Supply', 'Water Tank']","House For Sale In Tikathali,",House,1060.9750000000001
"House For Sale In Maharajgunj, Kathmandu","Maharajgunj, Maharajgunj, Kathmandu",Kathmandu,36500000,3,4,,0,North East,,608,4 Aana,13 Feet,13 Feet,,N/A Sq. Feet,1 year ago,"['Air Condition', 'Balcony', 'TV Cable', 'Wifi', 'Drainage', 'Water Supply']","House For Sale In Maharajgunj,",House,1369.0
"Apartment For Rent In Lazimpat, Kathmandu","Nearby Raddisson Hotel, Lazimpat, Kathmandu",Kathmandu,220000,2,3,,0,North East,,653,4100 Sq. Feet,0 Feet,0 Feet,,N/A Sq. Feet,1 year ago,"['Air Condition', 'Balcony', 'Modular Kitchen', 'TV Cable', 'Drainage', 'Water Supply']","Apartment For Rent In Lazimpat,",Apartment,4100.0
"Land For Sale In Kapan, Kathmandu","Aakashedhara Height, Kapan, Kathmandu",Kathmandu,1300000,0,0,,0,South,,370,4 Aana,8 Feet / Soil Stabilized,8 Feet , Soil Stabilized,N/A Sq. Feet,1 year ago,[],"Land For Sale In Kapan,",Other,1369.0
"Land For Sale In Bhangal, Kathmandu","Bhangal Height, Bhangal, Kathmandu",Kathmandu,2000000,0,0,,0,South East,,252,9 Aana,16 Feet / Blacktopped,16 Feet , Blacktopped,N/A Sq. Feet,1 year ago,[],"Land For Sale In Bhangal,",Other,3080.25
"Land For Sale In Sankhu, Kathmandu","Dachindhoka, Sankhu, Kathmandu",Kathmandu,1400000,0,0,,0,East,,222,4 Aana,10 Feet / Soil Stabilized,10 Feet , Soil Stabilized,N/A Sq. Feet,1 year ago,[],"Land For Sale In Sankhu,",Other,1369.0
"House For Sale In Kapan, Kathmandu","Shiva Mandir, Kapan, Kathmandu",Kathmandu,24000000,7,0,3.0,4,South,,312,4 Aana,16 Feet / Soil Stabilized,16 Feet , Soil Stabilized,N/A Sq. Feet,1 year ago,"['Balcony', 'TV Cable', 'Wifi', 'Drainage', 'Water Supply', 'Water Tank']","House For Sale In Kapan,",House,1369.0
"House For Sale In Kapan, Kathmandu","Aakaashe Dhara, Kapan, Kathmandu",Kathmandu,20400000,11,0,3.0,4,South,,299,4 Aana,20 Feet / Blacktopped,20 Feet , Blacktopped,N/A Sq. Feet,1 year ago,"['Balcony', 'TV Cable', 'Wifi', 'Drainage', 'Water Supply', 'Water Tank']","House For Sale In Kapan,",House,1369.0
"House For Sale In Pokhara, Pokhara","Nearby Kaski Modernize School, Pokhara, Pokhara",Kathmandu,27000000,0,0,2.0,0,South East,,973,4.5 Aana,20 Feet,20 Feet,,N/A Sq. Feet,1 year ago,[],Satdobato,House,1540.125
"House For Sale In Ram Bazar, Pokhara","Near Buddha Chowk, Ram Bazar, Pokhara",Kathmandu,30000000,0,0,3.0,0,North East,,458,4 Aana,20 Feet,20 Feet,,N/A Sq. Feet,1 year ago,[],Satdobato,House,1369.0
"House For Sale In Fulbari, Pokhara","Fulbari, Pokhara, Fulbari, Pokhara",Kathmandu,35000000,0,0,4.0,0,North West,,439,7 Aana,15 Feet,15 Feet,,N/A Sq. Feet,1 year ago,[],Satdobato,House,2395.75
"Land For Sale In Pokhara, Pokhara","Near Ghale Chowk, Pokhara, Pokhara",Kathmandu,16300000,0,0,,0,South East,,404,18/63 Sq. Feet,20 Feet,20 Feet,,N/A Sq. Feet,1 year ago,[],Satdobato,Other,1863.0
"Land For Sale In Ram Bazar, Pokhara","Nearby Marigold School, Ram Bazar, Pokhara",Kathmandu,6500000,0,0,,0,South East,,350,15/35 Sq. Feet,12 Feet,12 Feet,,N/A Sq. Feet,1 year ago,[],Satdobato,Other,1535.0
"Land For Sale In Kapan, Kathmandu","Kapan Height, Kapan, Kathmandu",Kathmandu,700000,0,0,,0,South,,358,4.2 Aana,32 Feet / Soil Stabilized,32 Feet , Soil Stabilized,N/A Sq. Feet,1 year ago,[],"Land For Sale In Kapan,",Other,1437.45
"Land For Sale In Sunakothi, Lalitpur","Sunakothi, Sunakothi, Lalitpur",Lalitpur,1400000,0,0,,0,North,,348,0-4-3-3 Aana,13 Feet,13 Feet,,N/A Sq. Feet,1 year ago,[],"Land For Sale In Sunakothi,",Other,1689.859375
"R&S Real Estate : Land For Sale In Shantinagar, Kathmandu","Baneshwor, Shantinagar, Kathmandu",Kathmandu,35700000,0,0,,0,West,,365,8-2-0 Aana,12 Feet,12 Feet,,N/A Aana,1 year ago,[],"R&S Real Estate : Land For Sale In Shantinagar,",Other,44492.5
"Land For Sale In Kapan, Kathmandu","Paiyatar, Kapan, Kathmandu",Kathmandu,1100000,0,0,,0,South,,401,3.2 Aana,20 Feet / Soil Stabilized,20 Feet , Soil Stabilized,N/A Sq. Feet,1 year ago,[],"Land For Sale In Kapan,",Other,1095.2
"House For Sale In Mulpani, Kathmandu","Mulpani, Mulpani, Kathmandu",Kathmandu,16000000,7,6,5.0,4,South East,,317,3.1 Aana,14 Feet / Gravelled,14 Feet , Gravelled,N/A Sq. Feet,1 year ago,"['Balcony', 'TV Cable', 'Wifi', 'Drainage', 'Water Supply', 'Solar Water', 'Water Tank']","House For Sale In Mulpani,",House,1060.9750000000001
"Land For Sale In Kapan, Kathmandu","Simaltar, Kapan, Kathmandu",Kathmandu,2700000,0,0,,0,South,,207,4 Aana,20 Feet / Soil Stabilized,20 Feet , Soil Stabilized,N/A Sq. Feet,1 year ago,[],"Land For Sale In Kapan,",Other,1369.0
"House For Sale In Tikathali, Lalitpur","Tikathali, Tikathali, Lalitpur",Lalitpur,9000000,4,1,1.0,0,West,,535,3.2 Aana,10 Feet / Soil Stabilized,10 Feet , Soil Stabilized,N/A Sq. Feet,1 year ago,"['Water Supply', 'Water Tank']","House For Sale In Tikathali,",House,1095.2
"House For Sale In Tokha, Kathmandu","Tokha, Tokha, Kathmandu",Kathmandu,13000000,2,1,,0,West,,300,4 Aana,15 Feet / Soil Stabilized,15 Feet , Soil Stabilized,N/A Sq. Feet,1 year ago,"['TV Cable', 'Wifi', 'Water Supply', 'Water Tank']","House For Sale In Tokha,",House,1369.0
"Land For Sale In Tarkeshwor, Kathmandu","Goldhunga, Tarkeshwor, Kathmandu",Kathmandu,1800000,0,0,,0,West,,313,6 Aana,26 Feet / Soil Stabilized,26 Feet , Soil Stabilized,N/A Sq. Feet,1 year ago,[],"Land For Sale In Tarkeshwor,",Other,2053.5
"Land For Sale In Tarkeshwor, Kathmandu","Goldhunga, Tarkeshwor, Kathmandu",Kathmandu,1600000,0,0,,0,West,,233,4 Aana,26 Feet / Soil Stabilized,26 Feet , Soil Stabilized,N/A Sq. Feet,1 year ago,[],"Land For Sale In Tarkeshwor,",Other,1369.0
"House For Sale In Ram Bazar, Pokhara","Ram Bazar, Ram Bazar, Pokhara",Kathmandu,25000000,0,0,,0,South East,,634,5 Aana,20 Feet / Gravelled,20 Feet , Gravelled,N/A Sq. Feet,1 year ago,"['Balcony', 'TV Cable', 'Drainage', 'Water Supply', 'Water Tank']",Satdobato,House,1711.25
"House For Rent In Bafal, Kathmandu","Civil homes, Bafal, Kathmandu",Kathmandu,45000,3,4,3.0,0,East,,523,3.6 Aana,20 Feet,20 Feet,,1348 Sq. Feet,1 year ago,"['Balcony', 'Garden', 'TV Cable', 'Drainage', 'Water Supply', 'Water Tank']","House For Rent In Bafal,",House,1232.1000000000001
"Land For Sale In Dadikot, Bhaktapur","Chitrapur, Dadikot, Bhaktapur",Bhaktapur,1800000,0,0,,0,South,,217,3.2 Aana,20 Feet,20 Feet,,N/A Sq. Feet,1 year ago,[],"Land For Sale In Dadikot,",Other,1095.2
"House For Sale Inside Ringroad : House For Sale In Basundhara, Kathmandu","Basundhara, Basundhara, Kathmandu",Kathmandu,19500000,3,3,3.0,1,South East,2075.0,1.6K,0-2-3-0 Aana,12 Feet / Paved,12 Feet , Paved,N/A Sq. Feet,1 year ago,"['Garage', 'Balcony', 'Deck', 'Frontyard', 'Modular Kitchen', 'TV Cable', 'Wifi']","House For Sale Inside Ringroad : House For Sale In Basundhara,",House,941.1875
"House For Sale In Kapan, Kathmandu","Simaltar, Kapan, Kathmandu",Kathmandu,17000000,4,3,3.0,4,East,,1.5K,3.2 Aana,13 Feet / Blacktopped,13 Feet , Blacktopped,N/A Sq. Feet,1 year ago,"['Balcony', 'TV Cable', 'Wifi', 'Drainage', 'Water Tank']","House For Sale In Kapan,",House,1095.2
"House For Rent In Sanepa, Lalitpur","Nearby Embassy of Malasiya, Sanepa, Lalitpur",Lalitpur,350000,5,5,3.0,15,South West,,379,1-14-0-0 Ropani,13 Feet,13 Feet,,30 Aana,1 year ago,"['Balcony', 'Garden', 'TV Cable', 'Drainage', 'Water Supply', 'Solar Water', 'Water Tank', 'Water Well']","House For Rent In Sanepa,",House,10267.5
"House For Rent In Balaju, Kathmandu","Balaju, Balaju, Kathmandu",Kathmandu,100000,6,4,3.0,8,South,,369,14 Aana,13 Feet,13 Feet,,3014 Sq. Feet,1 year ago,"['Balcony', 'Drainage', 'Water Supply', 'Water Tank', 'Water Well']","House For Rent In Balaju,",House,4791.5
"House For Rent In Sanobharyang, Kathmandu","Namdel Chowk, Sanobharyang, Kathmandu",Kathmandu,150000,4,4,3.0,2,South East,,2.6K,10 Aana,14 Feet,14 Feet,,N/A Sq. Feet,1 year ago,"['Balcony', 'Garden', 'Modular Kitchen', 'Drainage', 'Water Supply', 'Solar Water', 'Water Tank']","House For Rent In Sanobharyang,",House,3422.5
"House For Sale In Dhumbarahi, Kathmandu","Dhumbarahi, Dhumbarahi, Kathmandu",Kathmandu,38000000,10,0,,3,South,,377,7 Aana,10 Feet,10 Feet,,N/A Sq. Feet,1 year ago,"['Balcony', 'TV Cable', 'Drainage', 'Water Supply', 'Water Tank']","House For Sale In Dhumbarahi,",House,2395.75
"House For Rent In Bhaisepati, Lalitpur","Bhaisepati, Bhaisepati, Lalitpur",Lalitpur,130000,5,3,3.0,0,South East,,277,8 Aana,4 Meter,4 Meter,,N/A Sq. Feet,1 year ago,"['Balcony', 'Garden', 'TV Cable', 'Wifi', 'Drainage', 'Water Supply', 'Water Tank']","House For Rent In Bhaisepati,",House,2738.0
"House For Rent In Sukedhara, Kathmandu","Ekatabasti, Sukedhara, Kathmandu",Kathmandu,110000,4,4,3.0,3,South,,250,12 Aana,12 Feet,12 Feet,,N/A Sq. Feet,1 year ago,"['Balcony', 'Garden', 'Washing Machine', 'Drainage', 'Water Supply', 'Solar Water', 'Water Tank']","House For Rent In Sukedhara,",House,4107.0
"House For Rent In Dholahiti, Lalitpur","Nearby Anoj Jyoti School, Dholahiti, Lalitpur",Lalitpur,1500000,4,4,3.0,5,North East,,424,13 Sq. Feet,12 Feet,12 Feet,,N/A Sq. Feet,1 year ago,"['Balcony', 'Garden', 'TV Cable', 'Drainage', 'Water Supply', 'Water Tank']","House For Rent In Dholahiti,",House,13.0
"House For Rent In Teku, Kathmandu","Sanepa, Teku, Kathmandu",Kathmandu,25000,0,0,,0,East,,466,4 Aana,0 Feet,0 Feet,,N/A Aana,1 year ago,['Garage'],"House For Rent In Teku,",House,1369.0
"House For Rent In Thapathali, Kathmandu","Thapathali, Thapathali, Kathmandu",Kathmandu,165000,8,2,,2,South East,,363,1-8-0-0 Ropani,13 Feet,13 Feet,,N/A Sq. Feet,1 year ago,"['Garden', 'Drainage', 'Water Supply', 'Water Tank']","House For Rent In Thapathali,",House,8214.0
"House For Sale In Kapan, Kathmandu","Kapan, Kathmandu, Kapan, Kathmandu",Kathmandu,20000000,1,1,3.0,1,West,2075.0,499,0-3-2-0 Aana,13 Feet,13 Feet,,0-3-2-0 Aana,1 year ago,"['Garage', 'Balcony', 'Modular Kitchen', 'Drainage', 'Water Tank', 'Water Well', 'Backyard']","House For Sale In Kapan,",House,1197.875
"House No. 134 : House For Sale In Harisiddhi, Lalitpur","Southern height housing, Thaiba, Harisiddhi, Lalitpur",Lalitpur,25000000,3,3,2.0,1,South West,,15K,0-5-2-0 Aana,0 Feet,0 Feet,,N/A Aana,1 year ago,"['Balcony', 'Fencing', 'Frontyard', 'Garden', 'TV Cable', 'Drainage', 'Water Supply', 'Solar Water', 'Water Tank']","House No. 134 : House For Sale In Harisiddhi,",House,1882.375
"House For Rent In Bhaisepati, Lalitpur","Vinayak Colony, Bhaisepati, Lalitpur",Lalitpur,120000,5,3,,2,West,,411,11.5 Aana,20 Feet,20 Feet,,N/A Sq. Feet,1 year ago,"['Balcony', 'Garden', 'Washing Machine', 'Drainage', 'Water Supply', 'Solar Water', 'Water Tank']","House For Rent In Bhaisepati,",House,3935.875
"Land For Sale In Nawalparasi, Nawalparasi","Sunwal Nagarpalaika-7, Nawalparasi, Nawalparasi",Kathmandu,100000,0,0,,0,West,,484,14 Dhur,20 Feet,20 Feet,,N/A Sq. Feet,1 year ago,[],Satdobato,Other,1020600.0
"House For Rent In Baluwatar, Kathmandu","Chundevi, Baluwatar, Kathmandu",Kathmandu,150000,7,3,,4,South East,,317,11 Sq. Feet,13 Feet,13 Feet,,N/A Sq. Feet,1 year ago,"['Balcony', 'TV Cable', 'Drainage', 'Water Supply', 'Water Tank']","House For Rent In Baluwatar,",House,11.0
"House For Rent In Bakhundol, Lalitpur","Nearby Norway Embassy, Bakhundol, Lalitpur",Lalitpur,160000,4,6,3.0,1,West,,254,2500 Sq. Feet,15 Feet,15 Feet,,N/A Sq. Feet,1 year ago,"['Balcony', 'Garden', 'TV Cable', 'Drainage', 'Water Supply', 'Water Tank']","House For Rent In Bakhundol,",House,2500.0
"Land For Sale In Nawalparasi, Nawalparasi","Sunwal Nagarpalika - 3, Nawalparasi, Nawalparasi",Kathmandu,260000,0,0,,0,West,,360,5 Aana,20 Feet / Gravelled,20 Feet , Gravelled,N/A Sq. Feet,1 year ago,[],Satdobato,Other,1711.25
"House For Rent In Tinkune, Kathmandu","Subidhanagar, Tinkune, Kathmandu",Kathmandu,270000,14,6,,6,North East,,602,13 Aana,20 Feet,20 Feet,,7 Aana,1 year ago,"['Balcony', 'Drainage', 'Water Supply', 'Water Tank']","House For Rent In Tinkune,",House,4449.25
"House For Sale In Butwal, Butwal","Rupandehi, Butwal, Butwal",Kathmandu,25000000,10,4,3.0,0,East,,1.6K,7 Dhur,20 Feet / Gravelled,20 Feet , Gravelled,N/A Sq. Feet,1 year ago,"['Balcony', 'TV Cable', 'Wifi', 'Drainage', 'Water Supply', 'Water Tank']",Satdobato,House,510300.0
"House For Rent In Sanepa, Lalitpur","Sanepa, Sanepa, Lalitpur",Lalitpur,144000,3,4,,1,South East,,545,0-3-3-0 Aana,15 Feet,15 Feet,,N/A Sq. Feet,1 year ago,"['Balcony', 'Modular Kitchen', 'TV Cable', 'Washing Machine', 'Drainage', 'Water Supply', 'Solar Water']","House For Rent In Sanepa,",House,1283.4375
"Land For Sale In Nawalparasi, Nawalparasi","sunwal Nagarpalika, Nawalparasi, Nawalparasi",Kathmandu,125000,0,0,,0,West,,265,21 Dhur,20 Feet / Gravelled,20 Feet , Gravelled,N/A Sq. Feet,1 year ago,[],Satdobato,Other,1530900.0
"Land For Sale In Nawalparasi, Nawalparasi","Sunwal Nagarpalika, Nawalparasi, Nawalparasi",Kathmandu,1700000,0,0,,0,West,,289,10 Dhur,20 Feet / Gravelled,20 Feet , Gravelled,N/A Sq. Feet,1 year ago,[],Satdobato,Other,729000.0
"House For Rent In Hattiban, Lalitpur","Hattiban, Hattiban, Lalitpur",Lalitpur,80000,5,4,3.0,0,South West,,357,5 Aana,13 Feet,13 Feet,,2085 Sq. Feet,1 year ago,"['Balcony', 'TV Cable', 'Drainage', 'Water Tank']","House For Rent In Hattiban,",House,1711.25
"House For Rent In Hadigaun, Kathmandu","Nearby Bhatbhateni Supermarket, Hadigaun, Kathmandu",Kathmandu,125000,0,5,3.0,3,South,,349,0-4-2-0 Aana,13 Feet,13 Feet,,N/A Sq. Feet,1 year ago,"['Drainage', 'Water Supply', 'Water Tank', 'Water Well']","House For Rent In Hadigaun,",House,1540.125
"House For Rent In Naxal, Kathmandu","Gahanapokhari, Naxal, Kathmandu",Kathmandu,200000,7,5,,3,South West,,482,7 Aana,13 Feet,13 Feet,,N/A Sq. Feet,1 year ago,[],"House For Rent In Naxal,",House,2395.75
"House For Rent In Khumaltar, Lalitpur","Khumaltar, Khumaltar, Lalitpur",Lalitpur,300000,4,4,,5,South East,,322,2-11-0-0 Ropani,15 Feet,15 Feet,,N/A Sq. Feet,1 year ago,"['Garage', 'Air Condition', 'Balcony', 'Garden', 'Modular Kitchen', 'TV Cable', 'Wifi', 'Drainage', 'Water Supply', 'Water Tank', 'Water Well']","House For Rent In Khumaltar,",House,14716.75
"House For Rent In Sanepa, Lalitpur","Nearby Star Hospital, Sanepa, Lalitpur",Lalitpur,125000,21,18,3.0,2,East,,325,0-6-2-0 Aana,12 Feet,12 Feet,,N/A Sq. Feet,1 year ago,"['Balcony', 'TV Cable', 'Wifi', 'Water Supply', 'Solar Water', 'Water Tank']","House For Rent In Sanepa,",House,2224.625
"House For Rent In Baneshwor, Kathmandu","New Baneshwor, Baneshwor, Kathmandu",Kathmandu,560000,0,0,,12,North,,322,20 Sq. Feet,0 Feet,0 Feet,,N/A Sq. Feet,1 year ago,[],"House For Rent In Baneshwor,",House,20.0
"House For Sale In Pasikot, Kathmandu","Pasikot, Pasikot, Kathmandu",Kathmandu,17500000,6,2,3.0,1,North,,390,0-3-2-0 Aana,12 Feet,12 Feet,,N/A Sq. Feet,1 year ago,"['Balcony', 'TV Cable', 'Drainage', 'Water Supply', 'Water Tank']","House For Sale In Pasikot,",House,1197.875
"Land For Sale In Samakhusi, Kathmandu","Samakhusi, Samakhusi, Kathmandu",Kathmandu,4400000,0,0,,0,South,,243,0-3-1-2 Aana,12 Feet,12 Feet,,N/A Sq. Feet,1 year ago,[],"Land For Sale In Samakhusi,",Other,1155.09375
"House For Sale In Bhangal, Kathmandu","Sundarbasti, Bhangal, Kathmandu",Kathmandu,25000000,4,3,3.0,0,East,,351,4 Aana,13 Feet,13 Feet,,N/A Sq. Feet,1 year ago,"['Balcony', 'TV Cable', 'Wifi', 'Drainage', 'Water Supply', 'Water Tank']","House For Sale In Bhangal,",House,1369.0
"House For Sale In Budhanilkantha, Kathmandu","Budhanilkantha, Budhanilkantha, Kathmandu",Kathmandu,29900000,10,0,3.0,3,East,,405,4.1 Aana,0 Feet,0 Feet,,13 Sq. Feet,1 year ago,"['Balcony', 'TV Cable', 'Wifi', 'Drainage', 'Water Supply', 'Water Tank']","House For Sale In Budhanilkantha,",House,1403.225
"Land For Sale In Dhumbarahi, Kathmandu","Dhumbarahi, Dhumbarahi, Kathmandu",Kathmandu,4200000,0,0,,0,South East,,395,8 Aana,13 Feet / Soil Stabilized,13 Feet , Soil Stabilized,N/A Sq. Feet,1 year ago,[],"Land For Sale In Dhumbarahi,",Other,2738.0
"House For Sale In Baneshwor, Kathmandu","New Baneshwor, Baneshwor, Kathmandu",Kathmandu,55000000,0,0,2.0,0,East,,716,8.2 Aana,24 Feet / Gravelled,24 Feet , Gravelled,N/A Sq. Feet,1 year ago,"['Balcony', 'TV Cable', 'Wifi', 'Drainage', 'Water Supply', 'Solar Water', 'Water Tank']","House For Sale In Baneshwor,",House,2806.45
"House For Sale In Bafal, Kathmandu","Bafal, Bafal, Kathmandu",Kathmandu,26500000,4,0,3.0,0,West,,455,4.5 Aana,13 Feet / Gravelled,13 Feet , Gravelled,N/A Sq. Feet,1 year ago,"['Balcony', 'TV Cable', 'Wifi', 'Drainage', 'Water Supply', 'Water Tank']","House For Sale In Bafal,",House,1540.125
"House For Sale In Dhumbarahi, Kathmandu","Near, Pipalbot, Dhumbarahi, Kathmandu",Kathmandu,32500000,8,6,3.0,4,South,,571,0-4-1-2 Aana,13 Feet / Gravelled,13 Feet , Gravelled,N/A Sq. Feet,1 year ago,"['Balcony', 'TV Cable', 'Wifi', 'Drainage', 'Water Supply', 'Solar Water', 'Water Tank']","House For Sale In Dhumbarahi,",House,1497.34375
"Land For Sale In Samakhusi, Kathmandu","Samakhusi Town planning, Samakhusi, Kathmandu",Kathmandu,6000000,0,0,,0,West,,317,6 Aana,10 Feet / Gravelled,10 Feet , Gravelled,N/A Sq. Feet,1 year ago,[],"Land For Sale In Samakhusi,",Other,2053.5
"Land For Sale In Baluwatar, Kathmandu","Baluwatar, Baluwatar, Kathmandu",Kathmandu,4500000,0,0,,0,South,,354,11 Aana,26 Feet / Gravelled,26 Feet , Gravelled,N/A Sq. Feet,1 year ago,[],"Land For Sale In Baluwatar,",Other,3764.75
"House For Sale In Makalbari, Kathmandu","Makalbari, Makalbari, Kathmandu",Kathmandu,21500000,7,4,4.0,1,South West,,270,0-3-1-3 Aana,14 Feet / Gravelled,14 Feet , Gravelled,N/A Sq. Feet,1 year ago,"['Balcony', 'TV Cable', 'Drainage', 'Water Supply', 'Water Tank']","House For Sale In Makalbari,",House,1176.484375
"Land For Sale In Lazimpat, Kathmandu","Lazimpat, Lazimpat, Kathmandu",Kathmandu,5000000,0,0,,0,North,,366,6 Aana,12 Feet,12 Feet,,N/A Sq. Feet,1 year ago,[],"Land For Sale In Lazimpat,",Other,2053.5
"Land For Sale In Lazimpat, Kathmandu","Lazimpat, Lazimpat, Kathmandu",Kathmandu,5000000,0,0,,0,North,,367,8 Aana,12 Feet,12 Feet,,N/A Sq. Feet,1 year ago,[],"Land For Sale In Lazimpat,",Other,2738.0
"Land For Sale In Budhanilkantha, Kathmandu","Siddhartha Colony, Budhanilkantha, Kathmandu",Kathmandu,2800000,0,0,,0,North,,272,4.5 Aana,13 Feet / Soil Stabilized,13 Feet , Soil Stabilized,N/A Sq. Feet,1 year ago,[],"Land For Sale In Budhanilkantha,",Other,1540.125
"House For Sale In Mhepi, Kathmandu","Nearby Thamel, Mhepi, Kathmandu",Kathmandu,38000000,8,4,4.0,1,North West,,557,7 Aana,15 Feet,15 Feet,,N/A Sq. Feet,1 year ago,"['Balcony', 'TV Cable', 'Drainage', 'Water Supply', 'Water Tank']","House For Sale In Mhepi,",House,2395.75
"Land For Sale In Budhanilkantha, Kathmandu","Bhangal Height, Budhanilkantha, Kathmandu",Kathmandu,2500000,0,0,,0,West,,229,12 Aana,12 Feet / Soil Stabilized,12 Feet , Soil Stabilized,N/A Sq. Feet,1 year ago,[],"Land For Sale In Budhanilkantha,",Other,4107.0
"House For Sale In Dhapasi, Kathmandu","Nearby API boarding school, Dhapasi, Kathmandu",Kathmandu,25000000,7,3,4.0,1,North,,273,0-4-3-0 Aana,12 Feet,12 Feet,,N/A Sq. Feet,1 year ago,"['Balcony', 'TV Cable', 'Drainage', 'Water Supply', 'Water Tank', 'Water Well']","House For Sale In Dhapasi,",House,1625.6875
"Land For Sale In Budhanilkantha, Kathmandu","Rudreshwor, Budhanilkantha, Kathmandu",Kathmandu,3200000,0,0,,0,North,,197,6 Aana,10 Feet / Soil Stabilized,10 Feet , Soil Stabilized,N/A Sq. Feet,1 year ago,[],"Land For Sale In Budhanilkantha,",Other,2053.5
"Land For Sale In Budhanilkantha, Kathmandu","Bhangal Height, Budhanilkantha, Kathmandu",Kathmandu,2400000,0,0,,0,West,,272,15 Aana,11 Feet,11 Feet,,N/A Sq. Feet,1 year ago,[],"Land For Sale In Budhanilkantha,",Other,5133.75
"House For Sale In Dallu, Kathmandu","Nearby SBI bank, Dallu, Dallu, Kathmandu",Kathmandu,24000000,15,5,4.0,0,North,,442,3 Aana,20 Feet,20 Feet,,N/A Sq. Feet,1 year ago,"['TV Cable', 'Drainage', 'Water Supply', 'Water Tank', 'Water Well']","House For Sale In Dallu,",House,1026.75
"Land For Sale In Basundhara, Kathmandu","Shreetole Height, Basundhara, Kathmandu",Kathmandu,3200000,0,0,,0,West,,1.1K,6 Aana,14 Feet / Gravelled,14 Feet , Gravelled,N/A Sq. Feet,1 year ago,[],"Land For Sale In Basundhara,",Other,2053.5
"Land For Sale In Samakhusi, Kathmandu","Samakhusi, Samakhusi, Kathmandu",Kathmandu,4200000,0,0,,0,North,,241,7 Aana,13 Feet / Gravelled,13 Feet , Gravelled,N/A Sq. Feet,1 year ago,[],"Land For Sale In Samakhusi,",Other,2395.75
"Land For Sale In Basundhara, Kathmandu","Basundhara, Basundhara, Kathmandu",Kathmandu,480000,0,0,,0,West,,335,5 Aana,15 Feet,15 Feet,,N/A Sq. Feet,1 year ago,[],"Land For Sale In Basundhara,",Other,1711.25
"House For Sale In Tokha, Kathmandu","Nearby Namuna Planning, Tokha, Kathmandu",Kathmandu,17000000,8,4,4.0,0,West,,243,0-3-2-0 Aana,20 Feet / Gravelled,20 Feet , Gravelled,N/A Sq. Feet,1 year ago,"['Balcony', 'TV Cable', 'Drainage', 'Water Supply', 'Solar Water', 'Water Tank']","House For Sale In Tokha,",House,1197.875
"Land For Sale In Samakhusi, Kathmandu","Greenland Chowk, Samakhusi, Kathmandu",Kathmandu,3000000,0,0,,0,East,,308,5.2 Aana,15 Feet / Gravelled,15 Feet , Gravelled,N/A Sq. Feet,1 year ago,[],"Land For Sale In Samakhusi,",Other,1779.7
"Land For Sale In Samakhusi, Kathmandu","Greenland Chowk., Samakhusi, Kathmandu",Kathmandu,3250000,0,0,,0,West,,270,4 Aana,12 Feet / Gravelled,12 Feet , Gravelled,N/A Sq. Feet,1 year ago,[],"Land For Sale In Samakhusi,",Other,1369.0
"Land For Sale In Samakhusi, Kathmandu","Mahadevtar Height, Samakhusi, Kathmandu",Kathmandu,3700000,0,0,,0,South East,,307,10 Aana,10 Feet / Gravelled,10 Feet , Gravelled,N/A Sq. Feet,1 year ago,[],"Land For Sale In Samakhusi,",Other,3422.5
"House For Sale In Gongabu, Kathmandu","Aananda tol, Gongabu, Kathmandu",Kathmandu,26000000,5,3,3.0,2,North,,241,4.3 Aana,16 Feet,16 Feet,,N/A Sq. Feet,1 year ago,"['Balcony', 'TV Cable', 'Wifi', 'Drainage', 'Water Supply', 'Solar Water', 'Water Tank']","House For Sale In Gongabu,",House,1471.675
"House For Sale In Budhanilkantha, Kathmandu","Budhanilkantha, Budhanilkantha, Kathmandu",Kathmandu,29000000,6,3,,0,South,,435,4 Aana,14 Feet,14 Feet,,N/A Sq. Feet,1 year ago,"['Balcony', 'TV Cable', 'Wifi', 'Drainage', 'Water Supply', 'Water Tank']","House For Sale In Budhanilkantha,",House,1369.0
"House For Sale In Kalanki, Kathmandu","Kalanki, Kalanki, Kathmandu",Kathmandu,13500000,3,2,3.0,1,South West,,740,0-3-1-1 Aana,12 Feet,12 Feet,,N/A Sq. Feet,1 year ago,"['Balcony', 'TV Cable', 'Drainage', 'Water Supply', 'Water Tank']","House For Sale In Kalanki,",House,1133.703125
"House For Sale In Budhanilkantha, Kathmandu","Budhanilkantha, Budhanilkantha, Kathmandu",Kathmandu,22800000,6,2,3.0,0,East,,446,4 Aana,20 Feet,20 Feet,,N/A Sq. Feet,1 year ago,[],"House For Sale In Budhanilkantha,",House,1369.0
"Land For Sale In Samakhusi, Kathmandu","Samakhusi, Samakhusi, Kathmandu",Kathmandu,6000000,0,0,,0,South,,247,6.5 Aana,15 Feet,15 Feet,,N/A Sq. Feet,1 year ago,[],"Land For Sale In Samakhusi,",Other,2224.625
"House For Sale In Sukedhara, Kathmandu","Nearby Colony home, Sukedhara, Kathmandu",Kathmandu,27500000,6,4,4.0,0,South,,582,4 Aana,12 Feet,12 Feet,,N/A Sq. Feet,1 year ago,"['Balcony', 'TV Cable', 'Drainage', 'Water Supply', 'Water Tank']","House For Sale In Sukedhara,",House,1369.0
"House For Sale In Mandikatar, Kathmandu","Mandikatar, Mandikatar, Kathmandu",Kathmandu,22500000,4,3,3.0,0,East,,272,3.13 Aana,12 Feet,12 Feet,,N/A Sq. Feet,1 year ago,"['Balcony', 'TV Cable', 'Drainage', 'Water Supply', 'Water Tank']","House For Sale In Mandikatar,",House,1071.2425
"House For Sale In Kalanki, Kathmandu","Nearby LRI School, Kalanki, Kathmandu",Kathmandu,15500000,7,2,,0,West,,548,3.5 Aana,13 Feet,13 Feet,,N/A Sq. Feet,1 year ago,"['Balcony', 'TV Cable', 'Wifi', 'Drainage', 'Water Supply', 'Water Tank']","House For Sale In Kalanki,",House,1197.875
"House For Sale In Hattigauda, Kathmandu","Hattigauda, Hattigauda, Kathmandu",Kathmandu,30000000,5,0,3.0,0,West,,455,6.5 Aana,15 Feet,15 Feet,,2900 Sq. Feet,1 year ago,"['Balcony', 'TV Cable', 'Wifi', 'Drainage', 'Water Supply', 'Solar Water', 'Water Tank']","House For Sale In Hattigauda,",House,2224.625
"House For Sale In Baluwatar, Kathmandu","Nearby IOM, Baluwatar, Kathmandu",Kathmandu,51500000,6,3,3.0,0,North East,,2.6K,6 Aana,12 Feet,12 Feet,,N/A Sq. Feet,1 year ago,"['Balcony', 'TV Cable', 'Wifi', 'Drainage', 'Water Supply', 'Water Tank']","House For Sale In Baluwatar,",House,2053.5
"House For Sale In Sukedhara, Kathmandu","Sukedhara, Sukedhara, Kathmandu",Kathmandu,33000000,11,0,3.0,0,East,,347,5 Aana,15 Feet,15 Feet,,N/A Sq. Feet,1 year ago,"['Balcony', 'TV Cable', 'Washing Machine', 'Wifi', 'Drainage', 'Water Supply', 'Solar Water', 'Water Tank']","House For Sale In Sukedhara,",House,1711.25
"House For Sale In Dhumbarahi, Kathmandu","Dhumbarahi, Dhumbarahi, Kathmandu",Kathmandu,40000000,12,0,4.0,4,East,,340,7 Aana,13 Feet,13 Feet,,N/A Sq. Feet,1 year ago,"['Balcony', 'TV Cable', 'Wifi', 'Drainage', 'Water Supply', 'Solar Water', 'Water Tank']","House For Sale In Dhumbarahi,",House,2395.75
"House For Sale In Bhangal, Kathmandu","Sundarbasti, Bhangal, Kathmandu",Kathmandu,18200000,9,0,3.0,3,South,,355,3.1 Aana,13 Feet,13 Feet,,N/A Sq. Feet,1 year ago,"['Balcony', 'TV Cable', 'Wifi', 'Drainage', 'Water Supply', 'Water Tank']","House For Sale In Bhangal,",House,1060.9750000000001
"House For Sale In Budhanilkantha, Kathmandu","Sundarbasti, Budhanilkantha, Kathmandu",Kathmandu,19200000,5,4,3.0,3,East,,388,4 Sq. Feet,13 Feet,13 Feet,,N/A Sq. Feet,1 year ago,"['Balcony', 'TV Cable', 'Wifi', 'Drainage', 'Water Supply', 'Solar Water', 'Water Tank']","House For Sale In Budhanilkantha,",House,4.0
"House For Sale In Budhanilkantha, Kathmandu","Jyotinagar, Budhanilkantha, Kathmandu",Kathmandu,17700000,12,0,4.0,0,East,,425,3.5 Aana,13 Feet,13 Feet,,N/A Sq. Feet,1 year ago,"['Balcony', 'TV Cable', 'Wifi', 'Drainage', 'Water Supply', 'Solar Water', 'Water Tank']","House For Sale In Budhanilkantha,",House,1197.875
"House For Sale In Kapan, Kathmandu","Nearby Aakashedhara, Kapan, Kathmandu",Kathmandu,17000000,7,0,,0,East,,413,3 Aana,13 Feet,13 Feet,,N/A Sq. Feet,1 year ago,"['Balcony', 'TV Cable', 'Wifi', 'Drainage', 'Water Supply', 'Water Tank']","House For Sale In Kapan,",House,1026.75
"House For Sale In Budhanilkantha, Kathmandu","Nearby Hattigauda, Budhanilkantha, Kathmandu",Kathmandu,29800000,10,0,3.0,3,West,,449,6 Aana,13 Feet,13 Feet,,N/A Sq. Feet,1 year ago,"['Balcony', 'TV Cable', 'Wifi', 'Drainage', 'Water Supply', 'Water Tank']","House For Sale In Budhanilkantha,",House,2053.5
"House For Sale In Budhanilkantha, Kathmandu","Nearby Dhumbarai Chowk., Budhanilkantha, Kathmandu",Kathmandu,21000000,9,0,3.0,0,North West,,495,3.5 Aana,13 Feet,13 Feet,,N/A Sq. Feet,1 year ago,"['Balcony', 'TV Cable', 'Wifi', 'Drainage', 'Water Supply', 'Water Tank']","House For Sale In Budhanilkantha,",House,1197.875
"House For Sale In Budhanilkantha, Kathmandu","Nearby Jyotinagar, Budhanilkantha, Kathmandu",Kathmandu,34000000,6,3,3.0,4,South East,,265,6 Aana,13 Feet,13 Feet,,N/A Sq. Feet,1 year ago,"['Balcony', 'TV Cable', 'Wifi', 'Drainage', 'Water Supply', 'Water Tank']","House For Sale In Budhanilkantha,",House,2053.5
"Land For Sale In Kageshwari-Manohara, Kathmandu","Nearby Daachi Panitanki, Kageshwari-Manohara, Kathmandu",Kathmandu,1450000,0,0,,0,East,,217,4 Aana,20 Feet,20 Feet,,N/A Sq. Feet,1 year ago,[],"Land For Sale In Kageshwari-Manohara,",Other,1369.0
"House For Sale In Chandol, Kathmandu","Chandol, Chandol, Kathmandu",Kathmandu,40000000,6,4,3.0,4,South East,,324,6 Sq. Feet,14 Feet,14 Feet,,N/A Sq. Feet,1 year ago,"['Balcony', 'TV Cable', 'Wifi', 'Drainage', 'Water Supply', 'Water Tank']","House For Sale In Chandol,",House,6.0
"Land For Sale In Budhanilkantha, Kathmandu","Ram Mandir, Budhanilkantha, Kathmandu",Kathmandu,2150000,0,0,,0,West,,221,4 Aana,12 Feet,12 Feet,,N/A Sq. Feet,1 year ago,[],"Land For Sale In Budhanilkantha,",Other,1369.0
"House For Sale In Basundhara, Kathmandu","Shreetole Height home, Basundhara, Kathmandu",Kathmandu,19900000,3,3,,0,South West,,327,3 Aana,12 Feet,12 Feet,,N/A Sq. Feet,1 year ago,"['Balcony', 'TV Cable', 'Wifi', 'Drainage', 'Water Supply', 'Water Tank']","House For Sale In Basundhara,",House,1026.75
"House For Sale In Budhanilkantha, Kathmandu","Nearby Chapali Home, Budhanilkantha, Kathmandu",Kathmandu,16800000,10,0,3.0,0,South West,,565,3 Aana,13 Feet,13 Feet,,N/A Sq. Feet,1 year ago,"['Balcony', 'Modular Kitchen', 'TV Cable', 'Wifi', 'Drainage', 'Water Supply', 'Water Tank']","House For Sale In Budhanilkantha,",House,1026.75
"House For Sale In Basbari, Kathmandu","Basbari, Basbari, Kathmandu",Kathmandu,63000000,9,4,4.0,4,South,,369,0-12-3-2 Aana,13 Feet,13 Feet,,N/A Sq. Feet,1 year ago,"['Balcony', 'Garden', 'TV Cable', 'Wifi', 'Drainage', 'Water Supply', 'Solar Water', 'Water Tank']","House For Sale In Basbari,",House,4406.46875
"House For Sale In Dhapakhel, Lalitpur","Dhapakhel Height, Dhapakhel, Lalitpur",Lalitpur,12500000,3,2,3.0,3,South,,589,3 Aana,10 Feet,10 Feet,,N/A Sq. Feet,1 year ago,"['Balcony', 'TV Cable', 'Wifi', 'Drainage', 'Water Supply', 'Solar Water', 'Water Tank']","House For Sale In Dhapakhel,",House,1026.75
"House For Sale In Balaju, Kathmandu","Jarankhu, Balaju, Kathmandu",Kathmandu,14200000,5,2,2.0,3,North West,,486,0-3-2-2 Aana,13 Feet,13 Feet,,N/A Sq. Feet,1 year ago,"['Balcony', 'TV Cable', 'Wifi', 'Drainage', 'Water Supply', 'Water Tank']","House For Sale In Balaju,",House,1240.65625
"House For Sale In Satdobato, Lalitpur","Dholahity, Satdobato, Lalitpur",Lalitpur,20000000,5,4,3.0,3,North,,468,0-3-0-1 Aana,16 Feet,16 Feet,,N/A Sq. Feet,1 year ago,"['Balcony', 'TV Cable', 'Wifi', 'Drainage', 'Water Supply', 'Solar Water', 'Water Tank']","House For Sale In Satdobato,",House,1048.140625
"House For Sale In Sunderbasti, Kathmandu","Golfutar, Sunderbasti, Kathmandu",Kathmandu,19500000,5,3,3.0,2,East,,599,3.2 Aana,13 Feet,13 Feet,,N/A Sq. Feet,1 year ago,"['Balcony', 'TV Cable', 'Wifi', 'Drainage', 'Water Supply', 'Water Tank']","House For Sale In Sunderbasti,",House,1095.2
"House For Sale In Swayambhu, Kathmandu","Kimdol, Swayambhu, Kathmandu",Kathmandu,21000000,4,2,2.0,2,South,,1.1K,3.1 Aana,18 Feet,18 Feet,,N/A Sq. Feet,1 year ago,"['Balcony', 'TV Cable', 'Wifi', 'Drainage', 'Water Supply', 'Solar Water', 'Water Tank']","House For Sale In Swayambhu,",House,1060.9750000000001
"House For Sale In Kalikasthan, Kathmandu","Kalikasthan, Kalikasthan, Kathmandu",Kathmandu,100000000,5,2,3.0,4,West,,720,10.1 Aana,20 Feet,20 Feet,,N/A Sq. Feet,1 year ago,"['Balcony', 'TV Cable', 'Wifi', 'Drainage', 'Water Supply', 'Water Tank']","House For Sale In Kalikasthan,",House,3456.725
"House For Sale In Samakhusi, Kathmandu","Samakhusi, Samakhusi, Kathmandu",Kathmandu,22500000,6,4,4.0,3,North,,279,0-3-0-1 Aana,10 Feet,10 Feet,,N/A Sq. Feet,1 year ago,"['Balcony', 'TV Cable', 'Wifi', 'Drainage', 'Water Supply', 'Solar Water', 'Water Tank']","House For Sale In Samakhusi,",House,1048.140625
"House For Sale In Chabahil, Kathmandu","Arubari, Chabahil, Kathmandu",Kathmandu,37000000,5,4,3.0,4,South West,,266,4 Aana,12 Feet,12 Feet,,N/A Sq. Feet,1 year ago,"['Balcony', 'TV Cable', 'Wifi', 'Drainage', 'Water Supply', 'Solar Water', 'Water Tank']","House For Sale In Chabahil,",House,1369.0
"House For Sale In Ramkot, Kathmandu","Ramkot, Ramkot, Kathmandu",Kathmandu,19000000,4,3,3.0,4,East,,583,0-3-3-2 Aana,20 Feet,20 Feet,,N/A Sq. Feet,1 year ago,"['Balcony', 'Garden', 'Swimming Pool', 'TV Cable', 'Wifi', 'Drainage', 'Water Supply', 'Solar Water', 'Water Tank']","House For Sale In Ramkot,",House,1326.21875
"House For Sale In Sitapaila, Kathmandu","Sitapaila, Sitapaila, Kathmandu",Kathmandu,45000000,5,5,3.0,4,East,,286,9 Aana,12 Feet,12 Feet,,N/A Sq. Feet,1 year ago,"['Balcony', 'TV Cable', 'Wifi', 'Drainage', 'Water Supply', 'Solar Water', 'Water Tank']","House For Sale In Sitapaila,",House,3080.25
"House For Sale In Tarkeshwor, Kathmandu","Lambagar, Tarkeshwor, Kathmandu",Kathmandu,16500000,6,3,3.0,3,South,,328,4 Aana,12 Feet,12 Feet,,N/A Sq. Feet,1 year ago,"['Balcony', 'TV Cable', 'Wifi', 'Drainage', 'Water Supply', 'Water Tank']","House For Sale In Tarkeshwor,",House,1369.0
"House For Sale In Sukedhara, Kathmandu","Sukedhara, Sukedhara, Kathmandu",Kathmandu,88000000,0,0,3.0,0,West,,245,0-15-2-2 Aana,20 Feet,20 Feet,,N/A Sq. Feet,1 year ago,"['Balcony', 'TV Cable', 'Wifi', 'Drainage', 'Water Supply', 'Water Tank']","House For Sale In Sukedhara,",House,5347.65625
"House For Sale In Gongabu, Kathmandu","Gongabu, Gongabu, Kathmandu",Kathmandu,29000000,10,6,5.0,4,West,,277,4.2 Aana,10 Feet,10 Feet,,N/A Sq. Feet,1 year ago,"['Balcony', 'TV Cable', 'Wifi', 'Drainage', 'Water Supply', 'Water Tank']","House For Sale In Gongabu,",House,1437.45
"House For Sale In Naxal, Kathmandu","Gahana, Pokhari, Naxal, Kathmandu",Kathmandu,55000000,0,0,4.0,0,North,,327,7 Aana,20 Feet,20 Feet,,N/A Sq. Feet,1 year ago,"['Balcony', 'TV Cable', 'Wifi', 'Drainage', 'Water Supply', 'Water Tank']","House For Sale In Naxal,",House,2395.75
"House For Sale In Kadaghari, Kathmandu","Birendra Chowk, Kadaghari, Kathmandu",Kathmandu,36000000,6,4,3.5,3,South East,,247,3.2 Aana,13 Feet,13 Feet,,N/A Sq. Feet,1 year ago,"['Balcony', 'TV Cable', 'Wifi', 'Drainage', 'Water Supply', 'Solar Water', 'Water Tank']","House For Sale In Kadaghari,",House,1095.2
"House For Sale In Pepsicola, Kathmandu","Suncity Planning, Pepsicola, Kathmandu",Kathmandu,24000000,10,6,3.0,4,East,,808,3.2 Aana,13 Feet,13 Feet,,N/A Sq. Feet,1 year ago,"['Balcony', 'TV Cable', 'Wifi', 'Drainage', 'Water Supply', 'Water Tank']","House For Sale In Pepsicola,",House,1095.2
"House For Sale In Kadaghari, Kathmandu","Gotthatar, Kadaghari, Kathmandu",Kathmandu,12000000,4,1,1.0,2,East,,452,3 Aana,13 Feet,13 Feet,,N/A Sq. Feet,1 year ago,"['TV Cable', 'Wifi', 'Drainage', 'Water Supply', 'Water Tank']","House For Sale In Kadaghari,",House,1026.75
"Land For Sale In Balaju, Kathmandu","Balaju, Balaju, Kathmandu",Kathmandu,8500000,0,0,,0,West,,231,0-6-3-3 Aana,20 Feet,20 Feet,,N/A Sq. Feet,1 year ago,[],"Land For Sale In Balaju,",Other,2374.359375
"House For Sale In Balaju, Kathmandu","Near by Bhatbhatei Super Market., Balaju, Kathmandu",Kathmandu,45000000,12,4,4.0,5,North,,257,0-4-0-2 Aana,0 Feet,0 Feet,,N/A Sq. Feet,1 year ago,"['Balcony', 'TV Cable', 'Wifi', 'Drainage', 'Water Supply', 'Water Tank']","House For Sale In Balaju,",House,1411.78125
"House For Sale In Joranku, Kathmandu","Joranku, Joranku, Kathmandu",Kathmandu,15000000,3,3,3.0,2,South,,260,3.2 Aana,10 Feet,10 Feet,,N/A Sq. Feet,1 year ago,"['Balcony', 'TV Cable', 'Wifi', 'Drainage', 'Water Supply', 'Water Tank']","House For Sale In Joranku,",House,1095.2
"Land For Sale In Tarkeshwor, Kathmandu","Phutung, Tarkeshwor, Kathmandu",Kathmandu,1000000,0,0,,0,South West,,275,7 Aana,26 Feet,26 Feet,,N/A Sq. Feet,1 year ago,[],"Land For Sale In Tarkeshwor,",Other,2395.75
"Office Space For Sale In Samakhusi, Kathmandu","Samakhusi Town Planning, Samakhusi, Kathmandu",Kathmandu,500000,0,0,,0,East,,226,165 Sq. Feet,20 Feet,20 Feet,,N/A Sq. Feet,1 year ago,[],"Office Space For Sale In Samakhusi,",Other,165.0
"House For Sale In Sitapaila, Kathmandu","Ichadol, Sitapaila, Kathmandu",Kathmandu,20000000,4,2,3.0,0,East,,331,5 Aana,13 Feet,13 Feet,,N/A Sq. Feet,1 year ago,"['Balcony', 'TV Cable', 'Wifi', 'Drainage', 'Water Supply', 'Solar Water', 'Water Tank']","House For Sale In Sitapaila,",House,1711.25
"House For Sale In Imadol, Lalitpur","sital height, Imadol, Lalitpur",Lalitpur,16000000,4,4,3.0,2,South East,2075.0,1.9K,0-3-0-0 Aana,13 Feet,13 Feet,,N/A Sq. Feet,1 year ago,"['Balcony', 'Fencing', 'Modular Kitchen', 'Water Tank', 'Water Well']","House For Sale In Imadol,",House,1026.75
"House For Sale In Thamel, Kathmandu","Thahiti Chowk, Thamel, Kathmandu",Kathmandu,37500000,4,4,6.0,4,East,,316,0-2-3-2 Aana,12 Feet,12 Feet,,N/A Aana,1 year ago,"['Balcony', 'Gym', 'Wifi', 'Drainage', 'Water Supply', 'Solar Water', 'Water Tank']","House For Sale In Thamel,",House,983.96875
"House For Sale In Gongabu, Kathmandu","Mitranagar, Gongabu, Kathmandu",Kathmandu,31000000,9,9,4.0,3,North,,298,2.2 Aana,9 Feet,9 Feet,,N/A Sq. Feet,1 year ago,"['Balcony', 'TV Cable', 'Wifi', 'Water Supply', 'Water Tank']","House For Sale In Gongabu,",House,752.95
"Apartment For Sale In Samakhusi, Kathmandu","Samakhusi Town Planning, Samakhusi, Kathmandu",Kathmandu,20500000,5,4,3.0,3,South,,356,2.2 Aana,16 Feet,16 Feet,,N/A Sq. Feet,1 year ago,"['Balcony', 'TV Cable', 'Wifi', 'Drainage', 'Water Supply', 'Water Tank']","Apartment For Sale In Samakhusi,",Apartment,752.95
"House For Sale In Sano Bharyang, Kathmandu","Near by Yellow Gumba, Sano Bharyang, Kathmandu",Kathmandu,26000000,4,5,3.0,3,East,,247,0-4-0-2 Aana,12 Feet,12 Feet,,N/A Sq. Feet,1 year ago,"['Balcony', 'TV Cable', 'Wifi', 'Drainage', 'Water Supply', 'Water Tank']","House For Sale In Sano Bharyang,",House,1411.78125
"Apartment For Rent In Naxal, Kathmandu","Narayanchaur, Naxal, Kathmandu",Kathmandu,120000,2,2,3.0,2,South West,,323,1100 Sq. Feet,16 Feet,16 Feet,,N/A Sq. Feet,1 year ago,"['Balcony', 'Swimming Pool', 'TV Cable', 'Wifi', 'Drainage', 'Water Supply', 'Solar Water', 'Water Tank']","Apartment For Rent In Naxal,",Apartment,1100.0
"Apartment For Sale In Bhaisepati, Lalitpur","Bhaisepati, Bhaisepati, Lalitpur",Lalitpur,7500000,2,2,1.0,2,West,,864,800 Sq. Feet,24 Feet,24 Feet,,N/A Sq. Feet,1 year ago,"['Balcony', 'TV Cable', 'Wifi', 'Drainage', 'Water Supply', 'Water Tank']","Apartment For Sale In Bhaisepati,",Apartment,800.0
"Apartment For Rent In Panipokhari, Kathmandu","panipokhari, Panipokhari, Kathmandu",Kathmandu,100000,2,2,1.0,2,West,,356,1000 Sq. Feet,20 Feet,20 Feet,,N/A Sq. Feet,1 year ago,"['Balcony', 'Garden', 'Swimming Pool', 'TV Cable', 'Wifi', 'Drainage', 'Water Supply', 'Water Tank']","Apartment For Rent In Panipokhari,",Apartment,1000.0
"Apartment For Sale In Lazimpat, Kathmandu","Panipokhari, Lazimpat, Kathmandu",Kathmandu,17500000,3,3,3.0,2,South,,737,1582 Sq. Feet,20 Feet,20 Feet,,N/A Sq. Feet,1 year ago,"['Balcony', 'TV Cable', 'Wifi', 'Drainage', 'Water Supply', 'Water Tank']","Apartment For Sale In Lazimpat,",Apartment,1582.0
"Land At Gausala, Battisputali : Land For Sale In Old Baneshwor, Kathmandu","Battisputali, Old Baneshwor, Kathmandu",Kathmandu,5500000,0,0,,0,South,,6.1K,0-7-2-0 Aana,6 Meter,6 Meter,,N/A Sq. Feet,1 year ago,[],"Land At Gausala, Battisputali : Land For Sale In Old Baneshwor,",Other,2566.875
"Apartment For Rent In Durbar Marg, Kathmandu","Durbar marg, Durbar Marg, Kathmandu",Kathmandu,110000,2,2,3.0,2,North East,,375,1100 Sq. Feet,13 Feet,13 Feet,,N/A Sq. Feet,1 year ago,"['Balcony', 'Garden', 'Swimming Pool', 'TV Cable', 'Wifi', 'Drainage', 'Water Supply', 'Solar Water', 'Water Tank']","Apartment For Rent In Durbar Marg,",Apartment,1100.0
"Scenic : House For Sale In Dhapakhel, Lalitpur","Dhapakhel height, Dhapakhel, Lalitpur",Lalitpur,25000000,4,3,3.0,1,South,2072.0,5.9K,0-4-3-0 Aana,13 Feet,13 Feet,,800 Sq. Feet,1 year ago,"['Balcony', 'Fencing', 'Garden', 'Modular Kitchen', 'TV Cable', 'Wifi', 'Solar Water', 'Water Tank']","Scenic : House For Sale In Dhapakhel,",House,1625.6875
"House At New Colony : House For Sale In Budhanilkantha, Kathmandu","New Colony, Budhanilkantha, Budhanilkantha, Kathmandu",Kathmandu,28500000,3,3,2.0,1,South West,2073.0,6.5K,0-4-5-0 Aana,18 Feet,18 Feet,,N/A Sq. Feet,1 year ago,"['Garage', 'Backyard', 'Balcony', 'Fencing', 'Frontyard', 'Garden', 'Modular Kitchen', 'TV Cable', 'Wifi', 'Water Supply']","House At New Colony : House For Sale In Budhanilkantha,",House,1796.8125
"Apartment For Rent In Lazimpat, Kathmandu","Lazimpat, Lazimpat, Kathmandu",Kathmandu,50000,0,0,,0,East,,419,200 Aana,0 Feet,0 Feet,,N/A Aana,1 year ago,"['Balcony', 'Modular Kitchen', 'Water Supply', 'Water Tank']","Apartment For Rent In Lazimpat,",Apartment,68450.0
"Apartment For Rent In Lazimpat, Kathmandu","lazimpat, Lazimpat, Kathmandu",Kathmandu,40000,0,0,,0,East,,518,180 Aana,0 Feet,0 Feet,,N/A Aana,1 year ago,"['Balcony', 'Modular Kitchen', 'Drainage', 'Water Supply', 'Water Tank']","Apartment For Rent In Lazimpat,",Apartment,61605.0
"Business For Sale In Naxal, Kathmandu","Near, Bhat bhateni, Naxal, Kathmandu",Kathmandu,3000000,0,0,,0,South,,4.9K,400 Sq. Feet,35 Feet / Blacktopped,35 Feet , Blacktopped,N/A Sq. Feet,1 year ago,"['Air Condition', 'TV Cable']","Business For Sale In Naxal,",Other,400.0
"Land For Sale In Bhaisepati, Lalitpur","Near, Bhaisepati Colony, Bhaisepati, Lalitpur",Lalitpur,2400000,0,0,,0,South East,,520,0-6-0-0 Aana,16 Feet,16 Feet,,N/A Sq. Feet,1 year ago,[],"Land For Sale In Bhaisepati,",Other,2053.5
"Land For Sale In Banasthali, Kathmandu","Near, Dhungedhara, Banasthali, Kathmandu",Kathmandu,3500000,0,0,,0,East,,425,0-5-0-0 Aana,16 Feet,16 Feet,,N/A Sq. Feet,1 year ago,[],"Land For Sale In Banasthali,",Other,1711.25
"House For Sale In Lubhu, Lalitpur","Near, Sarbotchrit School, Lubhu, Lalitpur",Lalitpur,14500000,4,3,2.0,1,South East,,768,0-5-0-3 Aana,13 Feet,13 Feet,,N/A Sq. Feet,1 year ago,"['Backyard', 'Balcony', 'Frontyard', 'Garden', 'Modular Kitchen', 'Drainage', 'Water Supply', 'Solar Water', 'Water Tank', 'Water Well']","House For Sale In Lubhu,",House,1775.421875
"House For Sale In Sunderbasti, Kathmandu","Budanilkantha, Sunderbasti, Kathmandu",Kathmandu,27500000,6,4,3.0,1,South East,,375,0-5-0-3 Aana,13 Feet,13 Feet,,N/A Sq. Feet,1 year ago,"['Backyard', 'Balcony', 'Frontyard', 'Modular Kitchen', 'Wifi', 'Drainage', 'Water Supply', 'Solar Water', 'Water Tank', 'Water Well']","House For Sale In Sunderbasti,",House,1775.421875
"Land For Sale In Sitapaila, Kathmandu","Near, Padma Colony, Sitapaila, Kathmandu",Kathmandu,2600000,0,0,,0,East,,302,0-4-0-0 Aana,13 Feet,13 Feet,,N/A Sq. Feet,1 year ago,[],"Land For Sale In Sitapaila,",Other,1369.0
"Lamas Residence : House For Rent In Lubhu, Lalitpur","Lubhu Lalitpur, Lubhu, Lalitpur",Lalitpur,60000,6,2,2.0,0,East,,351,16 Aana,18 Feet,18 Feet,,8 Aana,1 year ago,"['Garage', 'Balcony', 'Garden', 'Water Supply', 'Lawn', 'Frontyard', 'Backyard']","Lamas Residence : House For Rent In Lubhu,",House,5476.0
"Apartment For Rent In Bishal Nagar, Kathmandu","Central Park Apartment, Bishal Nagar, Kathmandu",Kathmandu,120000,3,2,10.0,0,East,,394,1300 Sq. Feet,20 Feet,20 Feet,,N/A Sq. Feet,1 year ago,[],"Apartment For Rent In Bishal Nagar,",Apartment,1300.0
"Apartment For Rent In Swayambhu, Kathmandu","Bijeshwari, Swayambhu, Kathmandu",Kathmandu,150000,2,2,4.0,0,South East,,371,1200 Sq. Feet,15 Feet,15 Feet,,N/A Sq. Feet,1 year ago,[],"Apartment For Rent In Swayambhu,",Apartment,1200.0
"Apartment For Sale In Kamalpokhari, Kathmandu","Kamalpokhari, Kamalpokhari, Kathmandu",Kathmandu,55000000,2,3,,0,North East,,565,3400 Sq. Feet,20 Feet,20 Feet,,N/A Sq. Feet,1 year ago,"['Balcony', 'Garden', 'Gym', 'Washing Machine', 'Wifi', 'Drainage', 'Water Supply', 'Solar Water', 'Water Tank']","Apartment For Sale In Kamalpokhari,",Apartment,3400.0
"Apartment For Rent In Jhamsikhel, Lalitpur","Jhamsikhel, Jhamsikhel, Lalitpur",Lalitpur,40000,2,1,,0,East,,554,750 Sq. Feet,15 Feet,15 Feet,,N/A Sq. Feet,1 year ago,"['Balcony', 'TV Cable', 'Wifi', 'Drainage', 'Water Supply']","Apartment For Rent In Jhamsikhel,",Apartment,750.0
"Apartment For Sale In Dhobighat, Lalitpur","Bazra and Sangrila Residency, Dhobighat, Lalitpur",Lalitpur,16500000,3,2,10.0,0,East,,619,1350 Sq. Feet,20 Feet,20 Feet,,N/A Sq. Feet,1 year ago,[],"Apartment For Sale In Dhobighat,",Apartment,1350.0
"Best For Commercial Use : House For Sale In Kamalpokhari, Kathmandu","Naxal, kathmandu, Kamalpokhari, Kathmandu",Kathmandu,30000000,0,3,5.0,0,West,,524,1-3-3 Aana,32 Feet,32 Feet,,N/A Sq. Feet,1 year ago,[],"Best For Commercial Use : House For Sale In Kamalpokhari,",House,6759.4375
"Newly Built : House For Rent In Baneshwor, Kathmandu","Mid- Baneshwor, Baneshwor, Kathmandu",Kathmandu,125000,5,2,2.0,5,East,2076.0,1.8K,10 Aana,13 Feet,13 Feet,,N/A Sq. Feet,1 year ago,"['Lawn', 'Garage', 'Balcony', 'Deck', 'Water Supply']","Newly Built : House For Rent In Baneshwor,",House,3422.5
"House For Rent In Bhaisepati, Lalitpur","Near, Radio Tower, Bhaisepati, Lalitpur",Lalitpur,250000,5,3,3.0,2,East,2075.0,12.7K,13 Aana,20 Feet,20 Feet,,4 Aana,1 year ago,"['Garage', 'Backyard', 'Balcony', 'Frontyard', 'Garden', 'Microwave', 'Modular Kitchen', 'TV Cable', 'Washing Machine', 'Water Supply', 'Solar Water', 'Water Tank', 'Water Well']","House For Rent In Bhaisepati,",House,4449.25
"House For Sale In Maligaon, Kathmandu","Maligaon, Maligaon, Kathmandu",Kathmandu,65000000,5,6,3.0,0,North West,,607,12 Aana,13 Feet,13 Feet,,N/A Sq. Feet,1 year ago,"['Lawn', 'Balcony', 'Garden', 'TV Cable', 'Wifi', 'Drainage', 'Water Supply', 'Solar Water', 'Water Tank']","House For Sale In Maligaon,",House,4107.0
"House For Sale In Bhatbhateni, Kathmandu","Bhatbhateni, Bhatbhateni, Kathmandu",Kathmandu,235000000,10,10,,0,East,,561,33 Aana,16 Feet,16 Feet,,N/A Sq. Feet,1 year ago,"['Air Condition', 'Balcony', 'Garden', 'TV Cable', 'Wifi', 'Drainage', 'Water Supply', 'Solar Water', 'Water Tank']","House For Sale In Bhatbhateni,",House,11294.25
"Land For Sale In Kalanki, Kathmandu","Dhungeadda, Kalanki, Kathmandu",Kathmandu,4500000,0,0,,0,South East,,317,13 Aana,20 Feet,20 Feet,,N/A Aana,1 year ago,[],"Land For Sale In Kalanki,",Other,4449.25
"House For Sale In Maharajgunj, Kathmandu","Nearby, Teaching Hospital, Maharajgunj, Kathmandu",Kathmandu,47500000,10,6,,0,East,,392,0-3-0-1 Aana,11 Meter,11 Meter,,N/A Sq. Feet,1 year ago,"['Balcony', 'TV Cable', 'Wifi', 'Drainage', 'Water Supply', 'Solar Water', 'Water Tank']","House For Sale In Maharajgunj,",House,1048.140625
"Land For Sale In Godawari, Lalitpur","Godawari, Godawari, Lalitpur",Lalitpur,950000,0,0,,0,South,,360,10 Aana,24 Feet,24 Feet,,N/A Sq. Feet,1 year ago,[],"Land For Sale In Godawari,",Other,3422.5
"House For Sale In Chabahil, Kathmandu","Chuchhepati, Chabahil, Kathmandu",Kathmandu,35000000,10,4,3.0,0,West,,383,4.5 Aana,20 Feet,20 Feet,,N/A Sq. Feet,1 year ago,[],"House For Sale In Chabahil,",House,1540.125
"Land For Sale In Tikathali, Lalitpur","Pani Tanki, Tikathali, Lalitpur",Lalitpur,2000000,0,0,,0,West,,9.3K,0-5-1-1 Aana,14 Feet,14 Feet,,N/A Sq. Feet,1 year ago,[],"Land For Sale In Tikathali,",Other,1818.203125
"Land For Sale In Satungal, Kathmandu","Balagaun, Satungal, Kathmandu",Kathmandu,2500000,0,0,,0,South,,308,0-3-3-3 Aana,14 Feet,14 Feet,,N/A Sq. Feet,1 year ago,[],"Land For Sale In Satungal,",Other,1347.609375
"House For Rent In Sanepa, Lalitpur","Sanepa, Sanepa, Lalitpur",Lalitpur,300000,14,5,3.0,0,North,,423,32 Aana,13 Feet,13 Feet,,4000 Sq. Feet,1 year ago,[],"House For Rent In Sanepa,",House,10952.0
"Land For Rent In Dhapasi, Kathmandu","Dhapasi Height, Dhapasi, Kathmandu",Kathmandu,60000,0,0,,0,South East,,437,18 Aana,20 Feet,20 Feet,,N/A Sq. Feet,1 year ago,[],"Land For Rent In Dhapasi,",Other,6160.5
"House For Rent In Bhaisepati, Lalitpur","Mangal Colony, Bhaisepati, Lalitpur",Lalitpur,60000,3,3,3.0,0,North,,550,4.5 Aana,16 Feet,16 Feet,,1300 Sq. Feet,1 year ago,"['Balcony', 'TV Cable', 'Wifi', 'Drainage', 'Water Supply', 'Water Tank']","House For Rent In Bhaisepati,",House,1540.125
"Apartment For Rent In Hattiban, Lalitpur","City Scape Apartment, Hattiban, Lalitpur",Lalitpur,55000,3,2,,0,North,,598,1300 Sq. Feet,20 Feet,20 Feet,,N/A Sq. Feet,1 year ago,"['Balcony', 'TV Cable', 'Wifi', 'Drainage', 'Water Supply', 'Water Tank']","Apartment For Rent In Hattiban,",Apartment,1300.0
"House For Sale In Syuchatar, Kathmandu","Syuchatar, Syuchatar, Kathmandu",Kathmandu,20000000,5,3,3.0,0,North,,383,0-3-3-0 Aana,20 Feet,20 Feet,,N/A Sq. Feet,1 year ago,"['Balcony', 'TV Cable', 'Wifi', 'Drainage', 'Water Supply', 'Water Tank']","House For Sale In Syuchatar,",House,1283.4375
"Apartment For Sale In Tripureshwor, Kathmandu","Tripureshwor, Tripureshwor, Kathmandu",Kathmandu,25000000,3,4,4.0,0,South East,,839,3000 Sq. Feet,13 Feet,13 Feet,,N/A Sq. Feet,1 year ago,"['Balcony', 'TV Cable', 'Wifi', 'Drainage', 'Water Supply', 'Water Tank']","Apartment For Sale In Tripureshwor,",Apartment,3000.0
"House For Sale In Balkhu, Kathmandu","Kumari Club, Balkhu, Kathmandu",Kathmandu,49500000,7,7,3.0,0,South,,695,9 Aana,10 Feet,10 Feet,,N/A Sq. Feet,1 year ago,"['Balcony', 'TV Cable', 'Wifi', 'Drainage', 'Water Supply', 'Solar Water', 'Water Tank']","House For Sale In Balkhu,",House,3080.25
"Land For Sale In Godawari, Lalitpur","Devi Chaur, Godawari, Lalitpur",Lalitpur,300000,0,0,,0,South East,,703,10-22-0-0 Ropani,20 Feet,20 Feet,,N/A Sq. Feet,1 year ago,[],"Land For Sale In Godawari,",Other,62289.5
"House For Sale In Kirtipur, Kirtipur","Bhatkeko Party, Kirtipur, Kathmandu",Kathmandu,18000000,4,4,2.0,0,South East,,783,6 Aana,20 Feet,20 Feet,,2045 Sq. Feet,1 year ago,"['Lawn', 'TV Cable', 'Wifi', 'Water Supply', 'Water Tank']",Satdobato,House,2053.5
"House For Sale In Baneshwor, Kathmandu","Behind Bicc Hall, Baneshwor, Kathmandu",Kathmandu,6000000,0,0,,0,South,,488,9.5 Aana,20 Feet,20 Feet,,N/A Sq. Feet,1 year ago,[],"House For Sale In Baneshwor,",House,3251.375
"Land For Sale In Bhaisepati, Lalitpur","Bhaisepati, Bhaisepati, Lalitpur",Lalitpur,2650000,0,0,,0,North,,362,8 Aana,13 Feet,13 Feet,,N/A Sq. Feet,1 year ago,[],"Land For Sale In Bhaisepati,",Other,2738.0
"House For Sale In Hattisar, Kathmandu","Hattisar, Hattisar, Kathmandu",Kathmandu,43500000,6,0,3.0,0,West,,375,0-3-2-1 Aana,20 Feet,20 Feet,,N/A Sq. Feet,1 year ago,"['TV Cable', 'Wifi', 'Drainage', 'Water Supply', 'Water Tank']","House For Sale In Hattisar,",House,1219.265625
"House For Sale In Lokanthali, Bhaktapur","Lokanthali, Lokanthali, Bhaktapur",Bhaktapur,35000000,14,4,3.0,0,East,,360,7.1 Aana,14 Feet,14 Feet,,N/A Sq. Feet,1 year ago,"['Balcony', 'TV Cable', 'Wifi', 'Water Supply', 'Water Tank']","House For Sale In Lokanthali,",House,2429.975
"House For Sale In Ravi Bhawan, Kathmandu","Ravi Bhawan, Ravi Bhawan, Kathmandu",Kathmandu,60000000,0,0,3.0,0,East,,594,12 Aana,13 Feet,13 Feet,,N/A Sq. Feet,1 year ago,"['Balcony', 'TV Cable', 'Wifi', 'Drainage', 'Water Tank']","House For Sale In Ravi Bhawan,",House,4107.0
"Land For Sale In Sankhamul, Kathmandu","Manidol, Sankhamul, Kathmandu",Kathmandu,4200000,0,0,,0,West,,476,22 Aana,20 Feet,20 Feet,,N/A Sq. Feet,1 year ago,[],"Land For Sale In Sankhamul,",Other,7529.5
"House For Sale In Swayambhu, Kathmandu","Halchowk, Swayambhu, Kathmandu",Kathmandu,13000000,4,2,,0,South,,623,4.8 Aana,16 Feet,16 Feet,,N/A Sq. Feet,1 year ago,[],"House For Sale In Swayambhu,",House,1642.8
"Land For Sale In Kalanki, Kathmandu","Kalanki, Kalanki, Kathmandu",Kathmandu,2700000,0,0,,0,North East,,299,7.3 Aana,13 Feet,13 Feet,,N/A Sq. Feet,1 year ago,[],"Land For Sale In Kalanki,",Other,2498.4249999999997
"Land For Sale In Kirtipur, Kirtipur","Bhatkya Party, Kirtipur, Kathmandu",Kathmandu,2100000,0,0,,0,North East,,302,6 Aana,22 Feet,22 Feet,,N/A Sq. Feet,1 year ago,[],Satdobato,Other,2053.5
"House For Sale In Kalanki, Kathmandu","Kalanki, Kalanki, Kathmandu",Kathmandu,38000000,7,4,3.0,4,East,,407,6.1 Aana,14 Feet,14 Feet,,N/A Sq. Feet,1 year ago,"['Balcony', 'TV Cable', 'Wifi', 'Drainage', 'Water Supply', 'Solar Water', 'Water Tank']","House For Sale In Kalanki,",House,2087.725
"Land For Sale In Tahachal, Kathmandu","Tahachal, Tahachal, Kathmandu",Kathmandu,3700000,0,0,,0,North East,,502,0-2-5-0 Aana,16 Feet,16 Feet,,N/A Sq. Feet,1 year ago,[],"Land For Sale In Tahachal,",Other,1112.3125
"Land For Sale In Hattiban, Lalitpur","Hattiban, Hattiban, Lalitpur",Lalitpur,2800000,0,0,,0,South,,329,7.1 Aana,20 Feet,20 Feet,,N/A Sq. Feet,1 year ago,[],"Land For Sale In Hattiban,",Other,2429.975
"House For Sale In Thulo Bharyang, Kathmandu","Thulo Bharyang, Thulo Bharyang, Kathmandu",Kathmandu,70000000,3,4,2.0,4,North West,,291,0-6-25-0 Aana,20 Feet,20 Feet,,N/A Sq. Feet,1 year ago,"['TV Cable', 'Wifi', 'Water Supply', 'Solar Water', 'Water Tank']","House For Sale In Thulo Bharyang,",House,4192.5625
"Business For Sale In Godawari, Lalitpur","Godawari, Godawari, Lalitpur",Lalitpur,251000000,0,0,,0,North East,,282,156.75 Aana,16 Feet,16 Feet,,N/A Sq. Feet,1 year ago,[],"Business For Sale In Godawari,",Other,53647.6875
"House For Sale In Kalanki, Kathmandu","Durga Nagar Colony, Kalanki, Kathmandu",Kathmandu,41500000,8,7,3.0,0,East,,654,0-7-5-0 Aana,14 Feet,14 Feet,,3300 Sq. Feet,1 year ago,[],"House For Sale In Kalanki,",House,2823.5625
"House For Sale In Dadikot, Bhaktapur","Dadikot, Dadikot, Bhaktapur",Bhaktapur,22500000,12,4,,0,South,,291,4 Aana,20 Feet,20 Feet,,2610 Sq. Feet,1 year ago,[],"House For Sale In Dadikot,",House,1369.0
"Land For Sale In Hattigauda, Kathmandu","Near Itali Chowk, Hattigauda, Kathmandu",Kathmandu,5500000,0,0,,0,South East,,281,0-7-0-0 Aana,20 Feet,20 Feet,,N/A Sq. Feet,1 year ago,[],"Land For Sale In Hattigauda,",Other,2395.75
"House For Sale In Thapathali, Kathmandu","Thapathali, Thapathali, Kathmandu",Kathmandu,40100000,5,2,2.0,0,East,,622,0-4-3-3 Aana,14 Feet,14 Feet,,N/A Sq. Feet,1 year ago,"['Balcony', 'TV Cable', 'Wifi', 'Drainage', 'Water Supply', 'Water Tank']","House For Sale In Thapathali,",House,1689.859375
"Land For Sale In Hattigauda, Kathmandu","Near VDC, Hattigauda, Kathmandu",Kathmandu,1800000,0,0,,0,South East,,371,0-15-0-0 Aana,16 Feet,16 Feet,,N/A Sq. Feet,1 year ago,[],"Land For Sale In Hattigauda,",Other,5133.75
"Office Space For Rent In Chabahil, Kathmandu","Near Dhumbarahi, Chabahil, Kathmandu",Kathmandu,975000,0,0,2.0,0,West,,266,12000 Sq. Feet,20 Feet,20 Feet,,N/A Sq. Feet,1 year ago,[],"Office Space For Rent In Chabahil,",Other,12000.0
"House For Sale In Thamel, Kathmandu","Cheetrapati Chowk, Thamel, Kathmandu",Kathmandu,65000000,23,16,7.0,4,West,,390,0-3-5-0-0 Aana,12 Feet,12 Feet,,N/A Sq. Feet,1 year ago,"['Balcony', 'TV Cable', 'Wifi', 'Drainage', 'Water Supply', 'Solar Water', 'Water Tank']","House For Sale In Thamel,",House,1454.5625
"Land For Sale In Durbar Marg, Kathmandu","Near ACE Travel, Durbar Marg, Kathmandu",Kathmandu,13000000,0,0,,0,North,,411,0-11-5-0 Aana,17 Feet,17 Feet,,N/A Sq. Feet,1 year ago,[],"Land For Sale In Durbar Marg,",Other,4192.5625
"Land For Sale In Tripureshwor, Kathmandu","Near Bluebird, Tripureshwor, Kathmandu",Kathmandu,13500000,0,0,,0,North East,,245,0-17-3-0 Aana,20 Feet,20 Feet,,N/A Sq. Feet,1 year ago,[],"Land For Sale In Tripureshwor,",Other,6074.9375
"Land For Sale In Durbar Marg, Kathmandu","Durbarmarg, Durbar Marg, Kathmandu",Kathmandu,13000000,0,0,,0,South East,,247,0-80-0-0 Aana,20 Feet,20 Feet,,N/A Sq. Feet,1 year ago,[],"Land For Sale In Durbar Marg,",Other,27380.0
"House For Rent In Mandikatar, Kathmandu","Mandikatar, Mandikatar, Kathmandu",Kathmandu,150000,4,3,3.0,3,West,,261,0-16-0-0 Aana,13 Feet,13 Feet,,N/A Sq. Feet,1 year ago,"['Balcony', 'TV Cable', 'Wifi', 'Water Supply', 'Water Tank']","House For Rent In Mandikatar,",House,5476.0
"Land For Sale In Hattigauda, Kathmandu","Hattigauda, Hattigauda, Kathmandu",Kathmandu,2500000,0,0,,0,North East,,744,0-6-0-0 Aana,12 Feet,12 Feet,,N/A Sq. Feet,1 year ago,[],"Land For Sale In Hattigauda,",Other,2053.5
"MULPANI : House For Sale In Mulpani, Kathmandu","nearby greenhill city, Mulpani, Kathmandu",Kathmandu,16500000,5,3,3.0,1,North,2073.0,7.4K,0-3-0-0 Aana,10 Feet,10 Feet,,650 Sq. Feet,1 year ago,"['Garage', 'Balcony', 'Fencing', 'Modular Kitchen', 'Drainage', 'Water Tank', 'Water Well']","Mulpani : House For Sale In Mulpani,",House,1026.75
"Land For Sale In Basbari, Kathmandu","Dharapati, Basbari, Kathmandu",Kathmandu,2700000,0,0,,0,South,,318,0-60-0-0 Aana,12 Feet,12 Feet,,N/A Sq. Feet,1 year ago,[],"Land For Sale In Basbari,",Other,20535.0
"Land For Sale In Baluwatar, Kathmandu","Near PM House, Baluwatar, Kathmandu",Kathmandu,4800000,0,0,,0,South East,,328,0-11-5-0 Aana,12 Feet,12 Feet,,N/A Sq. Feet,1 year ago,[],"Land For Sale In Baluwatar,",Other,4192.5625
"Land For Sale In Chapali, Kathmandu","Bhangal, Chapali, Kathmandu",Kathmandu,1850000,0,0,,0,North East,,498,20 Aana,15 Feet,15 Feet,,N/A Sq. Feet,1 year ago,[],"Land For Sale In Chapali,",Other,6845.0
"Land For Sale In Sanepa, Lalitpur","Sanepa Height, Sanepa, Lalitpur",Lalitpur,6800000,0,0,,0,East,,685,0-6-0-0 Aana,15 Feet,15 Feet,,N/A Sq. Feet,1 year ago,[],"Land For Sale In Sanepa,",Other,2053.5
"Apartment For Rent In Bishal Nagar, Kathmandu","Central park, Bishal Nagar, Kathmandu",Kathmandu,95000,2,2,,0,North,,447,1000 Sq. Feet,20 Feet,20 Feet,,N/A Sq. Feet,1 year ago,[],"Apartment For Rent In Bishal Nagar,",Apartment,1000.0
"Land For Sale In Thankot, Kathmandu","Chandragiri, Thankot, Kathmandu",Kathmandu,1750000,0,0,,0,South East,,384,8-0-0-0 Ropani,20 Feet,20 Feet,,N/A Sq. Feet,1 year ago,[],"Land For Sale In Thankot,",Other,43808.0
"House For Sale In Dhumbarahi, Kathmandu","Dhumbarahi Main chowk, Dhumbarahi, Kathmandu",Kathmandu,55000000,0,0,2.0,0,West,,484,0-4-5-0 Aana,20 Feet,20 Feet,,N/A Sq. Feet,1 year ago,[],"House For Sale In Dhumbarahi,",House,1796.8125
"Land For Sale In Chundevi, Kathmandu","Chundevi, Chundevi, Kathmandu",Kathmandu,6000000,0,0,,0,South East,,441,0-4-0-0 Aana,12 Feet,12 Feet,,N/A Sq. Feet,1 year ago,[],"Land For Sale In Chundevi,",Other,1369.0
"Office Space For Rent In Nag Pokhari, Kathmandu","Nag pokhri, Nag Pokhari, Kathmandu",Kathmandu,270000,0,0,,0,South East,,272,2000 Sq. Feet,20 Feet,20 Feet,,N/A Sq. Feet,1 year ago,[],"Office Space For Rent In Nag Pokhari,",Other,2000.0
"Land For Sale In Bhangal, Kathmandu","Bhangal, Bhangal, Kathmandu",Kathmandu,1600000,0,0,,0,South East,,376,2-0-0-0 Ropani,15 Feet,15 Feet,,N/A Sq. Feet,1 year ago,[],"Land For Sale In Bhangal,",Other,10952.0
"Land For Sale In Budhanilkantha, Kathmandu","Washi, Budhanilkantha, Kathmandu",Kathmandu,2100000,0,0,,0,East,,288,1-0-0-0 Ropani,15 Feet,15 Feet,,N/A Sq. Feet,1 year ago,[],"Land For Sale In Budhanilkantha,",Other,5476.0
"Land For Sale In Budhanilkantha, Kathmandu","Siddhartha Colony, Budhanilkantha, Kathmandu",Kathmandu,2600000,0,0,,0,North East,,442,0-4-0-0 Aana,20 Feet,20 Feet,,N/A Sq. Feet,1 year ago,[],"Land For Sale In Budhanilkantha,",Other,1369.0
"Land For Sale In Dakshinkali, Kathmandu","Dakshinkali, Dakshinkali, Kathmandu",Kathmandu,3200000,0,0,,0,South East,,318,2-0-0-0 Ropani,0 Feet,0 Feet,,N/A Sq. Feet,1 year ago,[],"Land For Sale In Dakshinkali,",Other,10952.0
"Land For Sale In Budhanilkantha, Kathmandu","Budhanilkantha, Budhanilkantha, Kathmandu",Kathmandu,2500000,0,0,,0,South East,,302,0-5-0-0 Aana,12 Feet,12 Feet,,N/A Sq. Feet,1 year ago,[],"Land For Sale In Budhanilkantha,",Other,1711.25
"House For Sale In Dhapasi, Kathmandu","Near grande hospital, Dhapasi, Kathmandu",Kathmandu,26000000,4,3,3.0,0,West,,382,0-5-5-0 Aana,15 Feet,15 Feet,,N/A Sq. Feet,1 year ago,"['Garden', 'TV Cable', 'Wifi', 'Drainage', 'Water Supply', 'Water Tank']","House For Sale In Dhapasi,",House,2139.0625
"Land For Sale In Putalisadak, Kathmandu","Near Star Mall, Putalisadak, Kathmandu",Kathmandu,5100000,0,0,,0,East,,483,0-3-2-0 Aana,13 Feet,13 Feet,,N/A Sq. Feet,1 year ago,[],"Land For Sale In Putalisadak,",Other,1197.875
"House For Rent In Naxal, Kathmandu","Near bhatbhaten, Naxal, Kathmandu",Kathmandu,400000,0,0,,0,South,,383,24 Aana,20 Feet,20 Feet,,N/A Sq. Feet,1 year ago,"['Balcony', 'Frontyard', 'Drainage', 'Water Supply', 'Water Tank']","House For Rent In Naxal,",House,8214.0
"Office Space For Rent In Hadigaun, Kathmandu","Near Tangal, Hadigaun, Kathmandu",Kathmandu,160000,4,3,3.0,1,South,,344,20 Aana,15 Feet,15 Feet,,N/A Sq. Feet,1 year ago,"['Balcony', 'Frontyard', 'Drainage', 'Water Supply', 'Water Tank']","Office Space For Rent In Hadigaun,",Other,6845.0
"House For Sale In Harisiddhi, Lalitpur","Harisiddhi, Harisiddhi, Lalitpur",Lalitpur,33000000,8,7,3.5,2,East,2075.0,13.3K,7.1 Aana,10 Feet,10 Feet,,3400 Sq. Feet,1 year ago,"['Garage', 'Backyard', 'Fencing', 'Frontyard', 'Garden', 'TV Cable', 'Drainage', 'Water Supply', 'Solar Water', 'Water Well']","House For Sale In Harisiddhi,",House,2429.975
"House For Rent In Grande Villa, Kathmandu","Tokha, Grande Villa, Kathmandu",Kathmandu,45000,4,3,2.0,1,East,,496,4 Aana,0 Feet,0 Feet,,N/A Sq. Feet,1 year ago,"['Balcony', 'Frontyard', 'Drainage', 'Water Supply', 'Water Tank']","House For Rent In Grande Villa,",House,1369.0
"House For Rent In Naxal, Kathmandu","Tangal, Naxal, Kathmandu",Kathmandu,250000,4,3,2.0,1,West,,295,24 Aana,20 Feet,20 Feet,,N/A Sq. Feet,1 year ago,"['Balcony', 'Frontyard', 'Modular Kitchen', 'Wifi', 'Drainage', 'Water Supply', 'Water Tank']","House For Rent In Naxal,",House,8214.0
"House For Rent In Baluwatar, Kathmandu","Near Russian Embassy, Baluwatar, Kathmandu",Kathmandu,525000,5,5,3.0,1,East,,392,3000 Sq. Feet,16 Feet,16 Feet,,N/A Sq. Feet,1 year ago,"['Balcony', 'Frontyard', 'Garden', 'Modular Kitchen', 'Drainage', 'Water Supply', 'Water Tank']","House For Rent In Baluwatar,",House,3000.0
"House For Rent In Hattigauda, Kathmandu","Hattigauda Chowk, Hattigauda, Kathmandu",Kathmandu,55000,0,2,2.0,1,East,,682,2000 Sq. Feet,15 Feet,15 Feet,,N/A Sq. Feet,1 year ago,"['Balcony', 'Frontyard', 'Drainage', 'Water Supply', 'Water Tank']","House For Rent In Hattigauda,",House,2000.0
"House For Rent In Lazimpat, Kathmandu","Near Radisson Hotel, Lazimpat, Kathmandu",Kathmandu,350000,0,0,,0,South East,,279,1-8-0-0 Ropani,20 Feet,20 Feet,,N/A Sq. Feet,1 year ago,"['Balcony', 'Frontyard', 'Drainage', 'Water Supply', 'Water Tank']","House For Rent In Lazimpat,",House,8214.0
"House For Sale In Hattigauda, Kathmandu","Budhanilkantha, Hattigauda, Kathmandu",Kathmandu,55000000,4,4,2.0,2,East,2066.0,7.1K,0-7-2-0 Aana,13 Feet,13 Feet,,N/A Sq. Feet,1 year ago,"['Backyard', 'Balcony', 'Frontyard', 'Garden', 'Modular Kitchen', 'TV Cable', 'Wifi', 'Drainage', 'Water Supply', 'Solar Water', 'Water Tank', 'Water Well']","House For Sale In Hattigauda,",House,2566.875
"Land For Rent In Chabahil, Kathmandu","Gaurighat, Chabahil, Chabahil, Kathmandu",Kathmandu,350000,14,4,,10,South,2009.0,1.2K,35 Aana,20 Feet,20 Feet,,N/A Sq. Feet,1 year ago,"['Garage', 'Backyard', 'Fencing', 'Frontyard', 'Water Supply']","Land For Rent In Chabahil,",Other,11978.75
"Business For Sale In Pokhara, Pokhara","Near, Tika Resort, Pokhara, Pokhara",Kathmandu,3500000,0,0,,0,South East,,1.6K,2900 Sq. Feet,20 Feet,20 Feet,,N/A Sq. Feet,1 year ago,"['Frontyard', 'Wifi', 'Drainage', 'Water Supply']",Satdobato,Other,2900.0
"Land For Sale In Ravi Bhawan, Kathmandu","Near Lincoln School, Ravi Bhawan, Kathmandu",Kathmandu,5500000,0,0,,0,East,,437,0-11-0-0 Aana,13 Feet,13 Feet,,N/A Sq. Feet,1 year ago,[],"Land For Sale In Ravi Bhawan,",Other,3764.75
"Land For Sale In Chandol, Kathmandu","Kundalini, Chandol, Kathmandu",Kathmandu,4500000,0,0,,0,South,,399,0-7-0-0 Aana,13 Feet,13 Feet,,N/A Sq. Feet,1 year ago,[],"Land For Sale In Chandol,",Other,2395.75
"CIVIL HOMES PHASE III : House For Rent In Kalanki, Kathmandu","Tinthana, Kalanki, Kathmandu",Kathmandu,100000,6,3,5.0,2,East,2067.0,2.4K,0-7-2-0 Aana,20 Feet,20 Feet,,1900 Sq. Feet,1 year ago,"['Lawn', 'Garage', 'Backyard', 'Balcony', 'Fencing', 'Frontyard', 'Garden', 'Gym', 'Modular Kitchen', 'Swimming Pool', 'TV Cable', 'Washing Machine', 'Wifi', 'Drainage', 'Water Supply', 'Solar Water']","Civil Homes Phase Iii : House For Rent In Kalanki,",House,2566.875
"Business For Sale In Lakeside, Pokhara","Kaski, Lakeside, Pokhara",Kathmandu,600000000,0,0,,0,South East,,669,3-5-0-0 Ropani,25 Feet,25 Feet,,N/A Sq. Feet,1 year ago,[],Satdobato,Other,18139.25
"Business For Sale In Dhading, Dhading","Charaudi, Benighat Rorang Gaupalika, Dhading, Dhading",Kathmandu,62000000,0,0,,0,South,,330,4-3-0-0 Ropani,25 Feet,25 Feet,,N/A Sq. Feet,1 year ago,[],Satdobato,Other,22930.75
"Land For Sale In Sarankot, Pokhara","Kaski, Sarankot, Pokhara",Kathmandu,14000000,0,0,,0,South East,,359,40-0-0-0 Ropani,20 Feet,20 Feet,,N/A Sq. Feet,1 year ago,[],Satdobato,Other,219040.0
"Business For Sale In Thamel, Kathmandu","Thamel, Thamel, Kathmandu",Kathmandu,240000000,0,0,,0,West,,514,0-22-0-0 Aana,6 Meter,6 Meter,,N/A Sq. Feet,1 year ago,[],"Business For Sale In Thamel,",Other,7529.5
"Land For Sale In Kakarbhitta, Jhapa","Mechi Municipality, Kakarbhitta, Jhapa",Kathmandu,10000000,0,0,,0,East,,463,0-9-5-0 Kattha,25 Feet,25 Feet,,N/A Sq. Feet,1 year ago,[],Satdobato,Other,3508.0625
"COMMERCIAL BUILDING : House For Sale In Pepsicola, Kathmandu","Suncity, Pepsicola, Kathmandu",Kathmandu,110000000,0,13,5.0,12,South East,2073.0,4.4K,0-11-0-0 Aana,23 Feet,23 Feet,,11000 Sq. Feet,1 year ago,"['Drainage', 'Water Supply']","Commercial Building : House For Sale In Pepsicola,",House,3764.75
"Business For Sale In Lakeside, Pokhara","Kaski, Lakeside, Pokhara",Kathmandu,350000000,0,0,,0,South,,1.2K,0-30-0-0 Aana,11 Meter,11 Meter,,N/A Sq. Feet,1 year ago,[],Satdobato,Other,10267.5
"Land For Sale In Mahalaxmi Nagarpalika, Lalitpur","Lamatar Lakuri Bhanjyang., Mahalaxmi Nagarpalika, Lalitpur",Lalitpur,4550000,0,0,,0,South East,,550,55-0-0-0 Ropani,9 Meter,9 Meter,,N/A Sq. Feet,1 year ago,[],"Land For Sale In Mahalaxmi Nagarpalika,",Other,301180.0
"House For Rent In Hattiban, Lalitpur","Nearby, Nepal Cancer Hospital, Hattiban, Lalitpur",Lalitpur,1000001,0,0,,0,South East,,312,2000 Sq. Feet,9 Meter,9 Meter,,N/A Sq. Feet,1 year ago,[],"House For Rent In Hattiban,",House,2000.0
"Land For Sale In Lazimpat, Kathmandu","Bigmart, Lazimpat, Kathmandu",Kathmandu,15000000,0,0,,0,East,,1.2K,0-9-0-0 Aana,11 Meter,11 Meter,,N/A Sq. Feet,1 year ago,[],"Land For Sale In Lazimpat,",Other,3080.25
"Residential Land At Innovative Colony : Land For Sale In Hattiban, Lalitpur","Hattiban, Hattiban, Lalitpur",Lalitpur,2800000,0,0,,0,South,,2.6K,8 Aana,24 Feet,24 Feet,,2890 Sq. Feet,1 year ago,[],"Residential Land At Innovative Colony : Land For Sale In Hattiban,",Other,2738.0
"54 Aana Commercial Land : Land For Sale In Maharajgunj, Kathmandu","Maharajgunj, Maharajgunj, Kathmandu",Kathmandu,5800000,0,0,,0,North,,2.3K,54 Aana,32 Feet,32 Feet,,N/A Sq. Feet,1 year ago,[],"54 Aana Commercial Land : Land For Sale In Maharajgunj,",Other,18481.5
"Residential Cum Commercial House : House For Rent In Sanepa, Lalitpur","Sanepa, Sanepa, Lalitpur",Lalitpur,100000,7,3,3.0,2,North East,,4K,8 Aana,15 Feet,15 Feet,,N/A Sq. Feet,1 year ago,"['Lawn', 'Garage', 'Balcony', 'Deck', 'Fencing', 'Frontyard', 'Modular Kitchen', 'TV Cable', 'Drainage', 'Water Supply']","Residential Cum Commercial House : House For Rent In Sanepa,",House,2738.0
"2 Room For Office Purpose : Flat For Rent In Pulchowk, Lalitpur","Hariharbhawan, Pulchowk, Lalitpur",Lalitpur,15500,2,1,,0,South West,,1.8K,300 Sq. Feet,11 Feet,11 Feet,,N/A Sq. Feet,1 year ago,"['Fencing', 'Frontyard', 'Wifi', 'Drainage', 'Water Supply']","2 Room For Office Purpose : Flat For Rent In Pulchowk,",Flat,300.0
"Land For Sale In Budhanilkantha, Kathmandu","behind budanilkantha school, Budhanilkantha, Kathmandu",Kathmandu,1500000,0,0,,0,North,,657,5-0-0-0 Ropani,15 Feet,15 Feet,,N/A Sq. Feet,1 year ago,[],"Land For Sale In Budhanilkantha,",Other,27380.0
"Semi Furnished House : House For Rent In Khumaltar, Lalitpur","Khumaltar, Khumaltar, Lalitpur",Lalitpur,75000,5,5,3.0,3,East,2012.0,6.4K,9 Aana,13 Feet,13 Feet,,N/A Aana,1 year ago,"['Garage', 'Backyard', 'Balcony', 'Deck', 'Fencing', 'Frontyard', 'Garden', 'Modular Kitchen', 'Drainage', 'Water Supply']","Semi Furnished House : House For Rent In Khumaltar,",House,3080.25
"Residential, Good For Investment : Land For Sale In Mulpani, Kathmandu","Mulpani, Mulpani, Kathmandu",Kathmandu,1600000,0,0,,0,North East,,2.4K,0-3-2-0 Aana,13 Feet,13 Feet,,N/A Sq. Feet,1 year ago,[],"Residential, Good For Investment : Land For Sale In Mulpani,",Other,1197.875
"Land For Sale In Mulpani, Kathmandu","Dachii, Mulpani, Kathmandu",Kathmandu,875000,0,0,,0,South East,,673,4 Aana,13 Feet,13 Feet,,N/A Sq. Feet,1 year ago,[],"Land For Sale In Mulpani,",Other,1369.0
"Apartment For Sale In Jhamsikhel, Lalitpur","jhamsikhel, Jhamsikhel, Lalitpur",Lalitpur,12500000,2,1,1.0,1,East,,6.8K,683 Sq. Feet,20 Feet,20 Feet,,N/A Sq. Feet,1 year ago,"['Balcony', 'Garden', 'Gym', 'Microwave', 'Modular Kitchen', 'Swimming Pool', 'TV Cable', 'Washing Machine', 'Wifi', 'Water Supply', 'Solar Water']","Apartment For Sale In Jhamsikhel,",Apartment,683.0
"Land For Sale In Gothatar, Kathmandu","Ward-7 Office, Gothatar, Kathmandu",Kathmandu,2000000,0,0,,0,West,,401,0-4-2-2 Aana,10 Feet,10 Feet,,N/A Sq. Feet,1 year ago,[],"Land For Sale In Gothatar,",Other,1582.90625
"Land For Sale In Gothatar, Kathmandu","Near, Kadaghari, Gothatar, Kathmandu",Kathmandu,2200000,0,0,,0,South,,429,7 Aana,18 Feet,18 Feet,,N/A Sq. Feet,1 year ago,[],"Land For Sale In Gothatar,",Other,2395.75
"Land For Sale In Pepsicola, Kathmandu","TownPlanning, Pepsicola, Kathmandu",Kathmandu,4500000,0,0,,0,North,,465,0-4-2-0 Aana,6 Meter,6 Meter,,N/A Sq. Feet,1 year ago,[],"Land For Sale In Pepsicola,",Other,1540.125
"Luxurious Bungalow : House For Sale In Budhanilkantha, Kathmandu","Near Budhanilkantha School, Budhanilkantha, Kathmandu",Kathmandu,110000000,4,6,2.5,5,South East,2074.0,44.2K,17.3 Aana,20 Feet / Blacktopped,20 Feet , Blacktopped,0.4.1.1 Aana,1 year ago,"['Lawn', 'Garage', 'Backyard', 'Balcony', 'Deck', 'Frontyard', 'Garden', 'Gym', 'Modular Kitchen', 'TV Cable', 'Wifi', 'Drainage', 'Water Supply', 'Solar Water', 'Water Tank', 'Water Well']","Luxurious Bungalow : House For Sale In Budhanilkantha,",Bungalow,5920.925
"Bungalow At Mandikatar : House For Sale In Budhanilkantha, Kathmandu","Mandikatar, Budhanilkantha, Kathmandu",Kathmandu,62500000,5,4,3.0,4,West,2060.0,3.6K,0-15-0-0 Aana,13 Feet,13 Feet,,4000 Sq. Feet,1 year ago,"['Lawn', 'Garage', 'Backyard', 'Balcony', 'Deck', 'Fencing', 'Frontyard', 'Garden', 'Modular Kitchen', 'TV Cable', 'Wifi', 'Drainage', 'Water Supply', 'Water Tank', 'Water Well']","Bungalow At Mandikatar : House For Sale In Budhanilkantha,",Bungalow,5133.75
"13 Aana : Land For Sale In Baneshwor, Kathmandu","Baneshwor Height, Baneshwor, Kathmandu",Kathmandu,5200000,0,0,,0,North West,,5.7K,0-13-0-0 Aana,18 Feet,18 Feet,,N/A Sq. Feet,1 year ago,"['Drainage', 'Water Supply']","13 Aana : Land For Sale In Baneshwor,",Other,4449.25
"22 Aana Land : Land For Sale In Tikathali, Lalitpur","Tikathali, Tikathali, Lalitpur",Lalitpur,1550000,0,0,,0,North East,,2.3K,1-6-0-0 Aana,22 Feet,22 Feet,,22 Aana,1 year ago,[],"22 Aana Land : Land For Sale In Tikathali,",Other,7529.5
"Apartment At 4th Floor : Apartment For Sale In Bhaisepati, Lalitpur","Janata Awas, Bhaisepati, Lalitpur",Lalitpur,13000000,3,2,4.0,1,North West,2070.0,1.6K,12-0-0-0 Ropani,28 Feet,28 Feet,,1350 Sq. Feet,1 year ago,"['Garage', 'Balcony', 'Deck', 'Fencing', 'Frontyard', 'Modular Kitchen', 'Wifi', 'Water Supply']","Apartment At 4Th Floor : Apartment For Sale In Bhaisepati,",Apartment,65712.0
"Apartment For Sale : Apartment For Sale In Bhaisepati, Lalitpur","Janata Awas, Bhaisepati, Lalitpur",Lalitpur,13000000,3,2,4.0,1,North West,2013.0,1.7K,12-0-0-0 Ropani,28 Feet,28 Feet,,1350 Sq. Feet,1 year ago,"['Garage', 'Balcony', 'Fencing', 'Modular Kitchen', 'TV Cable', 'Wifi', 'Water Supply']","Apartment For Sale : Apartment For Sale In Bhaisepati,",Apartment,65712.0
"2.5 Storey House : House For Sale In Lokanthali, Bhaktapur","Lokanthali, Lokanthali, Bhaktapur",Bhaktapur,35000000,6,3,3.0,2,North East,2050.0,4.9K,0-7-2-0 Aana,18 Feet,18 Feet,,N/A Sq. Feet,1 year ago,"['Garage', 'Backyard', 'Balcony', 'Deck', 'Fencing', 'Frontyard', 'Modular Kitchen', 'TV Cable', 'Wifi', 'Drainage', 'Water Supply']","2.5 Storey House : House For Sale In Lokanthali,",House,2566.875
"2.5 Storey House : House For Sale In Budhanilkantha, Kathmandu","Mathilo Bhangal, Budhanilkantha, Kathmandu",Kathmandu,36500000,4,5,3.0,4,South,2075.0,5.5K,0-11-3-0 Aana,18 Feet,18 Feet,,2698 Sq. Feet,1 year ago,"['Lawn', 'Garage', 'Backyard', 'Balcony', 'Deck', 'Fencing', 'Frontyard', 'Garden', 'Modular Kitchen', 'Wifi', 'Water Supply', 'Water Tank', 'Water Well']","2.5 Storey House : House For Sale In Budhanilkantha,",House,4021.4375
"House For Sale In Budhanilkantha, Kathmandu","Bisnumati pool,Narayanthan, Budhanilkantha, Kathmandu",Kathmandu,26000000,5,5,,2,North East,,1.4K,0-5-0-0 Aana,15 Feet,15 Feet,,N/A Sq. Feet,1 year ago,"['Balcony', 'Frontyard', 'Garden', 'Modular Kitchen', 'Wifi', 'Drainage', 'Water Supply', 'Solar Water', 'Water Tank', 'Water Well']","House For Sale In Budhanilkantha,",House,1711.25
"House For Sale In Budhanilkantha, Kathmandu","Narayanthan Tusal , Bisnumati pool, Budhanilkantha, Kathmandu",Kathmandu,11000000,4,1,,1,South,,1.8K,0-3-2-0 Aana,15 Feet,15 Feet,,N/A Sq. Feet,1 year ago,"['Frontyard', 'Drainage', 'Water Supply', 'Water Tank', 'Water Well']","House For Sale In Budhanilkantha,",House,1197.875
"House For Sale In Manamaiju, Kathmandu","Tushal Chowk, Manamaiju, Kathmandu",Kathmandu,19000000,8,2,,1,East,,596,0-4-0-0 Aana,15 Feet,15 Feet,,N/A Sq. Feet,1 year ago,"['Drainage', 'Water Supply', 'Water Tank', 'Water Well']","House For Sale In Manamaiju,",House,1369.0
"House For Sale In Budhanilkantha, Kathmandu","Bishnumati-Pool, Narayanthan, Budhanilkantha, Kathmandu",Kathmandu,25000000,5,5,,2,North,,1.2K,0-5-0-0 Aana,15 Feet,15 Feet,,N/A Sq. Feet,1 year ago,"['Backyard', 'Balcony', 'Frontyard', 'Garden', 'Modular Kitchen', 'TV Cable', 'Wifi', 'Drainage', 'Water Supply', 'Water Tank', 'Water Well']","House For Sale In Budhanilkantha,",House,1711.25
"House For Sale In Baniyatar, Kathmandu","Chowk,Mahanagarpalika,, Baniyatar, Kathmandu",Kathmandu,20000000,12,4,,2,South East,,635,0-5-0-0 Aana,15 Feet,15 Feet,,N/A Sq. Feet,1 year ago,"['Balcony', 'Frontyard', 'TV Cable', 'Wifi', 'Drainage', 'Water Supply', 'Water Tank', 'Water Well']","House For Sale In Baniyatar,",House,1711.25
"Land For Sale In Thamel, Kathmandu","thamel, Thamel, Kathmandu",Kathmandu,15000000,0,0,,0,East,,2.8K,0-4-0-0 Aana,0 Feet,0 Feet,,N/A Sq. Feet,1 year ago,[],"Land For Sale In Thamel,",Other,1369.0
"House For Sale In Pasikot, Kathmandu","Budhanilkantha, Pasikot, Kathmandu",Kathmandu,29000000,7,5,,2,North,2075.0,13.6K,5 Aana,12 Feet,12 Feet,,2464.12 Aana,1 year ago,"['Lawn', 'Balcony', 'Fencing', 'Frontyard', 'Water Supply', 'Water Tank', 'Water Well']","House For Sale In Pasikot,",House,1711.25
"Land For Sale In Chapali, Kathmandu","chapali, Chapali, Kathmandu",Kathmandu,2200000,0,0,,0,South West,,3K,0-4-3-0 Aana,13 Feet,13 Feet,,N/A Sq. Feet,1 year ago,[],"Land For Sale In Chapali,",Other,1625.6875
"Land For Sale In Budhanilkantha, Kathmandu","Near Budanilkantha School, Budhanilkantha, Kathmandu",Kathmandu,1850000,0,0,,0,East,,5.4K,0-6-0-0 Aana,0 Feet,0 Feet,,N/A Sq. Feet,1 year ago,[],"Land For Sale In Budhanilkantha,",Other,2053.5
"Land At Bhaisepati : Land For Sale In Bhaisepati, Lalitpur","Binayak Height, Bhaisepati, Lalitpur",Lalitpur,3500000,0,0,,0,South,,1.2K,0-5-0-0 Aana,13 Feet,13 Feet,,N/A Sq. Feet,1 year ago,[],"Land At Bhaisepati : Land For Sale In Bhaisepati,",Other,1711.25
"Land At Baneshwor : Land For Sale In Baneshwor, Kathmandu","New Baneshwor, Baneshwor, Kathmandu",Kathmandu,6000000,0,0,,0,East,,4K,0-8-1-0 Aana,16 Feet,16 Feet,,N/A Sq. Feet,1 year ago,[],"Land At Baneshwor : Land For Sale In Baneshwor,",Other,2823.5625
"PERFECT HOMES : House For Sale In Bhaisepati, Lalitpur","Gokul Awas, Bhaisepati, Lalitpur",Lalitpur,29000000,3,2,,1,South,2075.0,24.7K,0-4-1-0 Aana,15 Feet,15 Feet,,890 Aana,1 year ago,"['Lawn', 'Balcony', 'Fencing', 'Garden', 'Modular Kitchen', 'TV Cable', 'Wifi', 'Drainage', 'Water Supply', 'Solar Water', 'Water Tank', 'Water Well']","Perfect Homes : House For Sale In Bhaisepati,",House,1454.5625
"Land At Bhaisepati : Land For Sale In Bhaisepati, Lalitpur","Binayak height, Bhaisepati, Lalitpur",Lalitpur,3800000,0,0,,0,South East,,1.4K,0-5-0-0 Aana,13 Feet,13 Feet,,N/A Sq. Feet,1 year ago,[],"Land At Bhaisepati : Land For Sale In Bhaisepati,",Other,1711.25
"Land At Bhaisepati : Land For Sale In Bhaisepati, Lalitpur","Bhaisepati Awas, Bhaisepati, Lalitpur",Lalitpur,5500000,0,0,,0,East,,903,0-5-0-0 Aana,0 Feet,0 Feet,,N/A Sq. Feet,1 year ago,[],"Land At Bhaisepati : Land For Sale In Bhaisepati,",Other,1711.25
"Land At Bhaisepati : Land For Sale In Bhaisepati, Lalitpur","Bhaisepati Awas, Bhaisepati, Lalitpur",Lalitpur,5500000,0,0,,0,East,,1.7K,0-6-0-0 Aana,0 Feet,0 Feet,,N/A Sq. Feet,1 year ago,[],"Land At Bhaisepati : Land For Sale In Bhaisepati,",Other,2053.5
"Land At Bhaisepati : Land For Sale In Bhaisepati, Lalitpur","Bhaisepati Awas, Bhaisepati, Lalitpur",Lalitpur,5500000,0,0,,0,West,,1.7K,4 Aana,0 Feet,0 Feet,,N/A Sq. Feet,1 year ago,[],"Land At Bhaisepati : Land For Sale In Bhaisepati,",Other,1369.0
"Land At Bhaisepati : Land For Sale In Bhaisepati, Lalitpur","Bhaisepati, Bhaisepati, Lalitpur",Lalitpur,5500000,0,0,,0,West,,1.7K,8 Aana,20 Feet,20 Feet,,N/A Sq. Feet,1 year ago,['Water Supply'],"Land At Bhaisepati : Land For Sale In Bhaisepati,",Other,2738.0
"House For Sale In Dhapakhel, Lalitpur","Dhapakhel, Kathmandu, Dhapakhel, Lalitpur",Lalitpur,25000000,6,3,,2,North,2074.0,953,0-5-1-3 Sq. Feet,10 Feet,10 Feet,,0-4-0-0 Aana,1 year ago,"['Balcony', 'Water Supply']","House For Sale In Dhapakhel,",House,1860.984375
"House For Sale In Godawari, Lalitpur","Taukhel, near Godawari village resort, Godawari, Lalitpur",Lalitpur,40000000,6,4,,3,East,2069.0,1.3K,0-12-0-0 Aana,10 Feet,10 Feet,,0-6-0-0 Aana,1 year ago,"['Lawn', 'Balcony', 'Fencing', 'Frontyard', 'Garden', 'Drainage', 'Water Supply']","House For Sale In Godawari,",House,4107.0
"Land For Sale In Panchkhal, Kavre","panchkhal, Panchkhal, Kavre",Kathmandu,350000,0,0,,0,North,,978,1-0-0-0 Ropani,16 Feet,16 Feet,,N/A Sq. Feet,1 year ago,[],Satdobato,Other,5476.0
"Land For Sale In Koteshwor, Kathmandu","Koteshwor, Bhatbhateni, Koteshwor, Kathmandu",Kathmandu,4500000,0,0,,0,North,,798,0-6-2-0 Aana,20 Feet,20 Feet,,N/A Sq. Feet,1 year ago,[],"Land For Sale In Koteshwor,",Other,2224.625
"Land For Sale In Kavresthali, Kathmandu","Kavresthali, Kavresthali, Kathmandu",Kathmandu,700000,0,0,,0,East,,1.5K,0-5-1-2 Aana,13 Feet,13 Feet,,N/A Sq. Feet,1 year ago,[],"Land For Sale In Kavresthali,",Other,1839.59375
"House For Sale In Ghari Patan, Pokhara","Gharipatan , Pokhara, Ghari Patan, Pokhara",Kathmandu,30000000,5,4,,3,East,,1.4K,0-6-0-0 Aana,18 Feet,18 Feet,,N/A Sq. Feet,1 year ago,"['Balcony', 'Fencing', 'Frontyard']",Satdobato,House,2053.5
"House For Sale In Shrijana Chowk, Pokhara","Shrijana Chowk, Pokhara, Shrijana Chowk, Pokhara",Kathmandu,80000000,5,6,,3,East,2065.0,873,12 Aana,0 Feet,0 Feet,,N/A Sq. Feet,1 year ago,[],Satdobato,House,4107.0
"Land For Sale In Raam Bazar, Pokhara","Raambazar Pokhara, Raam Bazar, Pokhara",Kathmandu,25000000,0,0,,0,East,,534,14 Aana,14 Feet,14 Feet,,N/A Sq. Feet,1 year ago,[],Satdobato,Other,4791.5
"House For Sale In Sitapaila, Kathmandu","Sitapaila, Dada Pauwa, Sitapaila, Kathmandu",Kathmandu,18000000,4,2,,2,South,,1.2K,0-3-2-0 Aana,13 Feet,13 Feet,,N/A Sq. Feet,1 year ago,['Water Supply'],"House For Sale In Sitapaila,",House,1197.875
"House For Sale In Hattiban, Lalitpur","Hattiban, Hattiban, Lalitpur",Lalitpur,23000000,7,3,,2,North East,,948,0-5-2-2 Aana,16 Feet,16 Feet,,N/A Sq. Feet,1 year ago,[],"House For Sale In Hattiban,",House,1925.15625
"House For Sale In Dhapasi, Kathmandu","Dhapasi, kathmandu, Dhapasi, Kathmandu",Kathmandu,35000000,0,0,,0,East,,568,0-11-0-0 Aana,20 Feet,20 Feet,,N/A Sq. Feet,1 year ago,"['Lawn', 'Frontyard', 'Garden', 'Water Supply']","House For Sale In Dhapasi,",House,3764.75
"House For Sale In Baluwatar, Kathmandu","Baluwatar, Baluwatar, Kathmandu",Kathmandu,35000000,11,6,,2,East,,1.2K,0-7-0-0 Aana,20 Feet,20 Feet,,N/A Aana,1 year ago,[],"House For Sale In Baluwatar,",House,2395.75
"Business For Sale In Baneshwor, Kathmandu","Baneshwor, Baneshwor, Kathmandu",Kathmandu,45000000,6,4,,0,East,,405,0-4-0-0 Aana,30 Feet,30 Feet,,5472 Sq. Feet,1 year ago,[],"Business For Sale In Baneshwor,",Other,1369.0
"House For Sale In Sitapaila, Kathmandu","Sitapaila, Sitapaila, Kathmandu",Kathmandu,29500000,4,3,,2,West,,1.5K,0-7-0-0 Sq. Feet,20 Feet,20 Feet,,N/A Sq. Feet,1 year ago,"['Garden', 'Water Supply']","House For Sale In Sitapaila,",House,2395.75
"House For Sale In Bhaisepati, Lalitpur","Bhaisepati, Bhaisepati, Lalitpur",Lalitpur,21000000,10,5,,2,North East,,1.5K,0-4-2-0 Aana,16 Feet,16 Feet,,N/A Sq. Feet,1 year ago,['Water Supply'],"House For Sale In Bhaisepati,",House,1540.125
"House For Sale In Bhaisepati, Lalitpur","Bhaisepati, Bhaisepati, Lalitpur",Lalitpur,28000000,12,5,,1,North,,484,0-4-2-0 Aana,13 Feet,13 Feet,,N/A Sq. Feet,1 year ago,['Water Supply'],"House For Sale In Bhaisepati,",House,1540.125
"Apartment At LP Tower : Apartment For Rent In Lazimpat, Kathmandu","Lazimpat, Lazimpat, Kathmandu",Kathmandu,200000,4,5,,2,North East,2067.0,5.5K,3600 Sq. Feet,0 Feet,0 Feet,,3600 Sq. Feet,1 year ago,"['Lawn', 'Garage', 'Balcony', 'Deck', 'Fencing', 'Frontyard', 'Gym', 'Modular Kitchen', 'TV Cable', 'Washing Machine', 'Wifi', 'Drainage', 'Water Supply']","Apartment At Lp Tower : Apartment For Rent In Lazimpat,",Apartment,3600.0
"Business For Sale In Jamal, Kathmandu","Jamal, Jamal, Kathmandu",Kathmandu,170000000,0,0,,0,West,,552,0-7-0-0 Aana,30 Feet,30 Feet,,2000 Sq. Feet,1 year ago,[],"Business For Sale In Jamal,",Other,2395.75
"Land For Sale In Chabahil, Kathmandu","CHABAHIL, Chabahil, Kathmandu",Kathmandu,3600000,0,0,,0,North,,3.9K,2-1-0-0 Ropani,20 Feet,20 Feet,,N/A Sq. Feet,1 year ago,[],"Land For Sale In Chabahil,",Other,11294.25
"House For Sale In Sitapaila, Kathmandu","sitapaila, Sitapaila, Kathmandu",Kathmandu,11700000,0,0,,0,East,,625,0-3-1-1 Aana,12 Feet,12 Feet,,N/A Sq. Feet,1 year ago,[],"House For Sale In Sitapaila,",House,1133.703125
"Land For Sale In Pepsicola, Kathmandu","Pepsicola Town Planning, Pepsicola, Kathmandu",Kathmandu,4000000,0,0,,0,East,,1.8K,0-6-0-0 Aana,20 Feet,20 Feet,,N/A Sq. Feet,1 year ago,[],"Land For Sale In Pepsicola,",Other,2053.5
"Land For Sale In Pepsicola, Kathmandu","Pepsicola Town Planning, Pepsicola, Kathmandu",Kathmandu,4000000,0,0,,0,South West,,1.5K,0-4-2-2 Aana,20 Feet,20 Feet,,N/A Sq. Feet,1 year ago,[],"Land For Sale In Pepsicola,",Other,1582.90625
"Sun City : Apartment For Sale In Pepsicola, Kathmandu","Pepsicola, Pepsicola, Kathmandu",Kathmandu,11000000,3,2,6.0,1,North West,2071.0,16.1K,1336 Sq. Feet,20 Feet,20 Feet,,N/A Sq. Feet,1 year ago,"['Backyard', 'Balcony', 'Frontyard', 'Garden', 'Modular Kitchen', 'Swimming Pool', 'Drainage', 'Water Supply']","Sun City : Apartment For Sale In Pepsicola,",Apartment,1336.0
"Land For Sale In Gothatar, Kathmandu","gothatar kadaghari, Gothatar, Kathmandu",Kathmandu,2500000,0,0,,0,North,,1.3K,0-4-2-2 Aana,8 Meter,8 Meter,,N/A Sq. Feet,1 year ago,[],"Land For Sale In Gothatar,",Other,1582.90625
"House For Sale In Maitidevi, Kathmandu","Maitidevi, Maitidevi, Kathmandu",Kathmandu,32500000,0,0,5.0,0,East,,8.6K,3 Aana,25 Feet,25 Feet,,N/A Sq. Feet,1 year ago,"['Garage', 'Backyard', 'Balcony', 'Garden', 'Microwave', 'Modular Kitchen', 'TV Cable', 'Wifi', 'Drainage', 'Water Supply']","House For Sale In Maitidevi,",House,1026.75
"House For Sale In Nakhipot, Lalitpur","Sumnima Marg, Nakhipot, Lalitpur",Lalitpur,140000000,5,4,4.0,7,East,,11.9K,2-4-0-0 Ropani,20 Feet,20 Feet,,N/A Sq. Feet,1 year ago,"['Garage', 'Lawn', 'Backyard', 'Deck', 'Fencing', 'Frontyard', 'Balcony', 'Garden', 'Wifi', 'Drainage', 'Modular Kitchen', 'TV Cable', 'Water Supply']","House For Sale In Nakhipot,",House,12321.0
"House For Sale In Budhanilkantha, Kathmandu","Buddha Colony, Budhanilkantha, Kathmandu",Kathmandu,105000000,4,5,3.0,7,South West,2074.0,14.9K,2-0-0-0 Ropani,20 Feet,20 Feet,,4080.12 Sq. Feet,1 year ago,"['Lawn', 'Garage', 'Backyard', 'Balcony', 'Deck', 'Fencing', 'Frontyard', 'Garden', 'Modular Kitchen', 'TV Cable', 'Wifi', 'Drainage', 'Water Supply']","House For Sale In Budhanilkantha,",House,10952.0
"House For Sale In Machhegaun, Kirtipur","Machhegaun, Machhegaun, Kirtipur",Kathmandu,59000000,5,2,2.0,7,South,,15K,3-5-0-0 Ropani,12 Feet,12 Feet,,N/A Sq. Feet,1 year ago,"['Lawn', 'Garage', 'Backyard', 'Balcony', 'Deck', 'Fencing', 'Frontyard', 'Garden', 'Modular Kitchen', 'TV Cable', 'Wifi', 'Drainage', 'Water Supply']",Satdobato,House,18139.25
"House For Sale In Kupondole, Lalitpur","Kupondole, Kupondole, Lalitpur",Lalitpur,6500000,4,3,3.0,5,North,,5.6K,30 Aana,30 Feet,30 Feet,,N/A Sq. Feet,1 year ago,"['Lawn', 'Garage', 'Backyard', 'Balcony', 'Deck', 'Fencing', 'Frontyard', 'Garden', 'Modular Kitchen', 'TV Cable', 'Wifi', 'Drainage', 'Water Supply']","House For Sale In Kupondole,",House,10267.5
"Land For Sale In Budhanilkantha, Kathmandu","Deuba Chowk, Budhanilkantha, Kathmandu",Kathmandu,2700000,0,0,,0,North,,7.8K,7-0-2 Aana,12 Feet,12 Feet,,N/A Sq. Feet,1 year ago,"['Drainage', 'Water Supply']","Land For Sale In Budhanilkantha,",Other,38503.125
"House For Sale In Sitapaila, Kathmandu","Nagarjun, Sitapaila, Kathmandu",Kathmandu,12000000,4,2,2.0,1,North East,,1.4K,2.5 Aana,13 Feet,13 Feet,,N/A Sq. Feet,1 year ago,"['Balcony', 'Frontyard', 'Drainage', 'Water Supply']","House For Sale In Sitapaila,",House,855.625
"House For Sale In Budhanilkantha, Kathmandu","Deuja Chowk, Budhanilkantha, Kathmandu",Kathmandu,27000000,5,3,2.0,1,East,2071.0,1.5K,8 Aana,12 Feet,12 Feet,,N/A Sq. Feet,1 year ago,"['Balcony', 'Frontyard', 'Drainage', 'Water Supply']","House For Sale In Budhanilkantha,",House,2738.0
"House For Rent In Baneshwor, Kathmandu","Bhimsengola, Baneshwor, Kathmandu",Kathmandu,300000,9,3,2.0,4,North,,2.5K,51 Aana,13 Feet,13 Feet,,N/A Sq. Feet,1 year ago,"['Drainage', 'Water Supply', 'Garden', 'Frontyard', 'Backyard', 'Lawn']","House For Rent In Baneshwor,",House,17454.75
"House For Sale In Baluwatar, Kathmandu","Gocha marg, Baluwatar, Kathmandu",Kathmandu,72500000,5,2,3.0,5,East,,19.6K,13 Aana,12 Feet,12 Feet,,13 Aana,1 year ago,"['Garage', 'Balcony', 'Frontyard', 'Drainage', 'Water Supply']","House For Sale In Baluwatar,",House,4449.25
